Entity,Code,Day,Baseline expected deaths,Reported deaths
Albania,ALB,2020-01-31,2434.2,2187
Albania,ALB,2020-02-29,1961.6,2018
Albania,ALB,2020-03-31,1967.2,1993
Albania,ALB,2020-04-30,1734,1804
Albania,ALB,2020-05-31,1685,1803
Albania,ALB,2020-06-30,1614,1779
Albania,ALB,2020-07-31,1751.2,2166
Albania,ALB,2020-08-31,1694.6,2476
Albania,ALB,2020-09-30,1518.2,1982
Albania,ALB,2020-10-31,1651,2403
Albania,ALB,2020-11-30,1750.6,3854
Albania,ALB,2020-12-31,2031,3140
Albania,ALB,2021-01-31,2429.6,3002
Albania,ALB,2021-02-28,1957,3773
Albania,ALB,2021-03-31,1962.6,3447
Albania,ALB,2021-04-30,1729.4,2419
Albania,ALB,2021-05-31,1680.4,1874
Albania,ALB,2021-06-30,1609.4,1822
Albania,ALB,2021-07-31,1746.6,1820
Albania,ALB,2021-08-31,1690,2080
Albania,ALB,2021-09-30,1513.6,2506
Albania,ALB,2021-10-31,1646.4,2559
Albania,ALB,2021-11-30,1746,2506
Albania,ALB,2021-12-31,2026.4,2772
Albania,ALB,2022-01-31,2425.1,3302
Albania,ALB,2022-02-28,1952.5,2774
Albania,ALB,2022-03-31,1958.1,2043
Albania,ALB,2022-04-30,1724.9,1711
Albania,ALB,2022-05-31,1675.9,1682
Albania,ALB,2022-06-30,1604.9,1673
Albania,ALB,2022-07-31,1742.1,1991
Albania,ALB,2022-08-31,1685.5,1907
Albania,ALB,2022-09-30,1509.1,1531
Albania,ALB,2022-10-31,1641.9,1672
Albania,ALB,2022-11-30,1741.5,1686
Albania,ALB,2022-12-31,2021.9,2026
Albania,ALB,2023-01-31,2420.5,2173
Albania,ALB,2023-02-28,1947.9,1899
Albania,ALB,2023-03-31,1953.5,1767
Albania,ALB,2023-04-30,1720.3,1668
Albania,ALB,2023-05-31,1671.3,1696
Albania,ALB,2023-06-30,1600.3,1586
Albania,ALB,2023-07-31,1737.5,2000
Albania,ALB,2023-08-31,1680.9,1719
Albania,ALB,2023-09-30,1504.5,1619
Albania,ALB,2023-10-31,1637.3,1660
Albania,ALB,2023-11-30,1736.9,1675
Albania,ALB,2023-12-31,2017.3,1824
Algeria,DZA,2020-01-31,17633.9,17733
Algeria,DZA,2020-02-29,15907.4,15909
Algeria,DZA,2020-03-31,15834.4,15951
Algeria,DZA,2020-04-30,14860.4,15223
Algeria,DZA,2020-05-31,14849.4,14596
Algeria,DZA,2020-06-30,14486.4,18704
Algeria,DZA,2020-07-31,15266.4,33940
Algeria,DZA,2020-08-31,15260.9,23991
Algeria,DZA,2020-09-30,14303.9,17393
Algeria,DZA,2020-10-31,15295.9,19279
Algeria,DZA,2020-11-30,15513.4,26916
Algeria,DZA,2020-12-31,16526.9,21434
Algeria,DZA,2021-01-31,17992.5,18263
Algeria,DZA,2021-02-28,16266,14860
Algeria,DZA,2021-03-31,16193,16320
Algeria,DZA,2021-04-30,15219,15774
Algeria,DZA,2021-05-31,15208,16564
Algeria,DZA,2021-06-30,14845,17883
Algeria,DZA,2021-07-31,15625,33658
Algeria,DZA,2021-08-31,15619.5,46177
Algeria,DZA,2021-09-30,14662.5,20701
Algeria,DZA,2021-10-31,15654.5,17637
Algeria,DZA,2021-11-30,15872,18333
Algeria,DZA,2021-12-31,16885.5,22321
Algeria,DZA,2022-01-31,18351,26226
Algeria,DZA,2022-02-28,16624.5,21528
Algeria,DZA,2022-03-31,16551.5,15696
Algeria,DZA,2022-04-30,15577.5,14177
Algeria,DZA,2022-05-31,15566.5,15181
Algeria,DZA,2022-06-30,15203.5,14366
Algeria,DZA,2022-07-31,15983.5,15868
Algeria,DZA,2022-08-31,15978,16363
Algeria,DZA,2022-09-30,15021,14476
Algeria,DZA,2022-10-31,16013,15195
Algeria,DZA,2022-11-30,16230.5,16492
Algeria,DZA,2022-12-31,17244,17578
Algeria,DZA,2023-01-31,18709.6,17886
Algeria,DZA,2023-02-28,16983.1,15298
Algeria,DZA,2023-03-31,16910.1,15630
Algeria,DZA,2023-04-30,15936.1,14933
Algeria,DZA,2023-05-31,15925.1,14791
Algeria,DZA,2023-06-30,15562.1,14077
Algeria,DZA,2023-07-31,16342.1,19710
Algeria,DZA,2023-08-31,16336.6,15812
Algeria,DZA,2023-09-30,15379.6,14633
Algeria,DZA,2023-10-31,16371.6,15391
Algeria,DZA,2023-11-30,16589.1,15731
Algeria,DZA,2023-12-31,17602.6,18294
Andorra,AND,2020-01-31,34.6,34
Andorra,AND,2020-02-29,28,37
Andorra,AND,2020-03-31,32.4,40
Andorra,AND,2020-04-30,24.4,60
Andorra,AND,2020-05-31,21.6,36
Andorra,AND,2020-06-30,25.8,26
Andorra,AND,2020-07-31,27.4,29
Andorra,AND,2020-08-31,25.2,19
Andorra,AND,2020-09-30,25.2,27
Andorra,AND,2020-10-31,27.4,51
Andorra,AND,2020-11-30,26.2,19
Andorra,AND,2020-12-31,31.2,41
Andorra,AND,2021-01-31,35.1,52
Andorra,AND,2021-02-28,28.5,36
Andorra,AND,2021-03-31,32.9,26
Andorra,AND,2021-04-30,24.9,43
Andorra,AND,2021-05-31,22.1,32
Andorra,AND,2021-06-30,26.3,19
Andorra,AND,2021-07-31,27.9,29
Andorra,AND,2021-08-31,25.7,28
Andorra,AND,2021-09-30,25.7,26
Andorra,AND,2021-10-31,27.9,27
Andorra,AND,2021-11-30,26.7,26
Andorra,AND,2021-12-31,31.7,42
Andorra,AND,2022-01-31,35.6,
Andorra,AND,2022-02-28,29,
Andorra,AND,2022-03-31,33.4,
Andorra,AND,2022-04-30,25.4,
Andorra,AND,2022-05-31,22.6,
Andorra,AND,2022-06-30,26.8,
Andorra,AND,2022-07-31,28.4,
Andorra,AND,2022-08-31,26.2,
Andorra,AND,2022-09-30,26.2,
Andorra,AND,2022-10-31,28.4,
Andorra,AND,2022-11-30,27.2,
Andorra,AND,2022-12-31,32.2,
Andorra,AND,2023-01-31,36.1,
Andorra,AND,2023-02-28,29.5,
Andorra,AND,2023-03-31,33.9,
Andorra,AND,2023-04-30,25.9,
Andorra,AND,2023-05-31,23.1,
Andorra,AND,2023-06-30,27.3,
Andorra,AND,2023-07-31,28.9,
Andorra,AND,2023-08-31,26.7,
Andorra,AND,2023-09-30,26.7,
Andorra,AND,2023-10-31,28.9,
Andorra,AND,2023-11-30,27.7,
Andorra,AND,2023-12-31,32.7,
Antigua and Barbuda,ATG,2020-01-31,46.9,50
Antigua and Barbuda,ATG,2020-02-29,55.5,47
Antigua and Barbuda,ATG,2020-03-31,59.9,60
Antigua and Barbuda,ATG,2020-04-30,49.3,49
Antigua and Barbuda,ATG,2020-05-31,51.1,52
Antigua and Barbuda,ATG,2020-06-30,51.1,42
Antigua and Barbuda,ATG,2020-07-31,47.1,46
Antigua and Barbuda,ATG,2020-08-31,59.1,44
Antigua and Barbuda,ATG,2020-09-30,52.5,45
Antigua and Barbuda,ATG,2020-10-31,56.5,50
Antigua and Barbuda,ATG,2020-11-30,52.7,49
Antigua and Barbuda,ATG,2020-12-31,50.1,40
Antigua and Barbuda,ATG,2021-01-31,48.6,56
Antigua and Barbuda,ATG,2021-02-28,57.2,68
Antigua and Barbuda,ATG,2021-03-31,61.6,55
Antigua and Barbuda,ATG,2021-04-30,51,50
Antigua and Barbuda,ATG,2021-05-31,52.8,46
Antigua and Barbuda,ATG,2021-06-30,52.8,39
Antigua and Barbuda,ATG,2021-07-31,48.8,55
Antigua and Barbuda,ATG,2021-08-31,60.8,47
Antigua and Barbuda,ATG,2021-09-30,54.2,104
Antigua and Barbuda,ATG,2021-10-31,58.2,26
Antigua and Barbuda,ATG,2021-11-30,54.4,64
Antigua and Barbuda,ATG,2021-12-31,51.8,39
Antigua and Barbuda,ATG,2022-01-31,50.3,
Antigua and Barbuda,ATG,2022-02-28,58.9,
Antigua and Barbuda,ATG,2022-03-31,63.3,
Antigua and Barbuda,ATG,2022-04-30,52.7,
Antigua and Barbuda,ATG,2022-05-31,54.5,
Antigua and Barbuda,ATG,2022-06-30,54.5,
Antigua and Barbuda,ATG,2022-07-31,50.5,
Antigua and Barbuda,ATG,2022-08-31,62.5,
Antigua and Barbuda,ATG,2022-09-30,55.9,
Antigua and Barbuda,ATG,2022-10-31,59.9,
Antigua and Barbuda,ATG,2022-11-30,56.1,
Antigua and Barbuda,ATG,2022-12-31,53.5,
Antigua and Barbuda,ATG,2023-01-31,51.9,
Antigua and Barbuda,ATG,2023-02-28,60.5,
Antigua and Barbuda,ATG,2023-03-31,64.9,
Antigua and Barbuda,ATG,2023-04-30,54.3,
Antigua and Barbuda,ATG,2023-05-31,56.1,
Antigua and Barbuda,ATG,2023-06-30,56.1,
Antigua and Barbuda,ATG,2023-07-31,52.1,
Antigua and Barbuda,ATG,2023-08-31,64.1,
Antigua and Barbuda,ATG,2023-09-30,57.5,
Antigua and Barbuda,ATG,2023-10-31,61.5,
Antigua and Barbuda,ATG,2023-11-30,57.7,
Antigua and Barbuda,ATG,2023-12-31,55.1,
Argentina,ARG,2020-01-31,26546.5,25870
Argentina,ARG,2020-02-29,23877.9,24405
Argentina,ARG,2020-03-31,26044.1,26072
Argentina,ARG,2020-04-30,25996.5,24941
Argentina,ARG,2020-05-31,29426.5,26927
Argentina,ARG,2020-06-30,33231.9,28365
Argentina,ARG,2020-07-31,34508.1,35340
Argentina,ARG,2020-08-31,31925.5,37222
Argentina,ARG,2020-09-30,29315.5,40543
Argentina,ARG,2020-10-31,28196.1,40941
Argentina,ARG,2020-11-30,25610.9,34895
Argentina,ARG,2020-12-31,26806.3,32073
Argentina,ARG,2021-01-31,26549.2,34758
Argentina,ARG,2021-02-28,23880.6,29502
Argentina,ARG,2021-03-31,26046.8,32075
Argentina,ARG,2021-04-30,25999.2,40088
Argentina,ARG,2021-05-31,29429.2,51642
Argentina,ARG,2021-06-30,33234.6,51254
Argentina,ARG,2021-07-31,34510.8,44049
Argentina,ARG,2021-08-31,31928.2,37169
Argentina,ARG,2021-09-30,29318.2,29466
Argentina,ARG,2021-10-31,28198.8,29051
Argentina,ARG,2021-11-30,25613.6,27263
Argentina,ARG,2021-12-31,26809,29835
Argentina,ARG,2022-01-31,26551.9,48452
Argentina,ARG,2022-02-28,23883.3,34011
Argentina,ARG,2022-03-31,26049.5,30818
Argentina,ARG,2022-04-30,26001.9,30033
Argentina,ARG,2022-05-31,29431.9,31995
Argentina,ARG,2022-06-30,33237.3,35461
Argentina,ARG,2022-07-31,34513.5,35978
Argentina,ARG,2022-08-31,31930.9,32741
Argentina,ARG,2022-09-30,29320.9,29831
Argentina,ARG,2022-10-31,28201.5,29860
Argentina,ARG,2022-11-30,25616.3,27919
Argentina,ARG,2022-12-31,26811.7,30873
Argentina,ARG,2023-01-31,26554.7,29839
Argentina,ARG,2023-02-28,23886.1,24814
Argentina,ARG,2023-03-31,26052.3,28194
Argentina,ARG,2023-04-30,26004.7,28311
Argentina,ARG,2023-05-31,29434.7,30004
Argentina,ARG,2023-06-30,33240.1,32843
Argentina,ARG,2023-07-31,34516.3,33572
Argentina,ARG,2023-08-31,31933.7,31271
Argentina,ARG,2023-09-30,29323.7,29711
Argentina,ARG,2023-10-31,28204.3,28486
Argentina,ARG,2023-11-30,25619.1,26839
Argentina,ARG,2023-12-31,26814.5,29544
Armenia,ARM,2020-01-31,2585.9,2567
Armenia,ARM,2020-02-29,2238.5,2434
Armenia,ARM,2020-03-31,2307.9,2288
Armenia,ARM,2020-04-30,2078.7,2156
Armenia,ARM,2020-05-31,2112.7,2103
Armenia,ARM,2020-06-30,1936.5,2869
Armenia,ARM,2020-07-31,2009.9,2719
Armenia,ARM,2020-08-31,1941.5,2106
Armenia,ARM,2020-09-30,1669.9,2042
Armenia,ARM,2020-10-31,1973.5,3632
Armenia,ARM,2020-11-30,2175.1,6060
Armenia,ARM,2020-12-31,2316.9,4395
Armenia,ARM,2021-01-31,2538.7,3013
Armenia,ARM,2021-02-28,2191.3,2418
Armenia,ARM,2021-03-31,2260.7,2836
Armenia,ARM,2021-04-30,2031.5,3361
Armenia,ARM,2021-05-31,2065.5,2633
Armenia,ARM,2021-06-30,1889.3,2290
Armenia,ARM,2021-07-31,1962.7,2247
Armenia,ARM,2021-08-31,1894.3,2241
Armenia,ARM,2021-09-30,1622.7,2559
Armenia,ARM,2021-10-31,1926.3,3462
Armenia,ARM,2021-11-30,2127.9,4577
Armenia,ARM,2021-12-31,2269.7,3001
Armenia,ARM,2022-01-31,2491.4,2676
Armenia,ARM,2022-02-28,2144,3239
Armenia,ARM,2022-03-31,2213.4,2679
Armenia,ARM,2022-04-30,1984.2,1993
Armenia,ARM,2022-05-31,2018.2,2100
Armenia,ARM,2022-06-30,1842,1879
Armenia,ARM,2022-07-31,1915.4,1869
Armenia,ARM,2022-08-31,1847,2006
Armenia,ARM,2022-09-30,1575.4,2045
Armenia,ARM,2022-10-31,1879,1982
Armenia,ARM,2022-11-30,2080.6,2055
Armenia,ARM,2022-12-31,2222.4,2169
Armenia,ARM,2023-01-31,2444.2,2495
Armenia,ARM,2023-02-28,2096.8,2056
Armenia,ARM,2023-03-31,2166.2,2220
Armenia,ARM,2023-04-30,1937,1951
Armenia,ARM,2023-05-31,1971,1985
Armenia,ARM,2023-06-30,1794.8,1773
Armenia,ARM,2023-07-31,1868.2,1793
Armenia,ARM,2023-08-31,1799.8,2136
Armenia,ARM,2023-09-30,1528.2,1706
Armenia,ARM,2023-10-31,1831.8,2045
Armenia,ARM,2023-11-30,2033.4,2032
Armenia,ARM,2023-12-31,2175.2,2121
Aruba,ABW,2020-01-31,57.7,69
Aruba,ABW,2020-02-29,57.5,56
Aruba,ABW,2020-03-31,57.9,74
Aruba,ABW,2020-04-30,59.3,60
Aruba,ABW,2020-05-31,62.1,47
Aruba,ABW,2020-06-30,51.9,60
Aruba,ABW,2020-07-31,54.5,47
Aruba,ABW,2020-08-31,55.3,63
Aruba,ABW,2020-09-30,51.3,82
Aruba,ABW,2020-10-31,55.3,71
Aruba,ABW,2020-11-30,58.7,57
Aruba,ABW,2020-12-31,60.7,57
Aruba,ABW,2021-01-31,56.9,68
Aruba,ABW,2021-02-28,56.7,87
Aruba,ABW,2021-03-31,57.1,80
Aruba,ABW,2021-04-30,58.5,95
Aruba,ABW,2021-05-31,61.3,69
Aruba,ABW,2021-06-30,51.1,45
Aruba,ABW,2021-07-31,53.7,70
Aruba,ABW,2021-08-31,54.5,120
Aruba,ABW,2021-09-30,50.5,92
Aruba,ABW,2021-10-31,54.5,93
Aruba,ABW,2021-11-30,57.9,78
Aruba,ABW,2021-12-31,59.9,67
Aruba,ABW,2022-01-31,56.2,
Aruba,ABW,2022-02-28,56,
Aruba,ABW,2022-03-31,56.4,
Aruba,ABW,2022-04-30,57.8,
Aruba,ABW,2022-05-31,60.6,
Aruba,ABW,2022-06-30,50.4,
Aruba,ABW,2022-07-31,53,
Aruba,ABW,2022-08-31,53.8,
Aruba,ABW,2022-09-30,49.8,
Aruba,ABW,2022-10-31,53.8,
Aruba,ABW,2022-11-30,57.2,
Aruba,ABW,2022-12-31,59.2,
Aruba,ABW,2023-01-31,55.4,
Aruba,ABW,2023-02-28,55.2,
Aruba,ABW,2023-03-31,55.6,
Aruba,ABW,2023-04-30,57,
Aruba,ABW,2023-05-31,59.8,
Aruba,ABW,2023-06-30,49.6,
Aruba,ABW,2023-07-31,52.2,
Aruba,ABW,2023-08-31,53,
Aruba,ABW,2023-09-30,49,
Aruba,ABW,2023-10-31,53,
Aruba,ABW,2023-11-30,56.4,
Aruba,ABW,2023-12-31,58.4,
Australia,AUS,2020-01-05,2969.5,2930
Australia,AUS,2020-01-12,2962.7,2903
Australia,AUS,2020-01-19,2932.7,2915
Australia,AUS,2020-01-26,2923.1,3010
Australia,AUS,2020-02-02,2893.1,2911
Australia,AUS,2020-02-09,2929.9,2918
Australia,AUS,2020-02-16,2914.1,3032
Australia,AUS,2020-02-23,2972.9,3059
Australia,AUS,2020-03-01,2948.3,3091
Australia,AUS,2020-03-08,2986.7,2999
Australia,AUS,2020-03-15,2924.3,2977
Australia,AUS,2020-03-22,2959.9,3097
Australia,AUS,2020-03-29,2976.7,3144
Australia,AUS,2020-04-05,2994.1,3219
Australia,AUS,2020-04-12,3039.5,3140
Australia,AUS,2020-04-19,3043.3,3085
Australia,AUS,2020-04-26,3034.1,3047
Australia,AUS,2020-05-03,3067.9,3031
Australia,AUS,2020-05-10,3187.9,3162
Australia,AUS,2020-05-17,3186.5,3154
Australia,AUS,2020-05-24,3262.3,3217
Australia,AUS,2020-05-31,3279.3,3178
Australia,AUS,2020-06-07,3349.3,3114
Australia,AUS,2020-06-14,3297.3,3130
Australia,AUS,2020-06-21,3326.7,3066
Australia,AUS,2020-06-28,3380.1,3058
Australia,AUS,2020-07-05,3457.7,3221
Australia,AUS,2020-07-12,3439.9,3202
Australia,AUS,2020-07-19,3526.3,3206
Australia,AUS,2020-07-26,3546.7,3335
Australia,AUS,2020-08-02,3502.7,3355
Australia,AUS,2020-08-09,3524.1,3400
Australia,AUS,2020-08-16,3572.7,3479
Australia,AUS,2020-08-23,3594.7,3312
Australia,AUS,2020-08-30,3603.7,3288
Australia,AUS,2020-09-06,3537.7,3295
Australia,AUS,2020-09-13,3453.1,3239
Australia,AUS,2020-09-20,3402.3,3103
Australia,AUS,2020-09-27,3281.1,3146
Australia,AUS,2020-10-04,3283.1,3190
Australia,AUS,2020-10-11,3236.5,3045
Australia,AUS,2020-10-18,3181.5,3007
Australia,AUS,2020-10-25,3117.1,2968
Australia,AUS,2020-11-01,3108.3,3038
Australia,AUS,2020-11-08,3059.3,3034
Australia,AUS,2020-11-15,3011.7,3138
Australia,AUS,2020-11-22,3041.9,3045
Australia,AUS,2020-11-29,3006.1,2960
Australia,AUS,2020-12-06,2970.5,3113
Australia,AUS,2020-12-13,3039.5,3008
Australia,AUS,2020-12-20,2996.9,3049
Australia,AUS,2020-12-27,2938.5,3069
Australia,AUS,2021-01-03,2938.5,2995
Australia,AUS,2021-01-10,2998.9,3033
Australia,AUS,2021-01-17,2992.1,2953
Australia,AUS,2021-01-24,2962.1,3150
Australia,AUS,2021-01-31,2952.5,2946
Australia,AUS,2021-02-07,2922.5,3073
Australia,AUS,2021-02-14,2959.3,2967
Australia,AUS,2021-02-21,2943.5,2939
Australia,AUS,2021-02-28,3002.3,3052
Australia,AUS,2021-03-07,2977.7,3072
Australia,AUS,2021-03-14,3016.1,3121
Australia,AUS,2021-03-21,2953.7,3090
Australia,AUS,2021-03-28,2989.3,3043
Australia,AUS,2021-04-04,3006.1,3093
Australia,AUS,2021-04-11,3023.5,2960
Australia,AUS,2021-04-18,3068.9,3260
Australia,AUS,2021-04-25,3072.7,3248
Australia,AUS,2021-05-02,3063.5,3277
Australia,AUS,2021-05-09,3097.3,3371
Australia,AUS,2021-05-16,3217.3,3372
Australia,AUS,2021-05-23,3215.9,3364
Australia,AUS,2021-05-30,3291.7,3518
Australia,AUS,2021-06-06,3308.7,3384
Australia,AUS,2021-06-13,3378.7,3568
Australia,AUS,2021-06-20,3326.7,3495
Australia,AUS,2021-06-27,3356.1,3459
Australia,AUS,2021-07-04,3409.5,3469
Australia,AUS,2021-07-11,3487.1,3547
Australia,AUS,2021-07-18,3469.3,3602
Australia,AUS,2021-07-25,3555.7,3627
Australia,AUS,2021-08-01,3576.1,3671
Australia,AUS,2021-08-08,3532.1,3479
Australia,AUS,2021-08-15,3553.5,3445
Australia,AUS,2021-08-22,3602.1,3510
Australia,AUS,2021-08-29,3624.1,3424
Australia,AUS,2021-09-05,3633.1,3498
Australia,AUS,2021-09-12,3567.1,3421
Australia,AUS,2021-09-19,3482.5,3496
Australia,AUS,2021-09-26,3431.7,3370
Australia,AUS,2021-10-03,3310.5,3535
Australia,AUS,2021-10-10,3312.5,3411
Australia,AUS,2021-10-17,3265.9,3362
Australia,AUS,2021-10-24,3210.9,3363
Australia,AUS,2021-10-31,3146.5,3342
Australia,AUS,2021-11-07,3137.7,3314
Australia,AUS,2021-11-14,3088.7,3192
Australia,AUS,2021-11-21,3041.1,3342
Australia,AUS,2021-11-28,3071.3,3266
Australia,AUS,2021-12-05,3035.5,3265
Australia,AUS,2021-12-12,2999.9,3198
Australia,AUS,2021-12-19,3068.9,3279
Australia,AUS,2021-12-26,3026.3,3392
Australia,AUS,2022-01-02,2967.9,3235
Australia,AUS,2022-01-09,3028.3,3336
Australia,AUS,2022-01-16,3021.5,3742
Australia,AUS,2022-01-23,2991.5,3895
Australia,AUS,2022-01-30,2981.9,3790
Australia,AUS,2022-02-06,2951.9,3751
Australia,AUS,2022-02-13,2988.7,3572
Australia,AUS,2022-02-20,2972.9,3423
Australia,AUS,2022-02-27,3031.7,3415
Australia,AUS,2022-03-06,3007.1,3387
Australia,AUS,2022-03-13,3045.5,3217
Australia,AUS,2022-03-20,2983.1,3357
Australia,AUS,2022-03-27,3018.7,3359
Australia,AUS,2022-04-03,3035.5,3421
Australia,AUS,2022-04-10,3052.9,3456
Australia,AUS,2022-04-17,3098.3,3383
Australia,AUS,2022-04-24,3102.1,3488
Australia,AUS,2022-05-01,3092.9,3503
Australia,AUS,2022-05-08,3126.7,3684
Australia,AUS,2022-05-15,3246.7,3801
Australia,AUS,2022-05-22,3245.3,3664
Australia,AUS,2022-05-29,3321.1,3786
Australia,AUS,2022-06-05,3338.1,3929
Australia,AUS,2022-06-12,3408.1,4050
Australia,AUS,2022-06-19,3356.1,4146
Australia,AUS,2022-06-26,3385.5,4012
Australia,AUS,2022-07-03,3438.9,3920
Australia,AUS,2022-07-10,3516.5,4128
Australia,AUS,2022-07-17,3498.7,4132
Australia,AUS,2022-07-24,3585.1,4160
Australia,AUS,2022-07-31,3605.5,4171
Australia,AUS,2022-08-07,3561.5,4221
Australia,AUS,2022-08-14,3582.9,4134
Australia,AUS,2022-08-21,3631.5,3949
Australia,AUS,2022-08-28,3653.5,3897
Australia,AUS,2022-09-04,3662.5,3744
Australia,AUS,2022-09-11,3596.5,3790
Australia,AUS,2022-09-18,3511.9,3709
Australia,AUS,2022-09-25,3461.1,3690
Australia,AUS,2022-10-02,3339.9,3426
Australia,AUS,2022-10-09,3341.9,3514
Australia,AUS,2022-10-16,3295.3,3478
Australia,AUS,2022-10-23,3240.3,3553
Australia,AUS,2022-10-30,3175.9,3329
Australia,AUS,2022-11-06,3167.1,3398
Australia,AUS,2022-11-13,3118.1,3513
Australia,AUS,2022-11-20,3070.5,3466
Australia,AUS,2022-11-27,3100.7,3513
Australia,AUS,2022-12-04,3064.9,3452
Australia,AUS,2022-12-11,3029.3,3611
Australia,AUS,2022-12-18,3098.3,3572
Australia,AUS,2022-12-25,3055.7,3610
Australia,AUS,2023-01-01,2997.3,3456
Australia,AUS,2023-01-08,3057.7,3497
Australia,AUS,2023-01-15,3050.9,3286
Australia,AUS,2023-01-22,3020.9,3331
Australia,AUS,2023-01-29,3011.3,3227
Australia,AUS,2023-02-05,2981.3,3372
Australia,AUS,2023-02-12,3018.1,3213
Australia,AUS,2023-02-19,3002.3,3302
Australia,AUS,2023-02-26,3061.1,3245
Australia,AUS,2023-03-05,3036.5,3304
Australia,AUS,2023-03-12,3074.9,3382
Australia,AUS,2023-03-19,3012.5,3416
Australia,AUS,2023-03-26,3048.1,3326
Australia,AUS,2023-04-02,3064.9,3304
Australia,AUS,2023-04-09,3082.3,3283
Australia,AUS,2023-04-16,3127.7,3481
Australia,AUS,2023-04-23,3131.5,3540
Australia,AUS,2023-04-30,3122.3,3506
Australia,AUS,2023-05-07,3156.1,3534
Australia,AUS,2023-05-14,3276.1,3782
Australia,AUS,2023-05-21,3274.7,3810
Australia,AUS,2023-05-28,3350.5,3837
Australia,AUS,2023-06-04,3367.5,3940
Australia,AUS,2023-06-11,3437.5,3723
Australia,AUS,2023-06-18,3385.5,3634
Australia,AUS,2023-06-25,3414.9,3861
Australia,AUS,2023-07-02,3468.3,3762
Australia,AUS,2023-07-09,3545.9,3835
Australia,AUS,2023-07-16,3528.1,3724
Australia,AUS,2023-07-23,3614.5,3745
Australia,AUS,2023-07-30,3634.9,3755
Australia,AUS,2023-08-06,3590.9,3655
Australia,AUS,2023-08-13,3612.3,3647
Australia,AUS,2023-08-20,3660.9,3702
Australia,AUS,2023-08-27,3682.9,3548
Australia,AUS,2023-09-03,3691.9,3524
Australia,AUS,2023-09-10,3625.9,3476
Australia,AUS,2023-09-17,3541.3,3563
Australia,AUS,2023-09-24,3490.5,3382
Australia,AUS,2023-10-01,3369.3,3467
Australia,AUS,2023-10-08,3371.3,3367
Australia,AUS,2023-10-15,3324.7,3546
Australia,AUS,2023-10-22,3269.7,3335
Australia,AUS,2023-10-29,3205.3,3339
Australia,AUS,2023-11-05,3196.5,3463
Australia,AUS,2023-11-12,3147.5,3534
Australia,AUS,2023-11-19,3099.9,3542
Australia,AUS,2023-11-26,3130.1,3410
Australia,AUS,2023-12-03,3094.3,3470
Australia,AUS,2023-12-10,3058.7,3440
Australia,AUS,2023-12-17,3127.7,3395
Australia,AUS,2023-12-24,3085.1,3439
Australia,AUS,2023-12-31,3026.7,3368
Austria,AUT,2020-01-05,1828.2,1607
Austria,AUT,2020-01-12,1876.2,1691
Austria,AUT,2020-01-19,1805.6,1791
Austria,AUT,2020-01-26,1766.2,1773
Austria,AUT,2020-02-02,1837.8,1941
Austria,AUT,2020-02-09,1856,1675
Austria,AUT,2020-02-16,1832,1714
Austria,AUT,2020-02-23,1841.2,1718
Austria,AUT,2020-03-01,1834.8,1761
Austria,AUT,2020-03-08,1772.8,1734
Austria,AUT,2020-03-15,1730.6,1714
Austria,AUT,2020-03-22,1617.2,1828
Austria,AUT,2020-03-29,1665,1756
Austria,AUT,2020-04-05,1604.6,1821
Austria,AUT,2020-04-12,1565.4,1794
Austria,AUT,2020-04-19,1542.6,1691
Austria,AUT,2020-04-26,1489.4,1580
Austria,AUT,2020-05-03,1483.8,1472
Austria,AUT,2020-05-10,1458.6,1516
Austria,AUT,2020-05-17,1482.2,1480
Austria,AUT,2020-05-24,1440.8,1477
Austria,AUT,2020-05-31,1433.6,1410
Austria,AUT,2020-06-07,1431.6,1483
Austria,AUT,2020-06-14,1462.6,1457
Austria,AUT,2020-06-21,1426.8,1406
Austria,AUT,2020-06-28,1419,1433
Austria,AUT,2020-07-05,1454.4,1554
Austria,AUT,2020-07-12,1396.6,1378
Austria,AUT,2020-07-19,1489,1439
Austria,AUT,2020-07-26,1508,1445
Austria,AUT,2020-08-02,1524,1522
Austria,AUT,2020-08-09,1445.4,1427
Austria,AUT,2020-08-16,1479.8,1603
Austria,AUT,2020-08-23,1453,1467
Austria,AUT,2020-08-30,1446,1488
Austria,AUT,2020-09-06,1396.4,1518
Austria,AUT,2020-09-13,1444,1562
Austria,AUT,2020-09-20,1442.2,1560
Austria,AUT,2020-09-27,1490.8,1531
Austria,AUT,2020-10-04,1529.6,1573
Austria,AUT,2020-10-11,1538.2,1620
Austria,AUT,2020-10-18,1524.4,1612
Austria,AUT,2020-10-25,1528.2,1772
Austria,AUT,2020-11-01,1532.2,1886
Austria,AUT,2020-11-08,1528.6,2004
Austria,AUT,2020-11-15,1571.6,2283
Austria,AUT,2020-11-22,1557.2,2401
Austria,AUT,2020-11-29,1565.4,2428
Austria,AUT,2020-12-06,1622.2,2544
Austria,AUT,2020-12-13,1626,2478
Austria,AUT,2020-12-20,1672.8,2255
Austria,AUT,2020-12-27,1754.4,2123
Austria,AUT,2021-01-03,1754.4,2000
Austria,AUT,2021-01-10,1834.6,1953
Austria,AUT,2021-01-17,1882.6,1954
Austria,AUT,2021-01-24,1812,2003
Austria,AUT,2021-01-31,1772.6,1940
Austria,AUT,2021-02-07,1844.2,1860
Austria,AUT,2021-02-14,1862.4,1743
Austria,AUT,2021-02-21,1838.4,1715
Austria,AUT,2021-02-28,1847.6,1661
Austria,AUT,2021-03-07,1841.2,1579
Austria,AUT,2021-03-14,1779.2,1747
Austria,AUT,2021-03-21,1737,1691
Austria,AUT,2021-03-28,1623.6,1649
Austria,AUT,2021-04-04,1671.4,1769
Austria,AUT,2021-04-11,1611,1662
Austria,AUT,2021-04-18,1571.8,1694
Austria,AUT,2021-04-25,1549,1689
Austria,AUT,2021-05-02,1495.8,1691
Austria,AUT,2021-05-09,1490.2,1657
Austria,AUT,2021-05-16,1465,1601
Austria,AUT,2021-05-23,1488.6,1520
Austria,AUT,2021-05-30,1447.2,1486
Austria,AUT,2021-06-06,1440,1602
Austria,AUT,2021-06-13,1438,1557
Austria,AUT,2021-06-20,1469,1598
Austria,AUT,2021-06-27,1433.2,1652
Austria,AUT,2021-07-04,1425.4,1504
Austria,AUT,2021-07-11,1460.8,1469
Austria,AUT,2021-07-18,1403,1454
Austria,AUT,2021-07-25,1495.4,1574
Austria,AUT,2021-08-01,1514.4,1530
Austria,AUT,2021-08-08,1530.4,1455
Austria,AUT,2021-08-15,1451.8,1621
Austria,AUT,2021-08-22,1486.2,1621
Austria,AUT,2021-08-29,1459.4,1567
Austria,AUT,2021-09-05,1452.4,1542
Austria,AUT,2021-09-12,1402.8,1627
Austria,AUT,2021-09-19,1450.4,1580
Austria,AUT,2021-09-26,1448.6,1577
Austria,AUT,2021-10-03,1497.2,1675
Austria,AUT,2021-10-10,1536,1600
Austria,AUT,2021-10-17,1544.6,1632
Austria,AUT,2021-10-24,1530.8,1721
Austria,AUT,2021-10-31,1534.6,1887
Austria,AUT,2021-11-07,1538.6,1943
Austria,AUT,2021-11-14,1535,2052
Austria,AUT,2021-11-21,1578,2111
Austria,AUT,2021-11-28,1563.6,2152
Austria,AUT,2021-12-05,1571.8,2201
Austria,AUT,2021-12-12,1628.6,2120
Austria,AUT,2021-12-19,1632.4,1930
Austria,AUT,2021-12-26,1679.2,1856
Austria,AUT,2022-01-02,1760.8,1864
Austria,AUT,2022-01-09,1841,1756
Austria,AUT,2022-01-16,1889,1679
Austria,AUT,2022-01-23,1818.4,1816
Austria,AUT,2022-01-30,1779,1766
Austria,AUT,2022-02-06,1850.6,1792
Austria,AUT,2022-02-13,1868.8,1858
Austria,AUT,2022-02-20,1844.8,1916
Austria,AUT,2022-02-27,1854,1847
Austria,AUT,2022-03-06,1847.6,1957
Austria,AUT,2022-03-13,1785.6,1848
Austria,AUT,2022-03-20,1743.4,1918
Austria,AUT,2022-03-27,1630,2000
Austria,AUT,2022-04-03,1677.8,1953
Austria,AUT,2022-04-10,1617.4,1964
Austria,AUT,2022-04-17,1578.2,1813
Austria,AUT,2022-04-24,1555.4,1655
Austria,AUT,2022-05-01,1502.2,1687
Austria,AUT,2022-05-08,1496.6,1650
Austria,AUT,2022-05-15,1471.4,1574
Austria,AUT,2022-05-22,1495,1601
Austria,AUT,2022-05-29,1453.6,1531
Austria,AUT,2022-06-05,1446.4,1578
Austria,AUT,2022-06-12,1444.4,1589
Austria,AUT,2022-06-19,1475.4,1629
Austria,AUT,2022-06-26,1439.6,1652
Austria,AUT,2022-07-03,1431.8,1655
Austria,AUT,2022-07-10,1467.2,1597
Austria,AUT,2022-07-17,1409.4,1561
Austria,AUT,2022-07-24,1501.8,1847
Austria,AUT,2022-07-31,1520.8,1732
Austria,AUT,2022-08-07,1536.8,1661
Austria,AUT,2022-08-14,1458.2,1560
Austria,AUT,2022-08-21,1492.6,1685
Austria,AUT,2022-08-28,1465.8,1550
Austria,AUT,2022-09-04,1458.8,1454
Austria,AUT,2022-09-11,1409.2,1544
Austria,AUT,2022-09-18,1456.8,1589
Austria,AUT,2022-09-25,1455,1652
Austria,AUT,2022-10-02,1503.6,1727
Austria,AUT,2022-10-09,1542.4,1870
Austria,AUT,2022-10-16,1551,1764
Austria,AUT,2022-10-23,1537.2,1766
Austria,AUT,2022-10-30,1541,1829
Austria,AUT,2022-11-06,1545,1718
Austria,AUT,2022-11-13,1541.4,1733
Austria,AUT,2022-11-20,1584.4,1780
Austria,AUT,2022-11-27,1570,1744
Austria,AUT,2022-12-04,1578.2,1872
Austria,AUT,2022-12-11,1635,1901
Austria,AUT,2022-12-18,1638.8,2175
Austria,AUT,2022-12-25,1685.6,2284
Austria,AUT,2023-01-01,1767.2,2298
Austria,AUT,2023-01-08,1847.4,2355
Austria,AUT,2023-01-15,1895.4,2115
Austria,AUT,2023-01-22,1824.8,1838
Austria,AUT,2023-01-29,1785.4,1772
Austria,AUT,2023-02-05,1857,1766
Austria,AUT,2023-02-12,1875.2,1673
Austria,AUT,2023-02-19,1851.2,1765
Austria,AUT,2023-02-26,1860.4,1858
Austria,AUT,2023-03-05,1854,1846
Austria,AUT,2023-03-12,1792,1843
Austria,AUT,2023-03-19,1749.8,1808
Austria,AUT,2023-03-26,1636.4,1750
Austria,AUT,2023-04-02,1684.2,1690
Austria,AUT,2023-04-09,1623.8,1686
Austria,AUT,2023-04-16,1584.6,1670
Austria,AUT,2023-04-23,1561.8,1726
Austria,AUT,2023-04-30,1508.6,1638
Austria,AUT,2023-05-07,1503,1586
Austria,AUT,2023-05-14,1477.8,1612
Austria,AUT,2023-05-21,1501.4,1524
Austria,AUT,2023-05-28,1460,1534
Austria,AUT,2023-06-04,1452.8,1521
Austria,AUT,2023-06-11,1450.8,1476
Austria,AUT,2023-06-18,1481.8,1526
Austria,AUT,2023-06-25,1446,1571
Austria,AUT,2023-07-02,1438.2,1400
Austria,AUT,2023-07-09,1473.6,1512
Austria,AUT,2023-07-16,1415.8,1536
Austria,AUT,2023-07-23,1508.2,1532
Austria,AUT,2023-07-30,1527.2,1446
Austria,AUT,2023-08-06,1543.2,1423
Austria,AUT,2023-08-13,1464.6,1538
Austria,AUT,2023-08-20,1499,1542
Austria,AUT,2023-08-27,1472.2,1603
Austria,AUT,2023-09-03,1465.2,1407
Austria,AUT,2023-09-10,1415.6,1521
Austria,AUT,2023-09-17,1463.2,1580
Austria,AUT,2023-09-24,1461.4,1497
Austria,AUT,2023-10-01,1510,1493
Austria,AUT,2023-10-08,1548.8,1563
Austria,AUT,2023-10-15,1557.4,1622
Austria,AUT,2023-10-22,1543.6,1649
Austria,AUT,2023-10-29,1547.4,1753
Austria,AUT,2023-11-05,1551.4,1722
Austria,AUT,2023-11-12,1547.8,1749
Austria,AUT,2023-11-19,1590.8,1806
Austria,AUT,2023-11-26,1576.4,1814
Austria,AUT,2023-12-03,1584.6,1969
Austria,AUT,2023-12-10,1641.4,1869
Austria,AUT,2023-12-17,1645.2,1963
Austria,AUT,2023-12-24,1692,2064
Austria,AUT,2023-12-31,1773.6,1946
Azerbaijan,AZE,2020-01-31,5451.4,5177
Azerbaijan,AZE,2020-02-29,4981.4,5039
Azerbaijan,AZE,2020-03-31,4706.8,5792
Azerbaijan,AZE,2020-04-30,5298.4,4511
Azerbaijan,AZE,2020-05-31,4813.2,4294
Azerbaijan,AZE,2020-06-30,4261.2,6203
Azerbaijan,AZE,2020-07-31,5004.8,6410
Azerbaijan,AZE,2020-08-31,4669.8,5049
Azerbaijan,AZE,2020-09-30,4172.6,4520
Azerbaijan,AZE,2020-10-31,4614.8,5774
Azerbaijan,AZE,2020-11-30,4726.2,8378
Azerbaijan,AZE,2020-12-31,4959,14500
Azerbaijan,AZE,2021-01-31,5485.5,7972
Azerbaijan,AZE,2021-02-28,5015.5,5366
Azerbaijan,AZE,2021-03-31,4740.9,5676
Azerbaijan,AZE,2021-04-30,5332.5,7400
Azerbaijan,AZE,2021-05-31,4847.3,5435
Azerbaijan,AZE,2021-06-30,4295.3,5198
Azerbaijan,AZE,2021-07-31,5038.9,5087
Azerbaijan,AZE,2021-08-31,4703.9,6499
Azerbaijan,AZE,2021-09-30,4206.7,7540
Azerbaijan,AZE,2021-10-31,4648.9,5978
Azerbaijan,AZE,2021-11-30,4760.3,7610
Azerbaijan,AZE,2021-12-31,4993.1,7117
Azerbaijan,AZE,2022-01-31,5519.7,6009
Azerbaijan,AZE,2022-02-28,5049.7,6548
Azerbaijan,AZE,2022-03-31,4775.1,6166
Azerbaijan,AZE,2022-04-30,5366.7,5025
Azerbaijan,AZE,2022-05-31,4881.5,4350
Azerbaijan,AZE,2022-06-30,4329.5,4491
Azerbaijan,AZE,2022-07-31,5073.1,4594
Azerbaijan,AZE,2022-08-31,4738.1,4575
Azerbaijan,AZE,2022-09-30,4240.9,4614
Azerbaijan,AZE,2022-10-31,4683.1,4085
Azerbaijan,AZE,2022-11-30,4794.5,5224
Azerbaijan,AZE,2022-12-31,5027.3,5129
Azerbaijan,AZE,2023-01-31,5553.8,5810
Azerbaijan,AZE,2023-02-28,5083.8,5381
Azerbaijan,AZE,2023-03-31,4809.2,5481
Azerbaijan,AZE,2023-04-30,5400.8,4533
Azerbaijan,AZE,2023-05-31,4915.6,4945
Azerbaijan,AZE,2023-06-30,4363.6,4015
Azerbaijan,AZE,2023-07-31,5107.2,4977
Azerbaijan,AZE,2023-08-31,4772.2,5330
Azerbaijan,AZE,2023-09-30,4275,4544
Azerbaijan,AZE,2023-10-31,4717.2,5024
Azerbaijan,AZE,2023-11-30,4828.6,4754
Azerbaijan,AZE,2023-12-31,5061.4,5356
Bahamas,BHS,2020-01-31,245,249
Bahamas,BHS,2020-02-29,237.8,214
Bahamas,BHS,2020-03-31,235,222
Bahamas,BHS,2020-04-30,213.4,218
Bahamas,BHS,2020-05-31,224,197
Bahamas,BHS,2020-06-30,218.4,200
Bahamas,BHS,2020-07-31,235.8,263
Bahamas,BHS,2020-08-31,236.4,327
Bahamas,BHS,2020-09-30,228,312
Bahamas,BHS,2020-10-31,218.6,318
Bahamas,BHS,2020-11-30,222,259
Bahamas,BHS,2020-12-31,230,237
Bahamas,BHS,2021-01-31,253.6,234
Bahamas,BHS,2021-02-28,246.4,219
Bahamas,BHS,2021-03-31,243.6,239
Bahamas,BHS,2021-04-30,222,235
Bahamas,BHS,2021-05-31,232.6,234
Bahamas,BHS,2021-06-30,227,233
Bahamas,BHS,2021-07-31,244.4,335
Bahamas,BHS,2021-08-31,245,525
Bahamas,BHS,2021-09-30,236.6,488
Bahamas,BHS,2021-10-31,227.2,397
Bahamas,BHS,2021-11-30,230.6,240
Bahamas,BHS,2021-12-31,238.6,270
Bahamas,BHS,2022-01-31,262.2,
Bahamas,BHS,2022-02-28,255,
Bahamas,BHS,2022-03-31,252.2,
Bahamas,BHS,2022-04-30,230.6,
Bahamas,BHS,2022-05-31,241.2,
Bahamas,BHS,2022-06-30,235.6,
Bahamas,BHS,2022-07-31,253,
Bahamas,BHS,2022-08-31,253.6,
Bahamas,BHS,2022-09-30,245.2,
Bahamas,BHS,2022-10-31,235.8,
Bahamas,BHS,2022-11-30,239.2,
Bahamas,BHS,2022-12-31,247.2,
Bahamas,BHS,2023-01-31,270.8,
Bahamas,BHS,2023-02-28,263.6,
Bahamas,BHS,2023-03-31,260.8,
Bahamas,BHS,2023-04-30,239.2,
Bahamas,BHS,2023-05-31,249.8,
Bahamas,BHS,2023-06-30,244.2,
Bahamas,BHS,2023-07-31,261.6,
Bahamas,BHS,2023-08-31,262.2,
Bahamas,BHS,2023-09-30,253.8,
Bahamas,BHS,2023-10-31,244.4,
Bahamas,BHS,2023-11-30,247.8,
Bahamas,BHS,2023-12-31,255.8,
Barbados,BRB,2020-01-31,284.4,255
Barbados,BRB,2020-02-29,230.4,224
Barbados,BRB,2020-03-31,224.6,244
Barbados,BRB,2020-04-30,222.2,183
Barbados,BRB,2020-05-31,255.6,245
Barbados,BRB,2020-06-30,217.6,238
Barbados,BRB,2020-07-31,228.6,229
Barbados,BRB,2020-08-31,213,233
Barbados,BRB,2020-09-30,239,187
Barbados,BRB,2020-10-31,249,225
Barbados,BRB,2020-11-30,235,209
Barbados,BRB,2020-12-31,223.2,241
Barbados,BRB,2021-01-31,289.4,173
Barbados,BRB,2021-02-28,235.4,220
Barbados,BRB,2021-03-31,229.6,322
Barbados,BRB,2021-04-30,227.2,189
Barbados,BRB,2021-05-31,260.6,221
Barbados,BRB,2021-06-30,222.6,246
Barbados,BRB,2021-07-31,233.6,143
Barbados,BRB,2021-08-31,218,248
Barbados,BRB,2021-09-30,244,236
Barbados,BRB,2021-10-31,254,279
Barbados,BRB,2021-11-30,240,298
Barbados,BRB,2021-12-31,228.2,320
Barbados,BRB,2022-01-31,294.4,297
Barbados,BRB,2022-02-28,240.4,285
Barbados,BRB,2022-03-31,234.6,422
Barbados,BRB,2022-04-30,232.2,293
Barbados,BRB,2022-05-31,265.6,275
Barbados,BRB,2022-06-30,227.6,287
Barbados,BRB,2022-07-31,238.6,178
Barbados,BRB,2022-08-31,223,295
Barbados,BRB,2022-09-30,249,255
Barbados,BRB,2022-10-31,259,277
Barbados,BRB,2022-11-30,245,238
Barbados,BRB,2022-12-31,233.2,252
Barbados,BRB,2023-01-31,299.3,310
Barbados,BRB,2023-02-28,245.3,288
Barbados,BRB,2023-03-31,239.5,279
Barbados,BRB,2023-04-30,237.1,206
Barbados,BRB,2023-05-31,270.5,333
Barbados,BRB,2023-06-30,232.5,307
Barbados,BRB,2023-07-31,243.5,231
Barbados,BRB,2023-08-31,227.9,306
Barbados,BRB,2023-09-30,253.9,272
Barbados,BRB,2023-10-31,263.9,
Barbados,BRB,2023-11-30,249.9,
Barbados,BRB,2023-12-31,238.1,
Belarus,BLR,2020-01-31,11507.1,10725
Belarus,BLR,2020-02-29,9953.9,9622
Belarus,BLR,2020-03-31,10841.1,10690
Belarus,BLR,2020-04-30,10298.9,10886
Belarus,BLR,2020-05-31,10341.7,11966
Belarus,BLR,2020-06-30,9387.5,13016
Belarus,BLR,2020-07-31,9562.3,11108
Belarus,BLR,2020-08-31,9306.5,10270
Belarus,BLR,2020-09-30,9187.7,11466
Belarus,BLR,2020-10-31,10455.3,12600
Belarus,BLR,2020-11-30,9597.9,15521
Belarus,BLR,2020-12-31,10227.1,18437
Belarus,BLR,2021-01-31,11527.6,15788
Belarus,BLR,2021-02-28,9974.4,13169
Belarus,BLR,2021-03-31,10861.6,14174
Belarus,BLR,2021-04-30,10319.4,12758
Belarus,BLR,2021-05-31,10362.2,12610
Belarus,BLR,2021-06-30,9408,13311
Belarus,BLR,2021-07-31,9582.8,12206
Belarus,BLR,2021-08-31,9327,11652
Belarus,BLR,2021-09-30,9208.2,14859
Belarus,BLR,2021-10-31,10475.8,22162
Belarus,BLR,2021-11-30,9618.4,20063
Belarus,BLR,2021-12-31,10247.6,15073
Belarus,BLR,2022-01-31,11548,14344
Belarus,BLR,2022-02-28,9994.8,14792
Belarus,BLR,2022-03-31,10882,14002
Belarus,BLR,2022-04-30,10339.8,9912
Belarus,BLR,2022-05-31,10382.6,10063
Belarus,BLR,2022-06-30,9428.4,9456
Belarus,BLR,2022-07-31,9603.2,8547
Belarus,BLR,2022-08-31,9347.4,9337
Belarus,BLR,2022-09-30,9228.6,9579
Belarus,BLR,2022-10-31,10496.2,9762
Belarus,BLR,2022-11-30,9638.8,9678
Belarus,BLR,2022-12-31,10268,10592
Belarus,BLR,2023-01-31,11568.5,11240
Belarus,BLR,2023-02-28,10015.3,8832
Belarus,BLR,2023-03-31,10902.5,10178
Belarus,BLR,2023-04-30,10360.3,8988
Belarus,BLR,2023-05-31,10403.1,10569
Belarus,BLR,2023-06-30,9448.9,9659
Belarus,BLR,2023-07-31,9623.7,9276
Belarus,BLR,2023-08-31,9367.9,9646
Belarus,BLR,2023-09-30,9249.1,8788
Belarus,BLR,2023-10-31,10516.7,10254
Belarus,BLR,2023-11-30,9659.3,11345
Belarus,BLR,2023-12-31,10288.5,11048
Belgium,BEL,2020-01-05,2385.3,2234
Belgium,BEL,2020-01-12,2426.5,2388
Belgium,BEL,2020-01-19,2417.7,2314
Belgium,BEL,2020-01-26,2417.3,2204
Belgium,BEL,2020-02-02,2504.9,2356
Belgium,BEL,2020-02-09,2483.3,2169
Belgium,BEL,2020-02-16,2518.5,2307
Belgium,BEL,2020-02-23,2482.7,2301
Belgium,BEL,2020-03-01,2539.7,2249
Belgium,BEL,2020-03-08,2447.7,2212
Belgium,BEL,2020-03-15,2339.5,2234
Belgium,BEL,2020-03-22,2317.1,2554
Belgium,BEL,2020-03-29,2221.7,3198
Belgium,BEL,2020-04-05,2114.5,4021
Belgium,BEL,2020-04-12,2090.1,4292
Belgium,BEL,2020-04-19,2046.3,3703
Belgium,BEL,2020-04-26,2027.1,3039
Belgium,BEL,2020-05-03,2007.1,2429
Belgium,BEL,2020-05-10,2025.1,2390
Belgium,BEL,2020-05-17,1976.1,2042
Belgium,BEL,2020-05-24,1965.1,2082
Belgium,BEL,2020-05-31,1926.3,1983
Belgium,BEL,2020-06-07,1872.9,1799
Belgium,BEL,2020-06-14,1855.5,1899
Belgium,BEL,2020-06-21,1917.5,1822
Belgium,BEL,2020-06-28,1891.9,1968
Belgium,BEL,2020-07-05,2018.1,1768
Belgium,BEL,2020-07-12,1856.7,1682
Belgium,BEL,2020-07-19,1899.7,1859
Belgium,BEL,2020-07-26,1990.7,1810
Belgium,BEL,2020-08-02,1880.3,1947
Belgium,BEL,2020-08-09,1870.3,2046
Belgium,BEL,2020-08-16,1850.1,2882
Belgium,BEL,2020-08-23,1896.7,2215
Belgium,BEL,2020-08-30,1902.9,1879
Belgium,BEL,2020-09-06,1842.9,1891
Belgium,BEL,2020-09-13,1859.3,1825
Belgium,BEL,2020-09-20,1877.7,2004
Belgium,BEL,2020-09-27,1902.5,1916
Belgium,BEL,2020-10-04,1963.9,1920
Belgium,BEL,2020-10-11,2014.9,2060
Belgium,BEL,2020-10-18,1999.9,2157
Belgium,BEL,2020-10-25,1986.7,2629
Belgium,BEL,2020-11-01,1978.3,3282
Belgium,BEL,2020-11-08,2001.5,3689
Belgium,BEL,2020-11-15,2038.9,3432
Belgium,BEL,2020-11-22,2099.7,3179
Belgium,BEL,2020-11-29,2099.1,2893
Belgium,BEL,2020-12-06,2159.5,2704
Belgium,BEL,2020-12-13,2215.9,2780
Belgium,BEL,2020-12-20,2250.5,2736
Belgium,BEL,2020-12-27,2235.3,2617
Belgium,BEL,2021-01-03,2235.3,2441
Belgium,BEL,2021-01-10,2383.5,2466
Belgium,BEL,2021-01-17,2424.7,2396
Belgium,BEL,2021-01-24,2415.9,2437
Belgium,BEL,2021-01-31,2415.5,2430
Belgium,BEL,2021-02-07,2503.1,2275
Belgium,BEL,2021-02-14,2481.5,2224
Belgium,BEL,2021-02-21,2516.7,2316
Belgium,BEL,2021-02-28,2480.9,2137
Belgium,BEL,2021-03-07,2537.9,2015
Belgium,BEL,2021-03-14,2445.9,2155
Belgium,BEL,2021-03-21,2337.7,2101
Belgium,BEL,2021-03-28,2315.3,2115
Belgium,BEL,2021-04-04,2219.9,2217
Belgium,BEL,2021-04-11,2112.7,2205
Belgium,BEL,2021-04-18,2088.3,2165
Belgium,BEL,2021-04-25,2044.5,2211
Belgium,BEL,2021-05-02,2025.3,2201
Belgium,BEL,2021-05-09,2005.3,2251
Belgium,BEL,2021-05-16,2023.3,2076
Belgium,BEL,2021-05-23,1974.3,2027
Belgium,BEL,2021-05-30,1963.3,1995
Belgium,BEL,2021-06-06,1924.5,1992
Belgium,BEL,2021-06-13,1871.1,1878
Belgium,BEL,2021-06-20,1853.7,1964
Belgium,BEL,2021-06-27,1915.7,1780
Belgium,BEL,2021-07-04,1890.1,1928
Belgium,BEL,2021-07-11,2016.3,1829
Belgium,BEL,2021-07-18,1854.9,1906
Belgium,BEL,2021-07-25,1897.9,1999
Belgium,BEL,2021-08-01,1988.9,1890
Belgium,BEL,2021-08-08,1878.5,1877
Belgium,BEL,2021-08-15,1868.5,1890
Belgium,BEL,2021-08-22,1848.3,1840
Belgium,BEL,2021-08-29,1894.9,1861
Belgium,BEL,2021-09-05,1901.1,1954
Belgium,BEL,2021-09-12,1841.1,2012
Belgium,BEL,2021-09-19,1857.5,1895
Belgium,BEL,2021-09-26,1875.9,1885
Belgium,BEL,2021-10-03,1900.7,1939
Belgium,BEL,2021-10-10,1962.1,2054
Belgium,BEL,2021-10-17,2013.1,2221
Belgium,BEL,2021-10-24,1998.1,2335
Belgium,BEL,2021-10-31,1984.9,2327
Belgium,BEL,2021-11-07,1976.5,2276
Belgium,BEL,2021-11-14,1999.7,2382
Belgium,BEL,2021-11-21,2037.1,2397
Belgium,BEL,2021-11-28,2097.9,2485
Belgium,BEL,2021-12-05,2097.3,2728
Belgium,BEL,2021-12-12,2157.7,2604
Belgium,BEL,2021-12-19,2214.1,2534
Belgium,BEL,2021-12-26,2248.7,2431
Belgium,BEL,2022-01-02,2233.5,2448
Belgium,BEL,2022-01-09,2381.8,2359
Belgium,BEL,2022-01-16,2423,2220
Belgium,BEL,2022-01-23,2414.2,2356
Belgium,BEL,2022-01-30,2413.8,2528
Belgium,BEL,2022-02-06,2501.4,2629
Belgium,BEL,2022-02-13,2479.8,2554
Belgium,BEL,2022-02-20,2515,2445
Belgium,BEL,2022-02-27,2479.2,2293
Belgium,BEL,2022-03-06,2536.2,2163
Belgium,BEL,2022-03-13,2444.2,2412
Belgium,BEL,2022-03-20,2336,2387
Belgium,BEL,2022-03-27,2313.6,2397
Belgium,BEL,2022-04-03,2218.2,2505
Belgium,BEL,2022-04-10,2111,2540
Belgium,BEL,2022-04-17,2086.6,2439
Belgium,BEL,2022-04-24,2042.8,2337
Belgium,BEL,2022-05-01,2023.6,2202
Belgium,BEL,2022-05-08,2003.6,2241
Belgium,BEL,2022-05-15,2021.6,2055
Belgium,BEL,2022-05-22,1972.6,2090
Belgium,BEL,2022-05-29,1961.6,1917
Belgium,BEL,2022-06-05,1922.8,2040
Belgium,BEL,2022-06-12,1869.4,1932
Belgium,BEL,2022-06-19,1852,2107
Belgium,BEL,2022-06-26,1914,2024
Belgium,BEL,2022-07-03,1888.4,1955
Belgium,BEL,2022-07-10,2014.6,2028
Belgium,BEL,2022-07-17,1853.2,2051
Belgium,BEL,2022-07-24,1896.2,2143
Belgium,BEL,2022-07-31,1987.2,2012
Belgium,BEL,2022-08-07,1876.8,2060
Belgium,BEL,2022-08-14,1866.8,2142
Belgium,BEL,2022-08-21,1846.6,2102
Belgium,BEL,2022-08-28,1893.2,2070
Belgium,BEL,2022-09-04,1899.4,1983
Belgium,BEL,2022-09-11,1839.4,1996
Belgium,BEL,2022-09-18,1855.8,1902
Belgium,BEL,2022-09-25,1874.2,2040
Belgium,BEL,2022-10-02,1899,2086
Belgium,BEL,2022-10-09,1960.4,2217
Belgium,BEL,2022-10-16,2011.4,2215
Belgium,BEL,2022-10-23,1996.4,2198
Belgium,BEL,2022-10-30,1983.2,2166
Belgium,BEL,2022-11-06,1974.8,2002
Belgium,BEL,2022-11-13,1998,2051
Belgium,BEL,2022-11-20,2035.4,2070
Belgium,BEL,2022-11-27,2096.2,2209
Belgium,BEL,2022-12-04,2095.6,2241
Belgium,BEL,2022-12-11,2156,2497
Belgium,BEL,2022-12-18,2212.4,2632
Belgium,BEL,2022-12-25,2247,3039
Belgium,BEL,2023-01-01,2231.8,2859
Belgium,BEL,2023-01-08,2380.1,2801
Belgium,BEL,2023-01-15,2421.3,2666
Belgium,BEL,2023-01-22,2412.5,2346
Belgium,BEL,2023-01-29,2412.1,2327
Belgium,BEL,2023-02-05,2499.7,2381
Belgium,BEL,2023-02-12,2478.1,2332
Belgium,BEL,2023-02-19,2513.3,2415
Belgium,BEL,2023-02-26,2477.5,2298
Belgium,BEL,2023-03-05,2534.5,2327
Belgium,BEL,2023-03-12,2442.5,2404
Belgium,BEL,2023-03-19,2334.3,2307
Belgium,BEL,2023-03-26,2311.9,2255
Belgium,BEL,2023-04-02,2216.5,2241
Belgium,BEL,2023-04-09,2109.3,2106
Belgium,BEL,2023-04-16,2084.9,2082
Belgium,BEL,2023-04-23,2041.1,2042
Belgium,BEL,2023-04-30,2021.9,1967
Belgium,BEL,2023-05-07,2001.9,1974
Belgium,BEL,2023-05-14,2019.9,2074
Belgium,BEL,2023-05-21,1970.9,2040
Belgium,BEL,2023-05-28,1959.9,1926
Belgium,BEL,2023-06-04,1921.1,1937
Belgium,BEL,2023-06-11,1867.7,2117
Belgium,BEL,2023-06-18,1850.3,2137
Belgium,BEL,2023-06-25,1912.3,1923
Belgium,BEL,2023-07-02,1886.7,1918
Belgium,BEL,2023-07-09,2012.9,1938
Belgium,BEL,2023-07-16,1851.5,1970
Belgium,BEL,2023-07-23,1894.5,1758
Belgium,BEL,2023-07-30,1985.5,1856
Belgium,BEL,2023-08-06,1875.1,1779
Belgium,BEL,2023-08-13,1865.1,1915
Belgium,BEL,2023-08-20,1844.9,1953
Belgium,BEL,2023-08-27,1891.5,1954
Belgium,BEL,2023-09-03,1897.7,1829
Belgium,BEL,2023-09-10,1837.7,2020
Belgium,BEL,2023-09-17,1854.1,2086
Belgium,BEL,2023-09-24,1872.5,1874
Belgium,BEL,2023-10-01,1897.3,1975
Belgium,BEL,2023-10-08,1958.7,1980
Belgium,BEL,2023-10-15,2009.7,1990
Belgium,BEL,2023-10-22,1994.7,2130
Belgium,BEL,2023-10-29,1981.5,2183
Belgium,BEL,2023-11-05,1973.1,2061
Belgium,BEL,2023-11-12,1996.3,2066
Belgium,BEL,2023-11-19,2033.7,2225
Belgium,BEL,2023-11-26,2094.5,2222
Belgium,BEL,2023-12-03,2093.9,2281
Belgium,BEL,2023-12-10,2154.3,2419
Belgium,BEL,2023-12-17,2210.7,2462
Belgium,BEL,2023-12-24,2245.3,2457
Belgium,BEL,2023-12-31,2230.1,2439
Belize,BLZ,2020-01-31,176.8,178
Belize,BLZ,2020-02-29,161.4,166
Belize,BLZ,2020-03-31,185.2,166
Belize,BLZ,2020-04-30,169.8,145
Belize,BLZ,2020-05-31,165.4,157
Belize,BLZ,2020-06-30,162.6,168
Belize,BLZ,2020-07-31,162.4,156
Belize,BLZ,2020-08-31,162.4,156
Belize,BLZ,2020-09-30,166.8,149
Belize,BLZ,2020-10-31,167.8,189
Belize,BLZ,2020-11-30,167.8,253
Belize,BLZ,2020-12-31,182,275
Belize,BLZ,2021-01-31,180.6,198
Belize,BLZ,2021-02-28,165.2,184
Belize,BLZ,2021-03-31,189,171
Belize,BLZ,2021-04-30,173.6,143
Belize,BLZ,2021-05-31,169.2,170
Belize,BLZ,2021-06-30,166.4,178
Belize,BLZ,2021-07-31,166.2,165
Belize,BLZ,2021-08-31,166.2,242
Belize,BLZ,2021-09-30,170.6,255
Belize,BLZ,2021-10-31,171.6,287
Belize,BLZ,2021-11-30,171.6,314
Belize,BLZ,2021-12-31,185.8,182
Belize,BLZ,2022-01-31,184.3,230
Belize,BLZ,2022-02-28,168.9,225
Belize,BLZ,2022-03-31,192.7,174
Belize,BLZ,2022-04-30,177.3,196
Belize,BLZ,2022-05-31,172.9,178
Belize,BLZ,2022-06-30,170.1,174
Belize,BLZ,2022-07-31,169.9,197
Belize,BLZ,2022-08-31,169.9,192
Belize,BLZ,2022-09-30,174.3,171
Belize,BLZ,2022-10-31,175.3,184
Belize,BLZ,2022-11-30,175.3,193
Belize,BLZ,2022-12-31,189.5,195
Belize,BLZ,2023-01-31,188.1,
Belize,BLZ,2023-02-28,172.7,
Belize,BLZ,2023-03-31,196.5,
Belize,BLZ,2023-04-30,181.1,
Belize,BLZ,2023-05-31,176.7,
Belize,BLZ,2023-06-30,173.9,
Belize,BLZ,2023-07-31,173.7,
Belize,BLZ,2023-08-31,173.7,
Belize,BLZ,2023-09-30,178.1,
Belize,BLZ,2023-10-31,179.1,
Belize,BLZ,2023-11-30,179.1,
Belize,BLZ,2023-12-31,193.3,
Bermuda,BMU,2020-01-31,53.9,39
Bermuda,BMU,2020-02-29,46.5,50
Bermuda,BMU,2020-03-31,47.3,58
Bermuda,BMU,2020-04-30,45.1,64
Bermuda,BMU,2020-05-31,45.9,48
Bermuda,BMU,2020-06-30,48.5,39
Bermuda,BMU,2020-07-31,45.3,40
Bermuda,BMU,2020-08-31,44.9,42
Bermuda,BMU,2020-09-30,40.1,63
Bermuda,BMU,2020-10-31,44.7,33
Bermuda,BMU,2020-11-30,42.9,45
Bermuda,BMU,2020-12-31,45.5,45
Bermuda,BMU,2021-01-31,55.2,67
Bermuda,BMU,2021-02-28,47.8,52
Bermuda,BMU,2021-03-31,48.6,66
Bermuda,BMU,2021-04-30,46.4,62
Bermuda,BMU,2021-05-31,47.2,55
Bermuda,BMU,2021-06-30,49.8,44
Bermuda,BMU,2021-07-31,46.6,45
Bermuda,BMU,2021-08-31,46.2,50
Bermuda,BMU,2021-09-30,41.4,98
Bermuda,BMU,2021-10-31,46,77
Bermuda,BMU,2021-11-30,44.2,57
Bermuda,BMU,2021-12-31,46.8,54
Bermuda,BMU,2022-01-31,56.5,56
Bermuda,BMU,2022-02-28,49.1,52
Bermuda,BMU,2022-03-31,49.9,58
Bermuda,BMU,2022-04-30,47.7,54
Bermuda,BMU,2022-05-31,48.5,47
Bermuda,BMU,2022-06-30,51.1,36
Bermuda,BMU,2022-07-31,47.9,47
Bermuda,BMU,2022-08-31,47.5,43
Bermuda,BMU,2022-09-30,42.7,46
Bermuda,BMU,2022-10-31,47.3,45
Bermuda,BMU,2022-11-30,45.5,46
Bermuda,BMU,2022-12-31,48.1,55
Bermuda,BMU,2023-01-31,57.7,66
Bermuda,BMU,2023-02-28,50.3,46
Bermuda,BMU,2023-03-31,51.1,59
Bermuda,BMU,2023-04-30,48.9,53
Bermuda,BMU,2023-05-31,49.7,43
Bermuda,BMU,2023-06-30,52.3,45
Bermuda,BMU,2023-07-31,49.1,50
Bermuda,BMU,2023-08-31,48.7,54
Bermuda,BMU,2023-09-30,43.9,31
Bermuda,BMU,2023-10-31,48.5,60
Bermuda,BMU,2023-11-30,46.7,56
Bermuda,BMU,2023-12-31,49.3,59
Bhutan,BTN,2020-01-31,323.1,322
Bhutan,BTN,2020-02-29,251.1,289
Bhutan,BTN,2020-03-31,303.1,273
Bhutan,BTN,2020-04-30,233.1,240
Bhutan,BTN,2020-05-31,255.1,223
Bhutan,BTN,2020-06-30,281.1,214
Bhutan,BTN,2020-07-31,247.1,224
Bhutan,BTN,2020-08-31,257.1,249
Bhutan,BTN,2020-09-30,255.1,274
Bhutan,BTN,2020-10-31,249.1,262
Bhutan,BTN,2020-11-30,232.1,284
Bhutan,BTN,2020-12-31,334.1,255
Bhutan,BTN,2021-01-31,323.3,296
Bhutan,BTN,2021-02-28,251.3,269
Bhutan,BTN,2021-03-31,303.3,277
Bhutan,BTN,2021-04-30,233.3,262
Bhutan,BTN,2021-05-31,255.3,252
Bhutan,BTN,2021-06-30,281.3,266
Bhutan,BTN,2021-07-31,247.3,241
Bhutan,BTN,2021-08-31,257.3,256
Bhutan,BTN,2021-09-30,255.3,226
Bhutan,BTN,2021-10-31,249.3,246
Bhutan,BTN,2021-11-30,232.3,289
Bhutan,BTN,2021-12-31,334.3,312
Bhutan,BTN,2022-01-31,323.4,344
Bhutan,BTN,2022-02-28,251.4,310
Bhutan,BTN,2022-03-31,303.4,318
Bhutan,BTN,2022-04-30,233.4,333
Bhutan,BTN,2022-05-31,255.4,296
Bhutan,BTN,2022-06-30,281.4,254
Bhutan,BTN,2022-07-31,247.4,270
Bhutan,BTN,2022-08-31,257.4,280
Bhutan,BTN,2022-09-30,255.4,251
Bhutan,BTN,2022-10-31,249.4,304
Bhutan,BTN,2022-11-30,232.4,341
Bhutan,BTN,2022-12-31,334.4,304
Bhutan,BTN,2023-01-31,323.5,355
Bhutan,BTN,2023-02-28,251.5,303
Bhutan,BTN,2023-03-31,303.5,256
Bhutan,BTN,2023-04-30,233.5,267
Bhutan,BTN,2023-05-31,255.5,299
Bhutan,BTN,2023-06-30,281.5,296
Bhutan,BTN,2023-07-31,247.5,321
Bhutan,BTN,2023-08-31,257.5,291
Bhutan,BTN,2023-09-30,255.5,257
Bhutan,BTN,2023-10-31,249.5,331
Bhutan,BTN,2023-11-30,232.5,285
Bhutan,BTN,2023-12-31,334.5,318
Bolivia,BOL,2020-01-31,4554.6,5016
Bolivia,BOL,2020-02-29,4126.6,4641
Bolivia,BOL,2020-03-31,4471.2,5014
Bolivia,BOL,2020-04-30,4278.8,3608
Bolivia,BOL,2020-05-31,4557.4,5065
Bolivia,BOL,2020-06-30,4681.2,9528
Bolivia,BOL,2020-07-31,4705.6,17007
Bolivia,BOL,2020-08-31,4572.8,8809
Bolivia,BOL,2020-09-30,4353.6,5572
Bolivia,BOL,2020-10-31,4443.8,5288
Bolivia,BOL,2020-11-30,4252.2,4936
Bolivia,BOL,2020-12-31,4541.8,5128
Bolivia,BOL,2021-01-31,4604.1,10243
Bolivia,BOL,2021-02-28,4176.1,7579
Bolivia,BOL,2021-03-31,4520.7,6186
Bolivia,BOL,2021-04-30,4328.3,5817
Bolivia,BOL,2021-05-31,4606.9,9296
Bolivia,BOL,2021-06-30,4730.7,10881
Bolivia,BOL,2021-07-31,4755.1,7834
Bolivia,BOL,2021-08-31,4622.3,6249
Bolivia,BOL,2021-09-30,4403.1,5202
Bolivia,BOL,2021-10-31,4493.3,5179
Bolivia,BOL,2021-11-30,4301.7,5340
Bolivia,BOL,2021-12-31,4591.3,6739
Bolivia,BOL,2022-01-31,4653.7,10039
Bolivia,BOL,2022-02-28,4225.7,
Bolivia,BOL,2022-03-31,4570.3,
Bolivia,BOL,2022-04-30,4377.9,
Bolivia,BOL,2022-05-31,4656.5,
Bolivia,BOL,2022-06-30,4780.3,
Bolivia,BOL,2022-07-31,4804.7,
Bolivia,BOL,2022-08-31,4671.9,
Bolivia,BOL,2022-09-30,4452.7,
Bolivia,BOL,2022-10-31,4542.9,
Bolivia,BOL,2022-11-30,4351.3,
Bolivia,BOL,2022-12-31,4640.9,
Bolivia,BOL,2023-01-31,4703.2,
Bolivia,BOL,2023-02-28,4275.2,
Bolivia,BOL,2023-03-31,4619.8,
Bolivia,BOL,2023-04-30,4427.4,
Bolivia,BOL,2023-05-31,4706,
Bolivia,BOL,2023-06-30,4829.8,
Bolivia,BOL,2023-07-31,4854.2,
Bolivia,BOL,2023-08-31,4721.4,
Bolivia,BOL,2023-09-30,4502.2,
Bolivia,BOL,2023-10-31,4592.4,
Bolivia,BOL,2023-11-30,4400.8,
Bolivia,BOL,2023-12-31,4690.4,
Bosnia and Herzegovina,BIH,2020-01-31,3398.8,2800
Bosnia and Herzegovina,BIH,2020-02-29,3315.2,3203
Bosnia and Herzegovina,BIH,2020-03-31,3366.2,2970
Bosnia and Herzegovina,BIH,2020-04-30,3011,3207
Bosnia and Herzegovina,BIH,2020-05-31,2998.8,2938
Bosnia and Herzegovina,BIH,2020-06-30,2764.6,2953
Bosnia and Herzegovina,BIH,2020-07-31,2809,3066
Bosnia and Herzegovina,BIH,2020-08-31,2853.8,3329
Bosnia and Herzegovina,BIH,2020-09-30,2669.6,3459
Bosnia and Herzegovina,BIH,2020-10-31,3014.8,3506
Bosnia and Herzegovina,BIH,2020-11-30,2936,5410
Bosnia and Herzegovina,BIH,2020-12-31,3069.4,5962
Bosnia and Herzegovina,BIH,2021-01-31,3379.5,3452
Bosnia and Herzegovina,BIH,2021-02-28,3295.9,3454
Bosnia and Herzegovina,BIH,2021-03-31,3346.9,4787
Bosnia and Herzegovina,BIH,2021-04-30,2991.7,6051
Bosnia and Herzegovina,BIH,2021-05-31,2979.5,4223
Bosnia and Herzegovina,BIH,2021-06-30,2745.3,3276
Bosnia and Herzegovina,BIH,2021-07-31,2789.7,3067
Bosnia and Herzegovina,BIH,2021-08-31,2834.5,3019
Bosnia and Herzegovina,BIH,2021-09-30,2650.3,3779
Bosnia and Herzegovina,BIH,2021-10-31,2995.5,4125
Bosnia and Herzegovina,BIH,2021-11-30,2916.7,4615
Bosnia and Herzegovina,BIH,2021-12-31,3050.1,4655
Bosnia and Herzegovina,BIH,2022-01-31,3360.3,3985
Bosnia and Herzegovina,BIH,2022-02-28,3276.7,5060
Bosnia and Herzegovina,BIH,2022-03-31,3327.7,3931
Bosnia and Herzegovina,BIH,2022-04-30,2972.5,2970
Bosnia and Herzegovina,BIH,2022-05-31,2960.3,3000
Bosnia and Herzegovina,BIH,2022-06-30,2726.1,2705
Bosnia and Herzegovina,BIH,2022-07-31,2770.5,2779
Bosnia and Herzegovina,BIH,2022-08-31,2815.3,3182
Bosnia and Herzegovina,BIH,2022-09-30,2631.1,3075
Bosnia and Herzegovina,BIH,2022-10-31,2976.3,2864
Bosnia and Herzegovina,BIH,2022-11-30,2897.5,2887
Bosnia and Herzegovina,BIH,2022-12-31,3030.9,3227
Bosnia and Herzegovina,BIH,2023-01-31,3341.1,3071
Bosnia and Herzegovina,BIH,2023-02-28,3257.5,2974
Bosnia and Herzegovina,BIH,2023-03-31,3308.5,3270
Bosnia and Herzegovina,BIH,2023-04-30,2953.3,2771
Bosnia and Herzegovina,BIH,2023-05-31,2941.1,2929
Bosnia and Herzegovina,BIH,2023-06-30,2706.9,2598
Bosnia and Herzegovina,BIH,2023-07-31,2751.3,2701
Bosnia and Herzegovina,BIH,2023-08-31,2796.1,2781
Bosnia and Herzegovina,BIH,2023-09-30,2611.9,2712
Bosnia and Herzegovina,BIH,2023-10-31,2957.1,2785
Bosnia and Herzegovina,BIH,2023-11-30,2878.3,2966
Bosnia and Herzegovina,BIH,2023-12-31,3011.7,2876
Brazil,BRA,2020-01-31,111655.7,110932
Brazil,BRA,2020-02-29,101103.5,104255
Brazil,BRA,2020-03-31,112833.5,117888
Brazil,BRA,2020-04-30,112959.5,123596
Brazil,BRA,2020-05-31,120041.9,154511
Brazil,BRA,2020-06-30,119786.5,140663
Brazil,BRA,2020-07-31,124114.1,145262
Brazil,BRA,2020-08-31,117867.9,141329
Brazil,BRA,2020-09-30,111368.9,127115
Brazil,BRA,2020-10-31,112673.3,128797
Brazil,BRA,2020-11-30,106825.1,122598
Brazil,BRA,2020-12-31,112855.3,139878
Brazil,BRA,2021-01-31,113140.7,151728
Brazil,BRA,2021-02-28,102588.5,137029
Brazil,BRA,2021-03-31,114318.5,209406
Brazil,BRA,2021-04-30,114444.5,196654
Brazil,BRA,2021-05-31,121526.9,182945
Brazil,BRA,2021-06-30,121271.5,172187
Brazil,BRA,2021-07-31,125599.1,158549
Brazil,BRA,2021-08-31,119352.9,143594
Brazil,BRA,2021-09-30,112853.9,125984
Brazil,BRA,2021-10-31,114158.3,125180
Brazil,BRA,2021-11-30,108310.1,119930
Brazil,BRA,2021-12-31,114340.3,132436
Brazil,BRA,2022-01-31,114625.7,166126
Brazil,BRA,2022-02-28,104073.5,133972
Brazil,BRA,2022-03-31,115803.5,121423
Brazil,BRA,2022-04-30,115929.5,116992
Brazil,BRA,2022-05-31,123011.9,131226
Brazil,BRA,2022-06-30,122756.5,135693
Brazil,BRA,2022-07-31,127084.1,137561
Brazil,BRA,2022-08-31,120837.9,126129
Brazil,BRA,2022-09-30,114338.9,118621
Brazil,BRA,2022-10-31,115643.3,120206
Brazil,BRA,2022-11-30,109795.1,115041
Brazil,BRA,2022-12-31,115825.3,121276
Brazil,BRA,2023-01-31,116110.6,119742
Brazil,BRA,2023-02-28,105558.4,107506
Brazil,BRA,2023-03-31,117288.4,122717
Brazil,BRA,2023-04-30,117414.4,123434
Brazil,BRA,2023-05-31,124496.8,132061
Brazil,BRA,2023-06-30,124241.4,131328
Brazil,BRA,2023-07-31,128569,133682
Brazil,BRA,2023-08-31,122322.8,125647
Brazil,BRA,2023-09-30,115823.8,120802
Brazil,BRA,2023-10-31,117128.2,123001
Brazil,BRA,2023-11-30,111280,123878
Brazil,BRA,2023-12-31,117310.2,121855
Brunei,BRN,2020-01-31,156.2,183
Brunei,BRN,2020-02-29,135,151
Brunei,BRN,2020-03-31,149.8,151
Brunei,BRN,2020-04-30,147.6,138
Brunei,BRN,2020-05-31,147.2,136
Brunei,BRN,2020-06-30,127.4,182
Brunei,BRN,2020-07-31,148.8,140
Brunei,BRN,2020-08-31,157.4,148
Brunei,BRN,2020-09-30,154.6,122
Brunei,BRN,2020-10-31,160.2,133
Brunei,BRN,2020-11-30,133.4,128
Brunei,BRN,2020-12-31,151.2,140
Brunei,BRN,2021-01-31,159.5,124
Brunei,BRN,2021-02-28,138.3,145
Brunei,BRN,2021-03-31,153.1,159
Brunei,BRN,2021-04-30,150.9,148
Brunei,BRN,2021-05-31,150.5,140
Brunei,BRN,2021-06-30,130.7,164
Brunei,BRN,2021-07-31,152.1,155
Brunei,BRN,2021-08-31,160.7,54
Brunei,BRN,2021-09-30,157.9,59
Brunei,BRN,2021-10-31,163.5,132
Brunei,BRN,2021-11-30,136.7,313
Brunei,BRN,2021-12-31,154.5,272
Brunei,BRN,2022-01-31,162.9,195
Brunei,BRN,2022-02-28,141.7,139
Brunei,BRN,2022-03-31,156.5,274
Brunei,BRN,2022-04-30,154.3,197
Brunei,BRN,2022-05-31,153.9,185
Brunei,BRN,2022-06-30,134.1,214
Brunei,BRN,2022-07-31,155.5,189
Brunei,BRN,2022-08-31,164.1,215
Brunei,BRN,2022-09-30,161.3,180
Brunei,BRN,2022-10-31,166.9,206
Brunei,BRN,2022-11-30,140.1,168
Brunei,BRN,2022-12-31,157.9,160
Brunei,BRN,2023-01-31,166.2,170
Brunei,BRN,2023-02-28,145,163
Brunei,BRN,2023-03-31,159.8,176
Brunei,BRN,2023-04-30,157.6,165
Brunei,BRN,2023-05-31,157.2,176
Brunei,BRN,2023-06-30,137.4,158
Brunei,BRN,2023-07-31,158.8,164
Brunei,BRN,2023-08-31,167.4,156
Brunei,BRN,2023-09-30,164.6,170
Brunei,BRN,2023-10-31,170.2,154
Brunei,BRN,2023-11-30,143.4,177
Brunei,BRN,2023-12-31,161.2,174
Bulgaria,BGR,2020-01-05,2565.9,2091
Bulgaria,BGR,2020-01-12,2556.9,2262
Bulgaria,BGR,2020-01-19,2510.7,2166
Bulgaria,BGR,2020-01-26,2490.7,2375
Bulgaria,BGR,2020-02-02,2442.3,2414
Bulgaria,BGR,2020-02-09,2294.9,2328
Bulgaria,BGR,2020-02-16,2278.3,2286
Bulgaria,BGR,2020-02-23,2269.1,2142
Bulgaria,BGR,2020-03-01,2261.9,2152
Bulgaria,BGR,2020-03-08,2250.7,2011
Bulgaria,BGR,2020-03-15,2184.3,2000
Bulgaria,BGR,2020-03-22,2145.3,1970
Bulgaria,BGR,2020-03-29,2124.7,1999
Bulgaria,BGR,2020-04-05,2114.3,1951
Bulgaria,BGR,2020-04-12,2056.3,1920
Bulgaria,BGR,2020-04-19,2048.1,2024
Bulgaria,BGR,2020-04-26,2034.3,1981
Bulgaria,BGR,2020-05-03,1994.9,1891
Bulgaria,BGR,2020-05-10,2012.3,1913
Bulgaria,BGR,2020-05-17,1951.5,2087
Bulgaria,BGR,2020-05-24,1956.9,1898
Bulgaria,BGR,2020-05-31,1935.5,1799
Bulgaria,BGR,2020-06-07,1900.7,1922
Bulgaria,BGR,2020-06-14,1916.3,1951
Bulgaria,BGR,2020-06-21,1943.5,1930
Bulgaria,BGR,2020-06-28,1941.1,1904
Bulgaria,BGR,2020-07-05,1879.9,2138
Bulgaria,BGR,2020-07-12,1922.5,2043
Bulgaria,BGR,2020-07-19,1854.9,1846
Bulgaria,BGR,2020-07-26,1953.1,1987
Bulgaria,BGR,2020-08-02,1944.9,2161
Bulgaria,BGR,2020-08-09,1916.3,2059
Bulgaria,BGR,2020-08-16,1840.9,1975
Bulgaria,BGR,2020-08-23,1816.1,1911
Bulgaria,BGR,2020-08-30,1799.7,1937
Bulgaria,BGR,2020-09-06,1797.7,1946
Bulgaria,BGR,2020-09-13,1798.9,1912
Bulgaria,BGR,2020-09-20,1795.5,1849
Bulgaria,BGR,2020-09-27,1785.1,1844
Bulgaria,BGR,2020-10-04,1930.7,1986
Bulgaria,BGR,2020-10-11,1966.9,2084
Bulgaria,BGR,2020-10-18,2040.7,2157
Bulgaria,BGR,2020-10-25,2035.1,2372
Bulgaria,BGR,2020-11-01,2068.7,2732
Bulgaria,BGR,2020-11-08,2084.9,3236
Bulgaria,BGR,2020-11-15,2107.1,3948
Bulgaria,BGR,2020-11-22,2062.1,4407
Bulgaria,BGR,2020-11-29,2086.9,4739
Bulgaria,BGR,2020-12-06,2136.5,4753
Bulgaria,BGR,2020-12-13,2175.5,4370
Bulgaria,BGR,2020-12-20,2208.9,3945
Bulgaria,BGR,2020-12-27,2336.1,3242
Bulgaria,BGR,2021-01-03,2336.1,2968
Bulgaria,BGR,2021-01-10,2559.9,2628
Bulgaria,BGR,2021-01-17,2550.9,2489
Bulgaria,BGR,2021-01-24,2504.7,2525
Bulgaria,BGR,2021-01-31,2484.7,2464
Bulgaria,BGR,2021-02-07,2436.3,2388
Bulgaria,BGR,2021-02-14,2288.9,2371
Bulgaria,BGR,2021-02-21,2272.3,2494
Bulgaria,BGR,2021-02-28,2263.1,2589
Bulgaria,BGR,2021-03-07,2255.9,2755
Bulgaria,BGR,2021-03-14,2244.7,3020
Bulgaria,BGR,2021-03-21,2178.3,3391
Bulgaria,BGR,2021-03-28,2139.3,3686
Bulgaria,BGR,2021-04-04,2118.7,4044
Bulgaria,BGR,2021-04-11,2108.3,3787
Bulgaria,BGR,2021-04-18,2050.3,3738
Bulgaria,BGR,2021-04-25,2042.1,3437
Bulgaria,BGR,2021-05-02,2028.3,3139
Bulgaria,BGR,2021-05-09,1988.9,2801
Bulgaria,BGR,2021-05-16,2006.3,2552
Bulgaria,BGR,2021-05-23,1945.5,2362
Bulgaria,BGR,2021-05-30,1950.9,2184
Bulgaria,BGR,2021-06-06,1929.5,2098
Bulgaria,BGR,2021-06-13,1894.7,2054
Bulgaria,BGR,2021-06-20,1910.3,2030
Bulgaria,BGR,2021-06-27,1937.5,2291
Bulgaria,BGR,2021-07-04,1935.1,2139
Bulgaria,BGR,2021-07-11,1873.9,2099
Bulgaria,BGR,2021-07-18,1916.5,2091
Bulgaria,BGR,2021-07-25,1848.9,1936
Bulgaria,BGR,2021-08-01,1947.1,2104
Bulgaria,BGR,2021-08-08,1938.9,2242
Bulgaria,BGR,2021-08-15,1910.3,2243
Bulgaria,BGR,2021-08-22,1834.9,2085
Bulgaria,BGR,2021-08-29,1810.1,2348
Bulgaria,BGR,2021-09-05,1793.7,2479
Bulgaria,BGR,2021-09-12,1791.7,2658
Bulgaria,BGR,2021-09-19,1792.9,2900
Bulgaria,BGR,2021-09-26,1789.5,2776
Bulgaria,BGR,2021-10-03,1779.1,2842
Bulgaria,BGR,2021-10-10,1924.7,3073
Bulgaria,BGR,2021-10-17,1960.9,3403
Bulgaria,BGR,2021-10-24,2034.7,3841
Bulgaria,BGR,2021-10-31,2029.1,4049
Bulgaria,BGR,2021-11-07,2062.7,4171
Bulgaria,BGR,2021-11-14,2078.9,4092
Bulgaria,BGR,2021-11-21,2101.1,3987
Bulgaria,BGR,2021-11-28,2056.1,3657
Bulgaria,BGR,2021-12-05,2080.9,3491
Bulgaria,BGR,2021-12-12,2130.5,3310
Bulgaria,BGR,2021-12-19,2169.5,3132
Bulgaria,BGR,2021-12-26,2202.9,3100
Bulgaria,BGR,2022-01-02,2330.1,3084
Bulgaria,BGR,2022-01-09,2553.8,3170
Bulgaria,BGR,2022-01-16,2544.8,3166
Bulgaria,BGR,2022-01-23,2498.6,3276
Bulgaria,BGR,2022-01-30,2478.6,3501
Bulgaria,BGR,2022-02-06,2430.2,3649
Bulgaria,BGR,2022-02-13,2282.8,3651
Bulgaria,BGR,2022-02-20,2266.2,3470
Bulgaria,BGR,2022-02-27,2257,3046
Bulgaria,BGR,2022-03-06,2249.8,2712
Bulgaria,BGR,2022-03-13,2238.6,2671
Bulgaria,BGR,2022-03-20,2172.2,2442
Bulgaria,BGR,2022-03-27,2133.2,2504
Bulgaria,BGR,2022-04-03,2112.6,2394
Bulgaria,BGR,2022-04-10,2102.2,2311
Bulgaria,BGR,2022-04-17,2044.2,2148
Bulgaria,BGR,2022-04-24,2036,2059
Bulgaria,BGR,2022-05-01,2022.2,2144
Bulgaria,BGR,2022-05-08,1982.8,1893
Bulgaria,BGR,2022-05-15,2000.2,2024
Bulgaria,BGR,2022-05-22,1939.4,1983
Bulgaria,BGR,2022-05-29,1944.8,1975
Bulgaria,BGR,2022-06-05,1923.4,1900
Bulgaria,BGR,2022-06-12,1888.6,1767
Bulgaria,BGR,2022-06-19,1904.2,1780
Bulgaria,BGR,2022-06-26,1931.4,1858
Bulgaria,BGR,2022-07-03,1929,1873
Bulgaria,BGR,2022-07-10,1867.8,1860
Bulgaria,BGR,2022-07-17,1910.4,1928
Bulgaria,BGR,2022-07-24,1842.8,2003
Bulgaria,BGR,2022-07-31,1941,2164
Bulgaria,BGR,2022-08-07,1932.8,2155
Bulgaria,BGR,2022-08-14,1904.2,2054
Bulgaria,BGR,2022-08-21,1828.8,2073
Bulgaria,BGR,2022-08-28,1804,1984
Bulgaria,BGR,2022-09-04,1787.6,1862
Bulgaria,BGR,2022-09-11,1785.6,1937
Bulgaria,BGR,2022-09-18,1786.8,1903
Bulgaria,BGR,2022-09-25,1783.4,1844
Bulgaria,BGR,2022-10-02,1773,1973
Bulgaria,BGR,2022-10-09,1918.6,1969
Bulgaria,BGR,2022-10-16,1954.8,1996
Bulgaria,BGR,2022-10-23,2028.6,2095
Bulgaria,BGR,2022-10-30,2023,2122
Bulgaria,BGR,2022-11-06,2056.6,2160
Bulgaria,BGR,2022-11-13,2072.8,2092
Bulgaria,BGR,2022-11-20,2095,2143
Bulgaria,BGR,2022-11-27,2050,1945
Bulgaria,BGR,2022-12-04,2074.8,2020
Bulgaria,BGR,2022-12-11,2124.4,2143
Bulgaria,BGR,2022-12-18,2163.4,2120
Bulgaria,BGR,2022-12-25,2196.8,2122
Bulgaria,BGR,2023-01-01,2324,2219
Bulgaria,BGR,2023-01-08,2547.8,2304
Bulgaria,BGR,2023-01-15,2538.8,2268
Bulgaria,BGR,2023-01-22,2492.6,2380
Bulgaria,BGR,2023-01-29,2472.6,2105
Bulgaria,BGR,2023-02-05,2424.2,2056
Bulgaria,BGR,2023-02-12,2276.8,2152
Bulgaria,BGR,2023-02-19,2260.2,2261
Bulgaria,BGR,2023-02-26,2251,2087
Bulgaria,BGR,2023-03-05,2243.8,1980
Bulgaria,BGR,2023-03-12,2232.6,1926
Bulgaria,BGR,2023-03-19,2166.2,1956
Bulgaria,BGR,2023-03-26,2127.2,1919
Bulgaria,BGR,2023-04-02,2106.6,1972
Bulgaria,BGR,2023-04-09,2096.2,1834
Bulgaria,BGR,2023-04-16,2038.2,1892
Bulgaria,BGR,2023-04-23,2030,1970
Bulgaria,BGR,2023-04-30,2016.2,1862
Bulgaria,BGR,2023-05-07,1976.8,1853
Bulgaria,BGR,2023-05-14,1994.2,1834
Bulgaria,BGR,2023-05-21,1933.4,1842
Bulgaria,BGR,2023-05-28,1938.8,1915
Bulgaria,BGR,2023-06-04,1917.4,1836
Bulgaria,BGR,2023-06-11,1882.6,1834
Bulgaria,BGR,2023-06-18,1898.2,1692
Bulgaria,BGR,2023-06-25,1925.4,1938
Bulgaria,BGR,2023-07-02,1923,1631
Bulgaria,BGR,2023-07-09,1861.8,1726
Bulgaria,BGR,2023-07-16,1904.4,1918
Bulgaria,BGR,2023-07-23,1836.8,2075
Bulgaria,BGR,2023-07-30,1935,1818
Bulgaria,BGR,2023-08-06,1926.8,1801
Bulgaria,BGR,2023-08-13,1898.2,1689
Bulgaria,BGR,2023-08-20,1822.8,1764
Bulgaria,BGR,2023-08-27,1798,1903
Bulgaria,BGR,2023-09-03,1781.6,1731
Bulgaria,BGR,2023-09-10,1779.6,1628
Bulgaria,BGR,2023-09-17,1780.8,1718
Bulgaria,BGR,2023-09-24,1777.4,1736
Bulgaria,BGR,2023-10-01,1767,1742
Bulgaria,BGR,2023-10-08,1912.6,1714
Bulgaria,BGR,2023-10-15,1948.8,1907
Bulgaria,BGR,2023-10-22,2022.6,1946
Bulgaria,BGR,2023-10-29,2017,2020
Bulgaria,BGR,2023-11-05,2050.6,1941
Bulgaria,BGR,2023-11-12,2066.8,1990
Bulgaria,BGR,2023-11-19,2089,2042
Bulgaria,BGR,2023-11-26,2044,2124
Bulgaria,BGR,2023-12-03,2068.8,2083
Bulgaria,BGR,2023-12-10,2118.4,2010
Bulgaria,BGR,2023-12-17,2157.4,2059
Bulgaria,BGR,2023-12-24,2190.8,2023
Bulgaria,BGR,2023-12-31,2318,2251
Canada,CAN,2020-01-05,6415.1,6230
Canada,CAN,2020-01-12,6454.1,6210
Canada,CAN,2020-01-19,6413.1,6130
Canada,CAN,2020-01-26,6321.1,6165
Canada,CAN,2020-02-02,6108.1,5855
Canada,CAN,2020-02-09,6111.1,5910
Canada,CAN,2020-02-16,6105.1,5735
Canada,CAN,2020-02-23,6056.1,5685
Canada,CAN,2020-03-01,5981.1,5775
Canada,CAN,2020-03-08,5994.1,5765
Canada,CAN,2020-03-15,5888.1,5675
Canada,CAN,2020-03-22,5864.1,5870
Canada,CAN,2020-03-29,5809.1,5940
Canada,CAN,2020-04-05,5757.1,6310
Canada,CAN,2020-04-12,5665.1,6590
Canada,CAN,2020-04-19,5666.1,6630
Canada,CAN,2020-04-26,5612.1,6930
Canada,CAN,2020-05-03,5631.1,6895
Canada,CAN,2020-05-10,5541.1,6445
Canada,CAN,2020-05-17,5421.1,6120
Canada,CAN,2020-05-24,5376.1,5925
Canada,CAN,2020-05-31,5316.1,5890
Canada,CAN,2020-06-07,5267.1,5540
Canada,CAN,2020-06-14,5259.1,5200
Canada,CAN,2020-06-21,5215.1,5310
Canada,CAN,2020-06-28,5247.1,5290
Canada,CAN,2020-07-05,5266.1,5155
Canada,CAN,2020-07-12,5219.1,5400
Canada,CAN,2020-07-19,5151.1,5275
Canada,CAN,2020-07-26,5193.1,5280
Canada,CAN,2020-08-02,5185.1,5235
Canada,CAN,2020-08-09,5207.1,5240
Canada,CAN,2020-08-16,5182.1,5415
Canada,CAN,2020-08-23,5192.1,5425
Canada,CAN,2020-08-30,5234.1,5240
Canada,CAN,2020-09-06,5276.1,5435
Canada,CAN,2020-09-13,5265.1,5320
Canada,CAN,2020-09-20,5297.1,5465
Canada,CAN,2020-09-27,5426.1,5740
Canada,CAN,2020-10-04,5523.1,5695
Canada,CAN,2020-10-11,5554.1,5785
Canada,CAN,2020-10-18,5645.1,5725
Canada,CAN,2020-10-25,5632.1,5750
Canada,CAN,2020-11-01,5710.1,5905
Canada,CAN,2020-11-08,5656.1,6265
Canada,CAN,2020-11-15,5678.1,6135
Canada,CAN,2020-11-22,5711.1,6135
Canada,CAN,2020-11-29,5732.1,6295
Canada,CAN,2020-12-06,5771.1,6500
Canada,CAN,2020-12-13,5877.1,6575
Canada,CAN,2020-12-20,5946.1,6440
Canada,CAN,2020-12-27,6037.1,6665
Canada,CAN,2021-01-03,6037.1,6765
Canada,CAN,2021-01-10,6528.5,6820
Canada,CAN,2021-01-17,6567.5,6785
Canada,CAN,2021-01-24,6526.5,6760
Canada,CAN,2021-01-31,6434.5,6690
Canada,CAN,2021-02-07,6221.5,6485
Canada,CAN,2021-02-14,6224.5,6120
Canada,CAN,2021-02-21,6218.5,6080
Canada,CAN,2021-02-28,6169.5,5990
Canada,CAN,2021-03-07,6094.5,5990
Canada,CAN,2021-03-14,6107.5,5790
Canada,CAN,2021-03-21,6001.5,5645
Canada,CAN,2021-03-28,5977.5,5760
Canada,CAN,2021-04-04,5922.5,5690
Canada,CAN,2021-04-11,5870.5,5880
Canada,CAN,2021-04-18,5778.5,5745
Canada,CAN,2021-04-25,5779.5,5765
Canada,CAN,2021-05-02,5725.5,5980
Canada,CAN,2021-05-09,5744.5,5910
Canada,CAN,2021-05-16,5654.5,5815
Canada,CAN,2021-05-23,5534.5,5825
Canada,CAN,2021-05-30,5489.5,5370
Canada,CAN,2021-06-06,5429.5,5660
Canada,CAN,2021-06-13,5380.5,5360
Canada,CAN,2021-06-20,5372.5,5415
Canada,CAN,2021-06-27,5328.5,5340
Canada,CAN,2021-07-04,5360.5,6175
Canada,CAN,2021-07-11,5379.5,5420
Canada,CAN,2021-07-18,5332.5,5415
Canada,CAN,2021-07-25,5264.5,5420
Canada,CAN,2021-08-01,5306.5,5560
Canada,CAN,2021-08-08,5298.5,5570
Canada,CAN,2021-08-15,5320.5,5490
Canada,CAN,2021-08-22,5295.5,5755
Canada,CAN,2021-08-29,5305.5,5660
Canada,CAN,2021-09-05,5347.5,5835
Canada,CAN,2021-09-12,5389.5,6115
Canada,CAN,2021-09-19,5378.5,5990
Canada,CAN,2021-09-26,5410.5,5980
Canada,CAN,2021-10-03,5539.5,6070
Canada,CAN,2021-10-10,5636.5,6030
Canada,CAN,2021-10-17,5667.5,6195
Canada,CAN,2021-10-24,5758.5,6205
Canada,CAN,2021-10-31,5745.5,6080
Canada,CAN,2021-11-07,5823.5,6280
Canada,CAN,2021-11-14,5769.5,6390
Canada,CAN,2021-11-21,5791.5,6190
Canada,CAN,2021-11-28,5824.5,6265
Canada,CAN,2021-12-05,5845.5,6365
Canada,CAN,2021-12-12,5884.5,6235
Canada,CAN,2021-12-19,5990.5,6440
Canada,CAN,2021-12-26,6059.5,6560
Canada,CAN,2022-01-02,6150.5,6540
Canada,CAN,2022-01-09,6641.9,7155
Canada,CAN,2022-01-16,6680.9,7805
Canada,CAN,2022-01-23,6639.9,8040
Canada,CAN,2022-01-30,6547.9,7760
Canada,CAN,2022-02-06,6334.9,7445
Canada,CAN,2022-02-13,6337.9,7120
Canada,CAN,2022-02-20,6331.9,6740
Canada,CAN,2022-02-27,6282.9,6430
Canada,CAN,2022-03-06,6207.9,6340
Canada,CAN,2022-03-13,6220.9,6140
Canada,CAN,2022-03-20,6114.9,6040
Canada,CAN,2022-03-27,6090.9,5900
Canada,CAN,2022-04-03,6035.9,5860
Canada,CAN,2022-04-10,5983.9,6240
Canada,CAN,2022-04-17,5891.9,6115
Canada,CAN,2022-04-24,5892.9,6110
Canada,CAN,2022-05-01,5838.9,6140
Canada,CAN,2022-05-08,5857.9,6290
Canada,CAN,2022-05-15,5767.9,6450
Canada,CAN,2022-05-22,5647.9,6000
Canada,CAN,2022-05-29,5602.9,5910
Canada,CAN,2022-06-05,5542.9,5870
Canada,CAN,2022-06-12,5493.9,5850
Canada,CAN,2022-06-19,5485.9,5755
Canada,CAN,2022-06-26,5441.9,5605
Canada,CAN,2022-07-03,5473.9,5815
Canada,CAN,2022-07-10,5492.9,5815
Canada,CAN,2022-07-17,5445.9,6080
Canada,CAN,2022-07-24,5377.9,6085
Canada,CAN,2022-07-31,5419.9,6030
Canada,CAN,2022-08-07,5411.9,6030
Canada,CAN,2022-08-14,5433.9,6095
Canada,CAN,2022-08-21,5408.9,6040
Canada,CAN,2022-08-28,5418.9,6000
Canada,CAN,2022-09-04,5460.9,6150
Canada,CAN,2022-09-11,5502.9,6030
Canada,CAN,2022-09-18,5491.9,6060
Canada,CAN,2022-09-25,5523.9,6215
Canada,CAN,2022-10-02,5652.9,6455
Canada,CAN,2022-10-09,5749.9,6550
Canada,CAN,2022-10-16,5780.9,6465
Canada,CAN,2022-10-23,5871.9,6630
Canada,CAN,2022-10-30,5858.9,6725
Canada,CAN,2022-11-06,5936.9,6800
Canada,CAN,2022-11-13,5882.9,6640
Canada,CAN,2022-11-20,5904.9,6820
Canada,CAN,2022-11-27,5937.9,7010
Canada,CAN,2022-12-04,5958.9,7175
Canada,CAN,2022-12-11,5997.9,7160
Canada,CAN,2022-12-18,6103.9,7005
Canada,CAN,2022-12-25,6172.9,7105
Canada,CAN,2023-01-01,6263.9,7350
Canada,CAN,2023-01-08,6755.3,7085
Canada,CAN,2023-01-15,6794.2,7020
Canada,CAN,2023-01-22,6753.3,6840
Canada,CAN,2023-01-29,6661.3,6570
Canada,CAN,2023-02-05,6448.3,6500
Canada,CAN,2023-02-12,6451.3,6685
Canada,CAN,2023-02-19,6445.3,6415
Canada,CAN,2023-02-26,6396.3,6280
Canada,CAN,2023-03-05,6321.3,6510
Canada,CAN,2023-03-12,6334.3,6370
Canada,CAN,2023-03-19,6228.3,6370
Canada,CAN,2023-03-26,6204.3,6265
Canada,CAN,2023-04-02,6149.3,6295
Canada,CAN,2023-04-09,6097.3,6140
Canada,CAN,2023-04-16,6005.3,6195
Canada,CAN,2023-04-23,6006.3,6110
Canada,CAN,2023-04-30,5952.3,6250
Canada,CAN,2023-05-07,5971.3,6095
Canada,CAN,2023-05-14,5881.3,6110
Canada,CAN,2023-05-21,5761.3,5865
Canada,CAN,2023-05-28,5716.3,5770
Canada,CAN,2023-06-04,5656.3,6065
Canada,CAN,2023-06-11,5607.3,5630
Canada,CAN,2023-06-18,5599.3,5915
Canada,CAN,2023-06-25,5555.3,5900
Canada,CAN,2023-07-02,5587.3,5830
Canada,CAN,2023-07-09,5606.3,5765
Canada,CAN,2023-07-16,5559.3,5715
Canada,CAN,2023-07-23,5491.3,5675
Canada,CAN,2023-07-30,5533.3,5860
Canada,CAN,2023-08-06,5525.3,5820
Canada,CAN,2023-08-13,5547.3,5765
Canada,CAN,2023-08-20,5522.3,5830
Canada,CAN,2023-08-27,5532.3,5970
Canada,CAN,2023-09-03,5574.3,5960
Canada,CAN,2023-09-10,5616.3,5870
Canada,CAN,2023-09-17,5605.3,6005
Canada,CAN,2023-09-24,5637.3,6045
Canada,CAN,2023-10-01,5766.3,6255
Canada,CAN,2023-10-08,5863.3,6595
Canada,CAN,2023-10-15,5894.3,6500
Canada,CAN,2023-10-22,5985.3,6515
Canada,CAN,2023-10-29,5972.3,6220
Canada,CAN,2023-11-05,6050.3,6715
Canada,CAN,2023-11-12,5996.3,6795
Canada,CAN,2023-11-19,6018.3,6715
Canada,CAN,2023-11-26,6051.3,6565
Canada,CAN,2023-12-03,6072.3,6980
Canada,CAN,2023-12-10,6111.3,6935
Canada,CAN,2023-12-17,6217.3,6975
Canada,CAN,2023-12-24,6286.3,6980
Canada,CAN,2023-12-31,6377.3,7075
Cape Verde,CPV,2020-01-31,254,250
Cape Verde,CPV,2020-02-29,225.2,226
Cape Verde,CPV,2020-03-31,256.4,212
Cape Verde,CPV,2020-04-30,215,221
Cape Verde,CPV,2020-05-31,208.8,206
Cape Verde,CPV,2020-06-30,203.6,245
Cape Verde,CPV,2020-07-31,222.6,227
Cape Verde,CPV,2020-08-31,250.2,259
Cape Verde,CPV,2020-09-30,233.6,283
Cape Verde,CPV,2020-10-31,236,293
Cape Verde,CPV,2020-11-30,225.4,264
Cape Verde,CPV,2020-12-31,239.6,273
Cape Verde,CPV,2021-01-31,256.2,243
Cape Verde,CPV,2021-02-28,227.4,243
Cape Verde,CPV,2021-03-31,258.6,265
Cape Verde,CPV,2021-04-30,217.2,322
Cape Verde,CPV,2021-05-31,211,277
Cape Verde,CPV,2021-06-30,205.8,241
Cape Verde,CPV,2021-07-31,224.8,249
Cape Verde,CPV,2021-08-31,252.4,276
Cape Verde,CPV,2021-09-30,235.8,315
Cape Verde,CPV,2021-10-31,238.2,245
Cape Verde,CPV,2021-11-30,227.6,233
Cape Verde,CPV,2021-12-31,241.8,269
Cape Verde,CPV,2022-01-31,258.4,374
Cape Verde,CPV,2022-02-28,229.6,230
Cape Verde,CPV,2022-03-31,260.8,249
Cape Verde,CPV,2022-04-30,219.4,216
Cape Verde,CPV,2022-05-31,213.2,228
Cape Verde,CPV,2022-06-30,208,214
Cape Verde,CPV,2022-07-31,227,280
Cape Verde,CPV,2022-08-31,254.6,259
Cape Verde,CPV,2022-09-30,238,278
Cape Verde,CPV,2022-10-31,240.4,245
Cape Verde,CPV,2022-11-30,229.8,234
Cape Verde,CPV,2022-12-31,244,225
Cape Verde,CPV,2023-01-31,260.6,
Cape Verde,CPV,2023-02-28,231.8,
Cape Verde,CPV,2023-03-31,263,
Cape Verde,CPV,2023-04-30,221.6,
Cape Verde,CPV,2023-05-31,215.4,
Cape Verde,CPV,2023-06-30,210.2,
Cape Verde,CPV,2023-07-31,229.2,
Cape Verde,CPV,2023-08-31,256.8,
Cape Verde,CPV,2023-09-30,240.2,
Cape Verde,CPV,2023-10-31,242.6,
Cape Verde,CPV,2023-11-30,232,
Cape Verde,CPV,2023-12-31,246.2,
Chile,CHL,2020-01-05,2020.2,2112
Chile,CHL,2020-01-12,1931.4,2052
Chile,CHL,2020-01-19,1981.4,2056
Chile,CHL,2020-01-26,1998.2,1963
Chile,CHL,2020-02-02,2002.7,1969
Chile,CHL,2020-02-09,1924.9,1991
Chile,CHL,2020-02-16,1921.2,1908
Chile,CHL,2020-02-23,1968.2,1900
Chile,CHL,2020-03-01,1870.4,1884
Chile,CHL,2020-03-08,1877.4,1885
Chile,CHL,2020-03-15,1883.4,1927
Chile,CHL,2020-03-22,1895.2,2007
Chile,CHL,2020-03-29,1929.2,2004
Chile,CHL,2020-04-05,1974.4,2080
Chile,CHL,2020-04-12,2039.7,2009
Chile,CHL,2020-04-19,1996.9,2085
Chile,CHL,2020-04-26,2072.9,2095
Chile,CHL,2020-05-03,2067.9,2085
Chile,CHL,2020-05-10,2044.2,2341
Chile,CHL,2020-05-17,2125.4,2436
Chile,CHL,2020-05-24,2264.7,2933
Chile,CHL,2020-05-31,2296.4,3394
Chile,CHL,2020-06-07,2398.7,3896
Chile,CHL,2020-06-14,2503.2,3983
Chile,CHL,2020-06-21,2513.4,3732
Chile,CHL,2020-06-28,2529.7,3518
Chile,CHL,2020-07-05,2478.2,3070
Chile,CHL,2020-07-12,2448.7,2967
Chile,CHL,2020-07-19,2512.7,2814
Chile,CHL,2020-07-26,2458.2,2698
Chile,CHL,2020-08-02,2431.9,2653
Chile,CHL,2020-08-09,2365.9,2517
Chile,CHL,2020-08-16,2333.2,2431
Chile,CHL,2020-08-23,2311.2,2595
Chile,CHL,2020-08-30,2243.9,2479
Chile,CHL,2020-09-06,2301.2,2395
Chile,CHL,2020-09-13,2242.4,2404
Chile,CHL,2020-09-20,2302.4,2401
Chile,CHL,2020-09-27,2210.9,2367
Chile,CHL,2020-10-04,2156.9,2340
Chile,CHL,2020-10-11,2093.2,2398
Chile,CHL,2020-10-18,2069.2,2307
Chile,CHL,2020-10-25,2045.7,2303
Chile,CHL,2020-11-01,2030.7,2267
Chile,CHL,2020-11-08,2035.2,2242
Chile,CHL,2020-11-15,1986.4,2124
Chile,CHL,2020-11-22,2031.2,2190
Chile,CHL,2020-11-29,1983.7,2205
Chile,CHL,2020-12-06,1938.2,2181
Chile,CHL,2020-12-13,1978.4,2206
Chile,CHL,2020-12-20,1971.4,2184
Chile,CHL,2020-12-27,1899.7,2395
Chile,CHL,2021-01-03,1899.7,2404
Chile,CHL,2021-01-10,2055.2,2446
Chile,CHL,2021-01-17,1966.5,2439
Chile,CHL,2021-01-24,2016.5,2701
Chile,CHL,2021-01-31,2033.2,2559
Chile,CHL,2021-02-07,2037.7,2634
Chile,CHL,2021-02-14,1960,2506
Chile,CHL,2021-02-21,1956.2,2502
Chile,CHL,2021-02-28,2003.2,2608
Chile,CHL,2021-03-07,1905.5,2660
Chile,CHL,2021-03-14,1912.5,2656
Chile,CHL,2021-03-21,1918.5,2549
Chile,CHL,2021-03-28,1930.2,2740
Chile,CHL,2021-04-04,1964.2,2829
Chile,CHL,2021-04-11,2009.5,2850
Chile,CHL,2021-04-18,2074.7,2899
Chile,CHL,2021-04-25,2032,2663
Chile,CHL,2021-05-02,2108,2786
Chile,CHL,2021-05-09,2103,2732
Chile,CHL,2021-05-16,2079.2,2766
Chile,CHL,2021-05-23,2160.5,2934
Chile,CHL,2021-05-30,2299.7,3081
Chile,CHL,2021-06-06,2331.5,3018
Chile,CHL,2021-06-13,2433.7,3132
Chile,CHL,2021-06-20,2538.2,3184
Chile,CHL,2021-06-27,2548.5,3195
Chile,CHL,2021-07-04,2564.7,3323
Chile,CHL,2021-07-11,2513.2,3120
Chile,CHL,2021-07-18,2483.7,3044
Chile,CHL,2021-07-25,2547.7,2868
Chile,CHL,2021-08-01,2493.2,2747
Chile,CHL,2021-08-08,2467,2639
Chile,CHL,2021-08-15,2401,2628
Chile,CHL,2021-08-22,2368.2,2614
Chile,CHL,2021-08-29,2346.2,2362
Chile,CHL,2021-09-05,2279,2339
Chile,CHL,2021-09-12,2336.2,2399
Chile,CHL,2021-09-19,2277.5,2390
Chile,CHL,2021-09-26,2337.5,2361
Chile,CHL,2021-10-03,2246,2250
Chile,CHL,2021-10-10,2192,2328
Chile,CHL,2021-10-17,2128.2,2366
Chile,CHL,2021-10-24,2104.2,2224
Chile,CHL,2021-10-31,2080.7,2408
Chile,CHL,2021-11-07,2065.7,2251
Chile,CHL,2021-11-14,2070.2,2401
Chile,CHL,2021-11-21,2021.5,2366
Chile,CHL,2021-11-28,2066.2,2409
Chile,CHL,2021-12-05,2018.7,2546
Chile,CHL,2021-12-12,1973.2,2401
Chile,CHL,2021-12-19,2013.5,2445
Chile,CHL,2021-12-26,2006.5,2475
Chile,CHL,2022-01-02,1934.7,2512
Chile,CHL,2022-01-09,2090.3,2481
Chile,CHL,2022-01-16,2001.6,2490
Chile,CHL,2022-01-23,2051.6,2418
Chile,CHL,2022-01-30,2068.3,2665
Chile,CHL,2022-02-06,2072.8,2912
Chile,CHL,2022-02-13,1995.1,3036
Chile,CHL,2022-02-20,1991.3,3242
Chile,CHL,2022-02-27,2038.3,3266
Chile,CHL,2022-03-06,1940.6,3103
Chile,CHL,2022-03-13,1947.6,2877
Chile,CHL,2022-03-20,1953.6,2680
Chile,CHL,2022-03-27,1965.3,2557
Chile,CHL,2022-04-03,1999.3,2481
Chile,CHL,2022-04-10,2044.6,2468
Chile,CHL,2022-04-17,2109.8,2253
Chile,CHL,2022-04-24,2067.1,2420
Chile,CHL,2022-05-01,2143.1,2290
Chile,CHL,2022-05-08,2138.1,2443
Chile,CHL,2022-05-15,2114.3,2518
Chile,CHL,2022-05-22,2195.6,2498
Chile,CHL,2022-05-29,2334.8,2467
Chile,CHL,2022-06-05,2366.6,2893
Chile,CHL,2022-06-12,2468.8,2770
Chile,CHL,2022-06-19,2573.3,2879
Chile,CHL,2022-06-26,2583.6,2817
Chile,CHL,2022-07-03,2599.8,2886
Chile,CHL,2022-07-10,2548.3,3008
Chile,CHL,2022-07-17,2518.8,3058
Chile,CHL,2022-07-24,2582.8,3077
Chile,CHL,2022-07-31,2528.3,2676
Chile,CHL,2022-08-07,2502.1,2628
Chile,CHL,2022-08-14,2436.1,2664
Chile,CHL,2022-08-21,2403.3,2734
Chile,CHL,2022-08-28,2381.3,2631
Chile,CHL,2022-09-04,2314.1,2613
Chile,CHL,2022-09-11,2371.3,2520
Chile,CHL,2022-09-18,2312.6,2536
Chile,CHL,2022-09-25,2372.6,2641
Chile,CHL,2022-10-02,2281.1,2402
Chile,CHL,2022-10-09,2227.1,2388
Chile,CHL,2022-10-16,2163.3,2333
Chile,CHL,2022-10-23,2139.3,2339
Chile,CHL,2022-10-30,2115.8,2364
Chile,CHL,2022-11-06,2100.8,2522
Chile,CHL,2022-11-13,2105.3,2444
Chile,CHL,2022-11-20,2056.6,2471
Chile,CHL,2022-11-27,2101.3,2604
Chile,CHL,2022-12-04,2053.8,2318
Chile,CHL,2022-12-11,2008.3,2498
Chile,CHL,2022-12-18,2048.6,2538
Chile,CHL,2022-12-25,2041.6,2367
Chile,CHL,2023-01-01,1969.8,2782
Chile,CHL,2023-01-08,2125.4,2390
Chile,CHL,2023-01-15,2036.6,2236
Chile,CHL,2023-01-22,2086.6,2312
Chile,CHL,2023-01-29,2103.4,2212
Chile,CHL,2023-02-05,2107.9,2248
Chile,CHL,2023-02-12,2030.1,2329
Chile,CHL,2023-02-19,2026.4,2132
Chile,CHL,2023-02-26,2073.4,2134
Chile,CHL,2023-03-05,1975.6,2252
Chile,CHL,2023-03-12,1982.6,2193
Chile,CHL,2023-03-19,1988.6,2217
Chile,CHL,2023-03-26,2000.4,2262
Chile,CHL,2023-04-02,2034.4,2166
Chile,CHL,2023-04-09,2079.6,2151
Chile,CHL,2023-04-16,2144.9,2182
Chile,CHL,2023-04-23,2102.1,2277
Chile,CHL,2023-04-30,2178.1,2324
Chile,CHL,2023-05-07,2173.1,2291
Chile,CHL,2023-05-14,2149.4,2465
Chile,CHL,2023-05-21,2230.6,2487
Chile,CHL,2023-05-28,2369.9,2473
Chile,CHL,2023-06-04,2401.6,2584
Chile,CHL,2023-06-11,2503.9,2494
Chile,CHL,2023-06-18,2608.4,2615
Chile,CHL,2023-06-25,2618.6,2606
Chile,CHL,2023-07-02,2634.9,2444
Chile,CHL,2023-07-09,2583.4,2454
Chile,CHL,2023-07-16,2553.9,2579
Chile,CHL,2023-07-23,2617.9,2503
Chile,CHL,2023-07-30,2563.4,2391
Chile,CHL,2023-08-06,2537.1,2316
Chile,CHL,2023-08-13,2471.1,2388
Chile,CHL,2023-08-20,2438.4,2404
Chile,CHL,2023-08-27,2416.4,2268
Chile,CHL,2023-09-03,2349.1,2445
Chile,CHL,2023-09-10,2406.4,2371
Chile,CHL,2023-09-17,2347.6,2416
Chile,CHL,2023-09-24,2407.6,2468
Chile,CHL,2023-10-01,2316.1,2507
Chile,CHL,2023-10-08,2262.1,2328
Chile,CHL,2023-10-15,2198.4,2375
Chile,CHL,2023-10-22,2174.4,2344
Chile,CHL,2023-10-29,2150.9,2225
Chile,CHL,2023-11-05,2135.9,2363
Chile,CHL,2023-11-12,2140.4,2374
Chile,CHL,2023-11-19,2091.6,2274
Chile,CHL,2023-11-26,2136.4,2371
Chile,CHL,2023-12-03,2088.9,2238
Chile,CHL,2023-12-10,2043.4,2257
Chile,CHL,2023-12-17,2083.6,2130
Chile,CHL,2023-12-24,2076.6,2294
Chile,CHL,2023-12-31,2004.9,2277
Colombia,COL,2020-01-05,5103.9,5019
Colombia,COL,2020-01-12,4887.1,5050
Colombia,COL,2020-01-19,4905.1,4937
Colombia,COL,2020-01-26,4771.5,4793
Colombia,COL,2020-02-02,4661.7,4651
Colombia,COL,2020-02-09,4606.3,4760
Colombia,COL,2020-02-16,4558.1,4736
Colombia,COL,2020-02-23,4553.7,4729
Colombia,COL,2020-03-01,4590.9,4565
Colombia,COL,2020-03-08,4631.5,4567
Colombia,COL,2020-03-15,4669.1,4480
Colombia,COL,2020-03-22,4614.5,4529
Colombia,COL,2020-03-29,4629.9,4358
Colombia,COL,2020-04-05,4601.7,4219
Colombia,COL,2020-04-12,4582.1,4276
Colombia,COL,2020-04-19,4583.5,4376
Colombia,COL,2020-04-26,4588.7,4359
Colombia,COL,2020-05-03,4652.7,4304
Colombia,COL,2020-05-10,4690.9,4488
Colombia,COL,2020-05-17,4838.7,4613
Colombia,COL,2020-05-24,4797.3,4727
Colombia,COL,2020-05-31,4805.9,4772
Colombia,COL,2020-06-07,4862.7,5190
Colombia,COL,2020-06-14,4828.5,5385
Colombia,COL,2020-06-21,4872.7,5828
Colombia,COL,2020-06-28,4915.7,6166
Colombia,COL,2020-07-05,4878.9,6291
Colombia,COL,2020-07-12,4862.7,6796
Colombia,COL,2020-07-19,4761.5,7377
Colombia,COL,2020-07-26,4640.7,7767
Colombia,COL,2020-08-02,4678.7,8131
Colombia,COL,2020-08-09,4758.5,7926
Colombia,COL,2020-08-16,4717.3,7693
Colombia,COL,2020-08-23,4651.7,7193
Colombia,COL,2020-08-30,4671.9,6845
Colombia,COL,2020-09-06,4664.7,6613
Colombia,COL,2020-09-13,4629.9,6427
Colombia,COL,2020-09-20,4690.3,6290
Colombia,COL,2020-09-27,4574.1,6200
Colombia,COL,2020-10-04,4624.5,6053
Colombia,COL,2020-10-11,4658.5,6227
Colombia,COL,2020-10-18,4641.9,6226
Colombia,COL,2020-10-25,4562.9,6349
Colombia,COL,2020-11-01,4676.7,6124
Colombia,COL,2020-11-08,4694.5,6301
Colombia,COL,2020-11-15,4702.9,6169
Colombia,COL,2020-11-22,4733.3,6281
Colombia,COL,2020-11-29,4772.5,6313
Colombia,COL,2020-12-06,4907.5,6250
Colombia,COL,2020-12-13,4908.5,6682
Colombia,COL,2020-12-20,4933.3,6724
Colombia,COL,2020-12-27,5095.3,7237
Colombia,COL,2021-01-03,5095.3,7881
Colombia,COL,2021-01-10,5221.1,8054
Colombia,COL,2021-01-17,5004.3,8537
Colombia,COL,2021-01-24,5022.3,8573
Colombia,COL,2021-01-31,4888.7,7753
Colombia,COL,2021-02-07,4778.9,7103
Colombia,COL,2021-02-14,4723.5,6401
Colombia,COL,2021-02-21,4675.3,5969
Colombia,COL,2021-02-28,4670.9,5620
Colombia,COL,2021-03-07,4708.1,5624
Colombia,COL,2021-03-14,4748.7,5368
Colombia,COL,2021-03-21,4786.3,5654
Colombia,COL,2021-03-28,4731.7,6015
Colombia,COL,2021-04-04,4747.1,6557
Colombia,COL,2021-04-11,4718.9,7279
Colombia,COL,2021-04-18,4699.3,8519
Colombia,COL,2021-04-25,4700.7,8872
Colombia,COL,2021-05-02,4705.9,8850
Colombia,COL,2021-05-09,4769.9,8965
Colombia,COL,2021-05-16,4808.1,9061
Colombia,COL,2021-05-23,4955.9,9142
Colombia,COL,2021-05-30,4914.5,9390
Colombia,COL,2021-06-06,4923.1,9874
Colombia,COL,2021-06-13,4979.9,10199
Colombia,COL,2021-06-20,4945.7,10558
Colombia,COL,2021-06-27,4989.9,10606
Colombia,COL,2021-07-04,5032.9,10412
Colombia,COL,2021-07-11,4996.1,9705
Colombia,COL,2021-07-18,4979.9,8895
Colombia,COL,2021-07-25,4878.7,7761
Colombia,COL,2021-08-01,4757.9,7150
Colombia,COL,2021-08-08,4795.9,6385
Colombia,COL,2021-08-15,4875.7,5891
Colombia,COL,2021-08-22,4834.5,5673
Colombia,COL,2021-08-29,4768.9,5383
Colombia,COL,2021-09-05,4789.1,5136
Colombia,COL,2021-09-12,4781.9,5099
Colombia,COL,2021-09-19,4747.1,5028
Colombia,COL,2021-09-26,4807.5,5259
Colombia,COL,2021-10-03,4691.3,5051
Colombia,COL,2021-10-10,4741.7,5180
Colombia,COL,2021-10-17,4775.7,5105
Colombia,COL,2021-10-24,4759.1,5041
Colombia,COL,2021-10-31,4680.1,5080
Colombia,COL,2021-11-07,4793.9,5156
Colombia,COL,2021-11-14,4811.7,5317
Colombia,COL,2021-11-21,4820.1,5316
Colombia,COL,2021-11-28,4850.5,5309
Colombia,COL,2021-12-05,4889.7,5523
Colombia,COL,2021-12-12,5024.7,5635
Colombia,COL,2021-12-19,5025.7,5510
Colombia,COL,2021-12-26,5050.5,5901
Colombia,COL,2022-01-02,5212.5,5959
Colombia,COL,2022-01-09,5338.3,6405
Colombia,COL,2022-01-16,5121.5,7083
Colombia,COL,2022-01-23,5139.5,7901
Colombia,COL,2022-01-30,5005.9,8288
Colombia,COL,2022-02-06,4896.1,7751
Colombia,COL,2022-02-13,4840.7,6910
Colombia,COL,2022-02-20,4792.5,6120
Colombia,COL,2022-02-27,4788.1,5456
Colombia,COL,2022-03-06,4825.3,5195
Colombia,COL,2022-03-13,4865.9,5076
Colombia,COL,2022-03-20,4903.5,4972
Colombia,COL,2022-03-27,4848.9,4972
Colombia,COL,2022-04-03,4864.3,4888
Colombia,COL,2022-04-10,4836.1,4917
Colombia,COL,2022-04-17,4816.5,4784
Colombia,COL,2022-04-24,4817.9,4994
Colombia,COL,2022-05-01,4823.1,4940
Colombia,COL,2022-05-08,4887.1,5180
Colombia,COL,2022-05-15,4925.3,5129
Colombia,COL,2022-05-22,5073.1,5118
Colombia,COL,2022-05-29,5031.7,5167
Colombia,COL,2022-06-05,5040.3,5302
Colombia,COL,2022-06-12,5097.1,5348
Colombia,COL,2022-06-19,5062.9,5394
Colombia,COL,2022-06-26,5107.1,5419
Colombia,COL,2022-07-03,5150.1,5892
Colombia,COL,2022-07-10,5113.3,5960
Colombia,COL,2022-07-17,5097.1,5967
Colombia,COL,2022-07-24,4995.9,5443
Colombia,COL,2022-07-31,4875.1,5473
Colombia,COL,2022-08-07,4913.1,5301
Colombia,COL,2022-08-14,4992.9,5271
Colombia,COL,2022-08-21,4951.7,5065
Colombia,COL,2022-08-28,4886.1,5182
Colombia,COL,2022-09-04,4906.3,5225
Colombia,COL,2022-09-11,4899.1,5147
Colombia,COL,2022-09-18,4864.3,4894
Colombia,COL,2022-09-25,4924.7,4891
Colombia,COL,2022-10-02,4808.5,4871
Colombia,COL,2022-10-09,4858.9,4986
Colombia,COL,2022-10-16,4892.9,5045
Colombia,COL,2022-10-23,4876.3,5115
Colombia,COL,2022-10-30,4797.3,4992
Colombia,COL,2022-11-06,4911.1,5000
Colombia,COL,2022-11-13,4928.9,4948
Colombia,COL,2022-11-20,4937.3,5040
Colombia,COL,2022-11-27,4967.7,5314
Colombia,COL,2022-12-04,5006.9,5233
Colombia,COL,2022-12-11,5141.9,5383
Colombia,COL,2022-12-18,5142.9,5391
Colombia,COL,2022-12-25,5167.7,5561
Colombia,COL,2023-01-01,5329.7,5727
Colombia,COL,2023-01-08,5455.5,5219
Colombia,COL,2023-01-15,5238.7,5238
Colombia,COL,2023-01-22,5256.7,5224
Colombia,COL,2023-01-29,5123.1,5200
Colombia,COL,2023-02-05,5013.3,4953
Colombia,COL,2023-02-12,4957.9,4991
Colombia,COL,2023-02-19,4909.7,4908
Colombia,COL,2023-02-26,4905.3,5011
Colombia,COL,2023-03-05,4942.5,5118
Colombia,COL,2023-03-12,4983.1,4898
Colombia,COL,2023-03-19,5020.7,4990
Colombia,COL,2023-03-26,4966.1,5103
Colombia,COL,2023-04-02,4981.5,5051
Colombia,COL,2023-04-09,4953.3,
Colombia,COL,2023-04-16,4933.7,
Colombia,COL,2023-04-23,4935.1,
Colombia,COL,2023-04-30,4940.3,
Colombia,COL,2023-05-07,5004.3,
Colombia,COL,2023-05-14,5042.5,
Colombia,COL,2023-05-21,5190.3,
Colombia,COL,2023-05-28,5148.9,
Colombia,COL,2023-06-04,5157.5,
Colombia,COL,2023-06-11,5214.3,
Colombia,COL,2023-06-18,5180.1,
Colombia,COL,2023-06-25,5224.3,
Colombia,COL,2023-07-02,5267.3,
Colombia,COL,2023-07-09,5230.5,
Colombia,COL,2023-07-16,5214.3,
Colombia,COL,2023-07-23,5113.1,
Colombia,COL,2023-07-30,4992.3,
Colombia,COL,2023-08-06,5030.3,
Colombia,COL,2023-08-13,5110.1,
Colombia,COL,2023-08-20,5068.9,
Colombia,COL,2023-08-27,5003.3,
Colombia,COL,2023-09-03,5023.5,
Colombia,COL,2023-09-10,5016.3,
Colombia,COL,2023-09-17,4981.5,
Colombia,COL,2023-09-24,5041.9,
Colombia,COL,2023-10-01,4925.7,
Colombia,COL,2023-10-08,4976.1,
Colombia,COL,2023-10-15,5010.1,
Colombia,COL,2023-10-22,4993.5,
Colombia,COL,2023-10-29,4914.5,
Colombia,COL,2023-11-05,5028.3,
Colombia,COL,2023-11-12,5046.1,
Colombia,COL,2023-11-19,5054.5,
Colombia,COL,2023-11-26,5084.9,
Colombia,COL,2023-12-03,5124.1,
Colombia,COL,2023-12-10,5259.1,
Colombia,COL,2023-12-17,5260.1,
Colombia,COL,2023-12-24,5284.9,
Colombia,COL,2023-12-31,5446.9,
Costa Rica,CRI,2020-01-31,2214.8,2089
Costa Rica,CRI,2020-02-29,1878.2,1958
Costa Rica,CRI,2020-03-31,2066.4,2064
Costa Rica,CRI,2020-04-30,2026.4,1814
Costa Rica,CRI,2020-05-31,2099,1871
Costa Rica,CRI,2020-06-30,2104,1856
Costa Rica,CRI,2020-07-31,2094,2045
Costa Rica,CRI,2020-08-31,2115,2297
Costa Rica,CRI,2020-09-30,2065.2,2500
Costa Rica,CRI,2020-10-31,2146.2,2495
Costa Rica,CRI,2020-11-30,2145.2,2395
Costa Rica,CRI,2020-12-31,2346.2,2821
Costa Rica,CRI,2021-01-31,2278.9,2676
Costa Rica,CRI,2021-02-28,1942.3,2076
Costa Rica,CRI,2021-03-31,2130.5,2274
Costa Rica,CRI,2021-04-30,2090.5,2314
Costa Rica,CRI,2021-05-31,2163.1,3022
Costa Rica,CRI,2021-06-30,2168.1,2636
Costa Rica,CRI,2021-07-31,2158.1,2486
Costa Rica,CRI,2021-08-31,2179.1,2742
Costa Rica,CRI,2021-09-30,2129.3,3169
Costa Rica,CRI,2021-10-31,2210.3,2958
Costa Rica,CRI,2021-11-30,2209.3,2360
Costa Rica,CRI,2021-12-31,2410.3,2368
Costa Rica,CRI,2022-01-31,2343,2506
Costa Rica,CRI,2022-02-28,2006.4,2495
Costa Rica,CRI,2022-03-31,2194.6,2401
Costa Rica,CRI,2022-04-30,2154.6,2128
Costa Rica,CRI,2022-05-31,2227.2,2467
Costa Rica,CRI,2022-06-30,2232.2,2502
Costa Rica,CRI,2022-07-31,2222.2,2556
Costa Rica,CRI,2022-08-31,2243.2,2435
Costa Rica,CRI,2022-09-30,2193.4,2343
Costa Rica,CRI,2022-10-31,2274.4,2295
Costa Rica,CRI,2022-11-30,2273.4,2304
Costa Rica,CRI,2022-12-31,2474.4,2499
Costa Rica,CRI,2023-01-31,2407,2516
Costa Rica,CRI,2023-02-28,2070.4,2121
Costa Rica,CRI,2023-03-31,2258.6,2410
Costa Rica,CRI,2023-04-30,2218.6,2324
Costa Rica,CRI,2023-05-31,2291.2,2348
Costa Rica,CRI,2023-06-30,2296.2,2482
Costa Rica,CRI,2023-07-31,2286.2,2644
Costa Rica,CRI,2023-08-31,2307.2,2432
Costa Rica,CRI,2023-09-30,2257.4,2353
Costa Rica,CRI,2023-10-31,2338.4,2485
Costa Rica,CRI,2023-11-30,2337.4,2440
Costa Rica,CRI,2023-12-31,2538.4,2634
Croatia,HRV,2020-01-05,1186.7,1033
Croatia,HRV,2020-01-12,1237.3,1056
Croatia,HRV,2020-01-19,1232.1,1016
Croatia,HRV,2020-01-26,1212.9,1134
Croatia,HRV,2020-02-02,1173.9,1094
Croatia,HRV,2020-02-09,1139.1,1059
Croatia,HRV,2020-02-16,1118.1,1091
Croatia,HRV,2020-02-23,1094.9,1045
Croatia,HRV,2020-03-01,1096.1,1021
Croatia,HRV,2020-03-08,1107.1,1056
Croatia,HRV,2020-03-15,1070.9,1082
Croatia,HRV,2020-03-22,1042.9,1094
Croatia,HRV,2020-03-29,1016.5,1122
Croatia,HRV,2020-04-05,1025.3,1012
Croatia,HRV,2020-04-12,974.7,1001
Croatia,HRV,2020-04-19,941.7,978
Croatia,HRV,2020-04-26,992.3,868
Croatia,HRV,2020-05-03,948.5,909
Croatia,HRV,2020-05-10,927.1,880
Croatia,HRV,2020-05-17,920.1,908
Croatia,HRV,2020-05-24,924.1,904
Croatia,HRV,2020-05-31,907.9,848
Croatia,HRV,2020-06-07,928.5,972
Croatia,HRV,2020-06-14,919.7,979
Croatia,HRV,2020-06-21,900.5,889
Croatia,HRV,2020-06-28,891.5,927
Croatia,HRV,2020-07-05,930.5,970
Croatia,HRV,2020-07-12,928.3,919
Croatia,HRV,2020-07-19,934.1,888
Croatia,HRV,2020-07-26,966.1,974
Croatia,HRV,2020-08-02,940.3,1059
Croatia,HRV,2020-08-09,936.5,956
Croatia,HRV,2020-08-16,916.1,926
Croatia,HRV,2020-08-23,883.1,921
Croatia,HRV,2020-08-30,893.9,972
Croatia,HRV,2020-09-06,865.3,931
Croatia,HRV,2020-09-13,878.1,1000
Croatia,HRV,2020-09-20,909.3,975
Croatia,HRV,2020-09-27,923.9,963
Croatia,HRV,2020-10-04,940.1,1065
Croatia,HRV,2020-10-11,952.7,970
Croatia,HRV,2020-10-18,924.7,1096
Croatia,HRV,2020-10-25,935.9,1136
Croatia,HRV,2020-11-01,941.7,1156
Croatia,HRV,2020-11-08,954.5,1287
Croatia,HRV,2020-11-15,959.9,1361
Croatia,HRV,2020-11-22,935.1,1489
Croatia,HRV,2020-11-29,953.7,1484
Croatia,HRV,2020-12-06,990.5,1713
Croatia,HRV,2020-12-13,1024.7,1761
Croatia,HRV,2020-12-20,1027.1,1785
Croatia,HRV,2020-12-27,1084.3,1681
Croatia,HRV,2021-01-03,1084.3,1526
Croatia,HRV,2021-01-10,1179.7,1338
Croatia,HRV,2021-01-17,1230.3,1355
Croatia,HRV,2021-01-24,1225.1,1307
Croatia,HRV,2021-01-31,1205.9,1242
Croatia,HRV,2021-02-07,1166.9,1198
Croatia,HRV,2021-02-14,1132.1,1159
Croatia,HRV,2021-02-21,1111.1,1116
Croatia,HRV,2021-02-28,1087.9,1095
Croatia,HRV,2021-03-07,1089.1,1029
Croatia,HRV,2021-03-14,1100.1,1076
Croatia,HRV,2021-03-21,1063.9,1021
Croatia,HRV,2021-03-28,1035.9,1138
Croatia,HRV,2021-04-04,1009.5,1227
Croatia,HRV,2021-04-11,1018.3,1273
Croatia,HRV,2021-04-18,967.7,1287
Croatia,HRV,2021-04-25,934.7,1310
Croatia,HRV,2021-05-02,985.3,1340
Croatia,HRV,2021-05-09,941.5,1243
Croatia,HRV,2021-05-16,920.1,1253
Croatia,HRV,2021-05-23,913.1,1102
Croatia,HRV,2021-05-30,917.1,1045
Croatia,HRV,2021-06-06,900.9,1144
Croatia,HRV,2021-06-13,921.5,1055
Croatia,HRV,2021-06-20,912.7,1027
Croatia,HRV,2021-06-27,893.5,1115
Croatia,HRV,2021-07-04,884.5,976
Croatia,HRV,2021-07-11,923.5,1001
Croatia,HRV,2021-07-18,921.3,984
Croatia,HRV,2021-07-25,927.1,906
Croatia,HRV,2021-08-01,959.1,1061
Croatia,HRV,2021-08-08,933.3,949
Croatia,HRV,2021-08-15,929.5,1057
Croatia,HRV,2021-08-22,909.1,993
Croatia,HRV,2021-08-29,876.1,959
Croatia,HRV,2021-09-05,886.9,1041
Croatia,HRV,2021-09-12,858.3,1085
Croatia,HRV,2021-09-19,871.1,1106
Croatia,HRV,2021-09-26,902.3,1077
Croatia,HRV,2021-10-03,916.9,1105
Croatia,HRV,2021-10-10,933.1,1093
Croatia,HRV,2021-10-17,945.7,1129
Croatia,HRV,2021-10-24,917.7,1217
Croatia,HRV,2021-10-31,928.9,1323
Croatia,HRV,2021-11-07,934.7,1402
Croatia,HRV,2021-11-14,947.5,1534
Croatia,HRV,2021-11-21,952.9,1566
Croatia,HRV,2021-11-28,928.1,1720
Croatia,HRV,2021-12-05,946.7,1635
Croatia,HRV,2021-12-12,983.5,1566
Croatia,HRV,2021-12-19,1017.7,1538
Croatia,HRV,2021-12-26,1020.1,1497
Croatia,HRV,2022-01-02,1077.3,1481
Croatia,HRV,2022-01-09,1172.6,1411
Croatia,HRV,2022-01-16,1223.2,1407
Croatia,HRV,2022-01-23,1218,1452
Croatia,HRV,2022-01-30,1198.8,1549
Croatia,HRV,2022-02-06,1159.8,1607
Croatia,HRV,2022-02-13,1125,1415
Croatia,HRV,2022-02-20,1104,1420
Croatia,HRV,2022-02-27,1080.8,1233
Croatia,HRV,2022-03-06,1082,1212
Croatia,HRV,2022-03-13,1093,1130
Croatia,HRV,2022-03-20,1056.8,1176
Croatia,HRV,2022-03-27,1028.8,1086
Croatia,HRV,2022-04-03,1002.4,1096
Croatia,HRV,2022-04-10,1011.2,1074
Croatia,HRV,2022-04-17,960.6,1084
Croatia,HRV,2022-04-24,927.6,1038
Croatia,HRV,2022-05-01,978.2,993
Croatia,HRV,2022-05-08,934.4,1025
Croatia,HRV,2022-05-15,913,1015
Croatia,HRV,2022-05-22,906,865
Croatia,HRV,2022-05-29,910,896
Croatia,HRV,2022-06-05,893.8,926
Croatia,HRV,2022-06-12,914.4,946
Croatia,HRV,2022-06-19,905.6,870
Croatia,HRV,2022-06-26,886.4,984
Croatia,HRV,2022-07-03,877.4,1012
Croatia,HRV,2022-07-10,916.4,1040
Croatia,HRV,2022-07-17,914.2,944
Croatia,HRV,2022-07-24,920,1112
Croatia,HRV,2022-07-31,952,1107
Croatia,HRV,2022-08-07,926.2,1080
Croatia,HRV,2022-08-14,922.4,989
Croatia,HRV,2022-08-21,902,960
Croatia,HRV,2022-08-28,869,1030
Croatia,HRV,2022-09-04,879.8,955
Croatia,HRV,2022-09-11,851.2,972
Croatia,HRV,2022-09-18,864,905
Croatia,HRV,2022-09-25,895.2,913
Croatia,HRV,2022-10-02,909.8,1078
Croatia,HRV,2022-10-09,926,1026
Croatia,HRV,2022-10-16,938.6,996
Croatia,HRV,2022-10-23,910.6,979
Croatia,HRV,2022-10-30,921.8,989
Croatia,HRV,2022-11-06,927.6,972
Croatia,HRV,2022-11-13,940.4,1017
Croatia,HRV,2022-11-20,945.8,976
Croatia,HRV,2022-11-27,921,1039
Croatia,HRV,2022-12-04,939.6,1034
Croatia,HRV,2022-12-11,976.4,1090
Croatia,HRV,2022-12-18,1010.6,1127
Croatia,HRV,2022-12-25,1013,1245
Croatia,HRV,2023-01-01,1070.2,1278
Croatia,HRV,2023-01-08,1165.6,1269
Croatia,HRV,2023-01-15,1216.2,1155
Croatia,HRV,2023-01-22,1211,1127
Croatia,HRV,2023-01-29,1191.8,1112
Croatia,HRV,2023-02-05,1152.8,1128
Croatia,HRV,2023-02-12,1118,1078
Croatia,HRV,2023-02-19,1097,1115
Croatia,HRV,2023-02-26,1073.8,1085
Croatia,HRV,2023-03-05,1075,980
Croatia,HRV,2023-03-12,1086,961
Croatia,HRV,2023-03-19,1049.8,941
Croatia,HRV,2023-03-26,1021.8,974
Croatia,HRV,2023-04-02,995.4,927
Croatia,HRV,2023-04-09,1004.2,974
Croatia,HRV,2023-04-16,953.6,978
Croatia,HRV,2023-04-23,920.6,984
Croatia,HRV,2023-04-30,971.2,947
Croatia,HRV,2023-05-07,927.4,954
Croatia,HRV,2023-05-14,906,891
Croatia,HRV,2023-05-21,899,904
Croatia,HRV,2023-05-28,903,928
Croatia,HRV,2023-06-04,886.8,905
Croatia,HRV,2023-06-11,907.4,891
Croatia,HRV,2023-06-18,898.6,821
Croatia,HRV,2023-06-25,879.4,970
Croatia,HRV,2023-07-02,870.4,894
Croatia,HRV,2023-07-09,909.4,869
Croatia,HRV,2023-07-16,907.2,930
Croatia,HRV,2023-07-23,913,979
Croatia,HRV,2023-07-30,945,915
Croatia,HRV,2023-08-06,919.2,935
Croatia,HRV,2023-08-13,915.4,819
Croatia,HRV,2023-08-20,895,996
Croatia,HRV,2023-08-27,862,968
Croatia,HRV,2023-09-03,872.8,903
Croatia,HRV,2023-09-10,844.2,922
Croatia,HRV,2023-09-17,857,856
Croatia,HRV,2023-09-24,888.2,923
Croatia,HRV,2023-10-01,902.8,908
Croatia,HRV,2023-10-08,919,946
Croatia,HRV,2023-10-15,931.6,923
Croatia,HRV,2023-10-22,903.6,955
Croatia,HRV,2023-10-29,914.8,964
Croatia,HRV,2023-11-05,920.6,930
Croatia,HRV,2023-11-12,933.4,890
Croatia,HRV,2023-11-19,938.8,976
Croatia,HRV,2023-11-26,914,969
Croatia,HRV,2023-12-03,932.6,1044
Croatia,HRV,2023-12-10,969.4,1146
Croatia,HRV,2023-12-17,1003.6,1125
Croatia,HRV,2023-12-24,1006,1224
Croatia,HRV,2023-12-31,1063.2,1162
Cuba,CUB,2020-01-31,9958.3,9920
Cuba,CUB,2020-02-29,9111.1,9134
Cuba,CUB,2020-03-31,9267.5,10022
Cuba,CUB,2020-04-30,8789.7,9330
Cuba,CUB,2020-05-31,9006.1,8544
Cuba,CUB,2020-06-30,9182.9,8722
Cuba,CUB,2020-07-31,9877.9,9290
Cuba,CUB,2020-08-31,9504.7,9405
Cuba,CUB,2020-09-30,8952.1,8349
Cuba,CUB,2020-10-31,9279.3,9081
Cuba,CUB,2020-11-30,9269.1,9460
Cuba,CUB,2020-12-31,9745.1,11192
Cuba,CUB,2021-01-31,10171.7,11968
Cuba,CUB,2021-02-28,9324.5,10689
Cuba,CUB,2021-03-31,9480.9,10609
Cuba,CUB,2021-04-30,9003.1,10333
Cuba,CUB,2021-05-31,9219.5,10545
Cuba,CUB,2021-06-30,9396.3,10642
Cuba,CUB,2021-07-31,10091.3,18454
Cuba,CUB,2021-08-31,9718.1,28668
Cuba,CUB,2021-09-30,9165.5,22924
Cuba,CUB,2021-10-31,9492.7,12585
Cuba,CUB,2021-11-30,9482.5,10009
Cuba,CUB,2021-12-31,9958.5,10249
Cuba,CUB,2022-01-31,10385,12121
Cuba,CUB,2022-02-28,9537.8,10401
Cuba,CUB,2022-03-31,9694.2,9161
Cuba,CUB,2022-04-30,9216.4,9086
Cuba,CUB,2022-05-31,9432.8,8736
Cuba,CUB,2022-06-30,9609.6,9426
Cuba,CUB,2022-07-31,10304.6,11119
Cuba,CUB,2022-08-31,9931.4,10612
Cuba,CUB,2022-09-30,9378.8,9534
Cuba,CUB,2022-10-31,9706,9813
Cuba,CUB,2022-11-30,9695.8,9389
Cuba,CUB,2022-12-31,10171.8,10710
Cuba,CUB,2023-01-31,10598.4,10716
Cuba,CUB,2023-02-28,9751.2,8634
Cuba,CUB,2023-03-31,9907.6,9472
Cuba,CUB,2023-04-30,9429.8,8894
Cuba,CUB,2023-05-31,9646.2,9495
Cuba,CUB,2023-06-30,9823,10264
Cuba,CUB,2023-07-31,10518,10654
Cuba,CUB,2023-08-31,10144.8,9907
Cuba,CUB,2023-09-30,9592.2,9042
Cuba,CUB,2023-10-31,9919.4,9731
Cuba,CUB,2023-11-30,9909.2,9539
Cuba,CUB,2023-12-31,10385.2,11391
Cyprus,CYP,2020-01-05,136.9,152
Cyprus,CYP,2020-01-12,148.9,157
Cyprus,CYP,2020-01-19,143.3,160
Cyprus,CYP,2020-01-26,151.9,157
Cyprus,CYP,2020-02-02,152.9,166
Cyprus,CYP,2020-02-09,163.7,149
Cyprus,CYP,2020-02-16,144.1,114
Cyprus,CYP,2020-02-23,136.5,145
Cyprus,CYP,2020-03-01,141.9,143
Cyprus,CYP,2020-03-08,131.1,119
Cyprus,CYP,2020-03-15,129.5,130
Cyprus,CYP,2020-03-22,128.9,139
Cyprus,CYP,2020-03-29,119.1,139
Cyprus,CYP,2020-04-05,125.9,132
Cyprus,CYP,2020-04-12,118.7,111
Cyprus,CYP,2020-04-19,120.3,122
Cyprus,CYP,2020-04-26,123.9,117
Cyprus,CYP,2020-05-03,121.3,121
Cyprus,CYP,2020-05-10,109.1,111
Cyprus,CYP,2020-05-17,102.9,139
Cyprus,CYP,2020-05-24,113.5,185
Cyprus,CYP,2020-05-31,107.7,108
Cyprus,CYP,2020-06-07,100.3,124
Cyprus,CYP,2020-06-14,96.7,92
Cyprus,CYP,2020-06-21,113.5,101
Cyprus,CYP,2020-06-28,107.5,107
Cyprus,CYP,2020-07-05,105.9,114
Cyprus,CYP,2020-07-12,120.1,110
Cyprus,CYP,2020-07-19,104.9,106
Cyprus,CYP,2020-07-26,105.5,116
Cyprus,CYP,2020-08-02,108.9,117
Cyprus,CYP,2020-08-09,113.1,91
Cyprus,CYP,2020-08-16,98.1,101
Cyprus,CYP,2020-08-23,106.7,108
Cyprus,CYP,2020-08-30,113.3,110
Cyprus,CYP,2020-09-06,103.1,95
Cyprus,CYP,2020-09-13,111.3,125
Cyprus,CYP,2020-09-20,102.1,101
Cyprus,CYP,2020-09-27,103.9,103
Cyprus,CYP,2020-10-04,103.9,113
Cyprus,CYP,2020-10-11,105.9,107
Cyprus,CYP,2020-10-18,105.3,107
Cyprus,CYP,2020-10-25,103.5,114
Cyprus,CYP,2020-11-01,112.5,113
Cyprus,CYP,2020-11-08,106.3,117
Cyprus,CYP,2020-11-15,120.9,128
Cyprus,CYP,2020-11-22,109.7,113
Cyprus,CYP,2020-11-29,122.9,137
Cyprus,CYP,2020-12-06,122.1,141
Cyprus,CYP,2020-12-13,119.9,156
Cyprus,CYP,2020-12-20,136.9,156
Cyprus,CYP,2020-12-27,128.7,142
Cyprus,CYP,2021-01-03,128.7,169
Cyprus,CYP,2021-01-10,138.9,170
Cyprus,CYP,2021-01-17,150.9,129
Cyprus,CYP,2021-01-24,145.3,141
Cyprus,CYP,2021-01-31,153.9,166
Cyprus,CYP,2021-02-07,154.9,158
Cyprus,CYP,2021-02-14,165.7,120
Cyprus,CYP,2021-02-21,146.1,142
Cyprus,CYP,2021-02-28,138.5,133
Cyprus,CYP,2021-03-07,143.9,125
Cyprus,CYP,2021-03-14,133.1,123
Cyprus,CYP,2021-03-21,131.5,137
Cyprus,CYP,2021-03-28,130.9,128
Cyprus,CYP,2021-04-04,121.1,138
Cyprus,CYP,2021-04-11,127.9,152
Cyprus,CYP,2021-04-18,120.7,166
Cyprus,CYP,2021-04-25,122.3,149
Cyprus,CYP,2021-05-02,125.9,147
Cyprus,CYP,2021-05-09,123.3,155
Cyprus,CYP,2021-05-16,111.1,113
Cyprus,CYP,2021-05-23,104.9,100
Cyprus,CYP,2021-05-30,115.5,121
Cyprus,CYP,2021-06-06,109.7,119
Cyprus,CYP,2021-06-13,102.3,110
Cyprus,CYP,2021-06-20,98.7,114
Cyprus,CYP,2021-06-27,115.5,112
Cyprus,CYP,2021-07-04,109.5,140
Cyprus,CYP,2021-07-11,107.9,133
Cyprus,CYP,2021-07-18,122.1,142
Cyprus,CYP,2021-07-25,106.9,151
Cyprus,CYP,2021-08-01,107.5,163
Cyprus,CYP,2021-08-08,110.9,175
Cyprus,CYP,2021-08-15,115.1,170
Cyprus,CYP,2021-08-22,100.1,135
Cyprus,CYP,2021-08-29,108.7,150
Cyprus,CYP,2021-09-05,115.3,146
Cyprus,CYP,2021-09-12,105.1,127
Cyprus,CYP,2021-09-19,113.3,133
Cyprus,CYP,2021-09-26,104.1,120
Cyprus,CYP,2021-10-03,105.9,128
Cyprus,CYP,2021-10-10,105.9,120
Cyprus,CYP,2021-10-17,107.9,131
Cyprus,CYP,2021-10-24,107.3,122
Cyprus,CYP,2021-10-31,105.5,114
Cyprus,CYP,2021-11-07,114.5,104
Cyprus,CYP,2021-11-14,108.3,137
Cyprus,CYP,2021-11-21,122.9,164
Cyprus,CYP,2021-11-28,111.7,139
Cyprus,CYP,2021-12-05,124.9,155
Cyprus,CYP,2021-12-12,124.1,145
Cyprus,CYP,2021-12-19,121.9,168
Cyprus,CYP,2021-12-26,138.9,154
Cyprus,CYP,2022-01-02,130.7,185
Cyprus,CYP,2022-01-09,140.9,193
Cyprus,CYP,2022-01-16,152.9,175
Cyprus,CYP,2022-01-23,147.3,211
Cyprus,CYP,2022-01-30,155.9,179
Cyprus,CYP,2022-02-06,156.9,199
Cyprus,CYP,2022-02-13,167.7,186
Cyprus,CYP,2022-02-20,148.1,175
Cyprus,CYP,2022-02-27,140.5,175
Cyprus,CYP,2022-03-06,145.9,149
Cyprus,CYP,2022-03-13,135.1,147
Cyprus,CYP,2022-03-20,133.5,162
Cyprus,CYP,2022-03-27,132.9,188
Cyprus,CYP,2022-04-03,123.1,201
Cyprus,CYP,2022-04-10,129.9,183
Cyprus,CYP,2022-04-17,122.7,155
Cyprus,CYP,2022-04-24,124.3,122
Cyprus,CYP,2022-05-01,127.9,139
Cyprus,CYP,2022-05-08,125.3,120
Cyprus,CYP,2022-05-15,113.1,116
Cyprus,CYP,2022-05-22,106.9,124
Cyprus,CYP,2022-05-29,117.5,120
Cyprus,CYP,2022-06-05,111.7,104
Cyprus,CYP,2022-06-12,104.3,106
Cyprus,CYP,2022-06-19,100.7,120
Cyprus,CYP,2022-06-26,117.5,106
Cyprus,CYP,2022-07-03,111.5,112
Cyprus,CYP,2022-07-10,109.9,117
Cyprus,CYP,2022-07-17,124.1,154
Cyprus,CYP,2022-07-24,108.9,109
Cyprus,CYP,2022-07-31,109.5,148
Cyprus,CYP,2022-08-07,112.9,116
Cyprus,CYP,2022-08-14,117.1,138
Cyprus,CYP,2022-08-21,102.1,102
Cyprus,CYP,2022-08-28,110.7,107
Cyprus,CYP,2022-09-04,117.3,118
Cyprus,CYP,2022-09-11,107.1,106
Cyprus,CYP,2022-09-18,115.3,116
Cyprus,CYP,2022-09-25,106.1,101
Cyprus,CYP,2022-10-02,107.9,116
Cyprus,CYP,2022-10-09,107.9,139
Cyprus,CYP,2022-10-16,109.9,97
Cyprus,CYP,2022-10-23,109.3,106
Cyprus,CYP,2022-10-30,107.5,130
Cyprus,CYP,2022-11-06,116.5,139
Cyprus,CYP,2022-11-13,110.3,128
Cyprus,CYP,2022-11-20,124.9,154
Cyprus,CYP,2022-11-27,113.7,121
Cyprus,CYP,2022-12-04,126.9,153
Cyprus,CYP,2022-12-11,126.1,137
Cyprus,CYP,2022-12-18,123.9,141
Cyprus,CYP,2022-12-25,140.9,149
Cyprus,CYP,2023-01-01,132.7,174
Cyprus,CYP,2023-01-08,142.9,160
Cyprus,CYP,2023-01-15,154.9,166
Cyprus,CYP,2023-01-22,149.3,148
Cyprus,CYP,2023-01-29,157.9,158
Cyprus,CYP,2023-02-05,158.9,149
Cyprus,CYP,2023-02-12,169.7,170
Cyprus,CYP,2023-02-19,150.1,158
Cyprus,CYP,2023-02-26,142.5,187
Cyprus,CYP,2023-03-05,147.9,180
Cyprus,CYP,2023-03-12,137.1,149
Cyprus,CYP,2023-03-19,135.5,138
Cyprus,CYP,2023-03-26,134.9,130
Cyprus,CYP,2023-04-02,125.1,112
Cyprus,CYP,2023-04-09,131.9,123
Cyprus,CYP,2023-04-16,124.7,117
Cyprus,CYP,2023-04-23,126.3,118
Cyprus,CYP,2023-04-30,129.9,134
Cyprus,CYP,2023-05-07,127.3,120
Cyprus,CYP,2023-05-14,115.1,114
Cyprus,CYP,2023-05-21,108.9,114
Cyprus,CYP,2023-05-28,119.5,115
Cyprus,CYP,2023-06-04,113.7,105
Cyprus,CYP,2023-06-11,106.3,128
Cyprus,CYP,2023-06-18,102.7,113
Cyprus,CYP,2023-06-25,119.5,115
Cyprus,CYP,2023-07-02,113.5,116
Cyprus,CYP,2023-07-09,111.9,113
Cyprus,CYP,2023-07-16,126.1,127
Cyprus,CYP,2023-07-23,110.9,144
Cyprus,CYP,2023-07-30,111.5,143
Cyprus,CYP,2023-08-06,114.9,103
Cyprus,CYP,2023-08-13,119.1,118
Cyprus,CYP,2023-08-20,104.1,120
Cyprus,CYP,2023-08-27,112.7,111
Cyprus,CYP,2023-09-03,119.3,115
Cyprus,CYP,2023-09-10,109.1,107
Cyprus,CYP,2023-09-17,117.3,105
Cyprus,CYP,2023-09-24,108.1,131
Cyprus,CYP,2023-10-01,109.9,110
Cyprus,CYP,2023-10-08,109.9,123
Cyprus,CYP,2023-10-15,111.9,115
Cyprus,CYP,2023-10-22,111.3,124
Cyprus,CYP,2023-10-29,109.5,118
Cyprus,CYP,2023-11-05,118.5,112
Cyprus,CYP,2023-11-12,112.3,123
Cyprus,CYP,2023-11-19,126.9,117
Cyprus,CYP,2023-11-26,115.7,121
Cyprus,CYP,2023-12-03,128.9,132
Cyprus,CYP,2023-12-10,128.1,128
Cyprus,CYP,2023-12-17,125.9,136
Cyprus,CYP,2023-12-24,142.9,131
Cyprus,CYP,2023-12-31,134.7,157
Czechia,CZE,2020-01-05,2408.2,2305
Czechia,CZE,2020-01-12,2385.4,2325
Czechia,CZE,2020-01-19,2431.8,2244
Czechia,CZE,2020-01-26,2429,2337
Czechia,CZE,2020-02-02,2448.4,2364
Czechia,CZE,2020-02-09,2509.2,2355
Czechia,CZE,2020-02-16,2541.8,2391
Czechia,CZE,2020-02-23,2543.8,2350
Czechia,CZE,2020-03-01,2508.6,2360
Czechia,CZE,2020-03-08,2453.8,2294
Czechia,CZE,2020-03-15,2373.6,2295
Czechia,CZE,2020-03-22,2308.6,2325
Czechia,CZE,2020-03-29,2241.8,2297
Czechia,CZE,2020-04-05,2204.6,2320
Czechia,CZE,2020-04-12,2159.2,2244
Czechia,CZE,2020-04-19,2108.8,2125
Czechia,CZE,2020-04-26,2153,2036
Czechia,CZE,2020-05-03,2070.2,2109
Czechia,CZE,2020-05-10,2065.6,1999
Czechia,CZE,2020-05-17,2024.4,2026
Czechia,CZE,2020-05-24,2029.4,1919
Czechia,CZE,2020-05-31,2081.2,1939
Czechia,CZE,2020-06-07,1999.2,2135
Czechia,CZE,2020-06-14,2000.2,1983
Czechia,CZE,2020-06-21,1990.8,2022
Czechia,CZE,2020-06-28,2004,2082
Czechia,CZE,2020-07-05,2025.6,2111
Czechia,CZE,2020-07-12,2030.8,1999
Czechia,CZE,2020-07-19,2036.6,1989
Czechia,CZE,2020-07-26,2071.8,2088
Czechia,CZE,2020-08-02,2078.6,2227
Czechia,CZE,2020-08-09,2062.6,2166
Czechia,CZE,2020-08-16,2098.8,2187
Czechia,CZE,2020-08-23,2004.8,2104
Czechia,CZE,2020-08-30,1999.2,2033
Czechia,CZE,2020-09-06,2000.8,2038
Czechia,CZE,2020-09-13,2003,2089
Czechia,CZE,2020-09-20,2030.6,2220
Czechia,CZE,2020-09-27,2061,2392
Czechia,CZE,2020-10-04,2144.6,2381
Czechia,CZE,2020-10-11,2152.2,2609
Czechia,CZE,2020-10-18,2115.6,2946
Czechia,CZE,2020-10-25,2122.2,3647
Czechia,CZE,2020-11-01,2098.8,4226
Czechia,CZE,2020-11-08,2079.6,4238
Czechia,CZE,2020-11-15,2130,3852
Czechia,CZE,2020-11-22,2131.6,3424
Czechia,CZE,2020-11-29,2132.6,3169
Czechia,CZE,2020-12-06,2161.4,3100
Czechia,CZE,2020-12-13,2203,3104
Czechia,CZE,2020-12-20,2265.6,3242
Czechia,CZE,2020-12-27,2290.8,3214
Czechia,CZE,2021-01-03,2290.8,3518
Czechia,CZE,2021-01-10,2422.4,3846
Czechia,CZE,2021-01-17,2399.6,3751
Czechia,CZE,2021-01-24,2446,3598
Czechia,CZE,2021-01-31,2443.2,3449
Czechia,CZE,2021-02-07,2462.6,3274
Czechia,CZE,2021-02-14,2523.4,3443
Czechia,CZE,2021-02-21,2556,3472
Czechia,CZE,2021-02-28,2558,3631
Czechia,CZE,2021-03-07,2522.8,3919
Czechia,CZE,2021-03-14,2468,4028
Czechia,CZE,2021-03-21,2387.8,3835
Czechia,CZE,2021-03-28,2322.8,3470
Czechia,CZE,2021-04-04,2256,3389
Czechia,CZE,2021-04-11,2218.8,2947
Czechia,CZE,2021-04-18,2173.4,2639
Czechia,CZE,2021-04-25,2123,2511
Czechia,CZE,2021-05-02,2167.2,2475
Czechia,CZE,2021-05-09,2084.4,2305
Czechia,CZE,2021-05-16,2079.8,2247
Czechia,CZE,2021-05-23,2038.6,2052
Czechia,CZE,2021-05-30,2043.6,1959
Czechia,CZE,2021-06-06,2095.4,2054
Czechia,CZE,2021-06-13,2013.4,1967
Czechia,CZE,2021-06-20,2014.4,2055
Czechia,CZE,2021-06-27,2005,2002
Czechia,CZE,2021-07-04,2018.2,1887
Czechia,CZE,2021-07-11,2039.8,1935
Czechia,CZE,2021-07-18,2045,2030
Czechia,CZE,2021-07-25,2050.8,1959
Czechia,CZE,2021-08-01,2086,2107
Czechia,CZE,2021-08-08,2092.8,1912
Czechia,CZE,2021-08-15,2076.8,2032
Czechia,CZE,2021-08-22,2113,1983
Czechia,CZE,2021-08-29,2019,1955
Czechia,CZE,2021-09-05,2013.4,1999
Czechia,CZE,2021-09-12,2015,2074
Czechia,CZE,2021-09-19,2017.2,2125
Czechia,CZE,2021-09-26,2044.8,2098
Czechia,CZE,2021-10-03,2075.2,2074
Czechia,CZE,2021-10-10,2158.8,2112
Czechia,CZE,2021-10-17,2166.4,2217
Czechia,CZE,2021-10-24,2129.8,2311
Czechia,CZE,2021-10-31,2136.4,2570
Czechia,CZE,2021-11-07,2113,2691
Czechia,CZE,2021-11-14,2093.8,2883
Czechia,CZE,2021-11-21,2144.2,3047
Czechia,CZE,2021-11-28,2145.8,3235
Czechia,CZE,2021-12-05,2146.8,3388
Czechia,CZE,2021-12-12,2175.6,3370
Czechia,CZE,2021-12-19,2217.2,3132
Czechia,CZE,2021-12-26,2279.8,2937
Czechia,CZE,2022-01-02,2305,2769
Czechia,CZE,2022-01-09,2436.7,2553
Czechia,CZE,2022-01-16,2413.9,2553
Czechia,CZE,2022-01-23,2460.3,2358
Czechia,CZE,2022-01-30,2457.5,2372
Czechia,CZE,2022-02-06,2476.9,2627
Czechia,CZE,2022-02-13,2537.7,2676
Czechia,CZE,2022-02-20,2570.3,2614
Czechia,CZE,2022-02-27,2572.3,2496
Czechia,CZE,2022-03-06,2537.1,2405
Czechia,CZE,2022-03-13,2482.3,2385
Czechia,CZE,2022-03-20,2402.1,2301
Czechia,CZE,2022-03-27,2337.1,2452
Czechia,CZE,2022-04-03,2270.3,2503
Czechia,CZE,2022-04-10,2233.1,2415
Czechia,CZE,2022-04-17,2187.7,2304
Czechia,CZE,2022-04-24,2137.3,2311
Czechia,CZE,2022-05-01,2181.5,2240
Czechia,CZE,2022-05-08,2098.7,2258
Czechia,CZE,2022-05-15,2094.1,2182
Czechia,CZE,2022-05-22,2052.9,2031
Czechia,CZE,2022-05-29,2057.9,1889
Czechia,CZE,2022-06-05,2109.7,2047
Czechia,CZE,2022-06-12,2027.7,2057
Czechia,CZE,2022-06-19,2028.7,1973
Czechia,CZE,2022-06-26,2019.3,1973
Czechia,CZE,2022-07-03,2032.5,2161
Czechia,CZE,2022-07-10,2054.1,1872
Czechia,CZE,2022-07-17,2059.3,1956
Czechia,CZE,2022-07-24,2065.1,2310
Czechia,CZE,2022-07-31,2100.3,2183
Czechia,CZE,2022-08-07,2107.1,2198
Czechia,CZE,2022-08-14,2091.1,2157
Czechia,CZE,2022-08-21,2127.3,2180
Czechia,CZE,2022-08-28,2033.3,2103
Czechia,CZE,2022-09-04,2027.7,2023
Czechia,CZE,2022-09-11,2029.3,2158
Czechia,CZE,2022-09-18,2031.5,2219
Czechia,CZE,2022-09-25,2059.1,2281
Czechia,CZE,2022-10-02,2089.5,2349
Czechia,CZE,2022-10-09,2173.1,2397
Czechia,CZE,2022-10-16,2180.7,2335
Czechia,CZE,2022-10-23,2144.1,2298
Czechia,CZE,2022-10-30,2150.7,2279
Czechia,CZE,2022-11-06,2127.3,2151
Czechia,CZE,2022-11-13,2108.1,2210
Czechia,CZE,2022-11-20,2158.5,2200
Czechia,CZE,2022-11-27,2160.1,2239
Czechia,CZE,2022-12-04,2161.1,2414
Czechia,CZE,2022-12-11,2189.9,2426
Czechia,CZE,2022-12-18,2231.5,2707
Czechia,CZE,2022-12-25,2294.1,2969
Czechia,CZE,2023-01-01,2319.3,3099
Czechia,CZE,2023-01-08,2450.9,2919
Czechia,CZE,2023-01-15,2428.1,2609
Czechia,CZE,2023-01-22,2474.5,2481
Czechia,CZE,2023-01-29,2471.7,2297
Czechia,CZE,2023-02-05,2491.1,2327
Czechia,CZE,2023-02-12,2551.9,2280
Czechia,CZE,2023-02-19,2584.5,2318
Czechia,CZE,2023-02-26,2586.5,2280
Czechia,CZE,2023-03-05,2551.3,2290
Czechia,CZE,2023-03-12,2496.5,2311
Czechia,CZE,2023-03-19,2416.3,2199
Czechia,CZE,2023-03-26,2351.3,2248
Czechia,CZE,2023-04-02,2284.5,2166
Czechia,CZE,2023-04-09,2247.3,2097
Czechia,CZE,2023-04-16,2201.9,2205
Czechia,CZE,2023-04-23,2151.5,2133
Czechia,CZE,2023-04-30,2195.7,2056
Czechia,CZE,2023-05-07,2112.9,2096
Czechia,CZE,2023-05-14,2108.3,1960
Czechia,CZE,2023-05-21,2067.1,2016
Czechia,CZE,2023-05-28,2072.1,1941
Czechia,CZE,2023-06-04,2123.9,1938
Czechia,CZE,2023-06-11,2041.9,1969
Czechia,CZE,2023-06-18,2042.9,1933
Czechia,CZE,2023-06-25,2033.5,2095
Czechia,CZE,2023-07-02,2046.7,1914
Czechia,CZE,2023-07-09,2068.3,1959
Czechia,CZE,2023-07-16,2073.5,2050
Czechia,CZE,2023-07-23,2079.3,1937
Czechia,CZE,2023-07-30,2114.5,1846
Czechia,CZE,2023-08-06,2121.3,1865
Czechia,CZE,2023-08-13,2105.3,1970
Czechia,CZE,2023-08-20,2141.5,2111
Czechia,CZE,2023-08-27,2047.5,2178
Czechia,CZE,2023-09-03,2041.9,1898
Czechia,CZE,2023-09-10,2043.5,1905
Czechia,CZE,2023-09-17,2045.7,1958
Czechia,CZE,2023-09-24,2073.3,2006
Czechia,CZE,2023-10-01,2103.7,1936
Czechia,CZE,2023-10-08,2187.3,2042
Czechia,CZE,2023-10-15,2194.9,2186
Czechia,CZE,2023-10-22,2158.3,2170
Czechia,CZE,2023-10-29,2164.9,2206
Czechia,CZE,2023-11-05,2141.5,2131
Czechia,CZE,2023-11-12,2122.3,2150
Czechia,CZE,2023-11-19,2172.7,2316
Czechia,CZE,2023-11-26,2174.3,2286
Czechia,CZE,2023-12-03,2175.3,2360
Czechia,CZE,2023-12-10,2204.1,2439
Czechia,CZE,2023-12-17,2245.7,2425
Czechia,CZE,2023-12-24,2308.3,2462
Czechia,CZE,2023-12-31,2333.5,2469
Denmark,DNK,2020-01-05,1151.4,1117
Denmark,DNK,2020-01-12,1145,1150
Denmark,DNK,2020-01-19,1132.4,1071
Denmark,DNK,2020-01-26,1130,1033
Denmark,DNK,2020-02-02,1179.2,1094
Denmark,DNK,2020-02-09,1168.8,1079
Denmark,DNK,2020-02-16,1197.4,1059
Denmark,DNK,2020-02-23,1186.2,1034
Denmark,DNK,2020-03-01,1212.4,1025
Denmark,DNK,2020-03-08,1199.6,1061
Denmark,DNK,2020-03-15,1188.2,1066
Denmark,DNK,2020-03-22,1152.2,1140
Denmark,DNK,2020-03-29,1115.2,1112
Denmark,DNK,2020-04-05,1085.6,1156
Denmark,DNK,2020-04-12,1098.6,1143
Denmark,DNK,2020-04-19,1055.4,1078
Denmark,DNK,2020-04-26,1013.2,1086
Denmark,DNK,2020-05-03,1064.8,1048
Denmark,DNK,2020-05-10,1043.8,1027
Denmark,DNK,2020-05-17,1002.8,951
Denmark,DNK,2020-05-24,998.2,994
Denmark,DNK,2020-05-31,999.2,968
Denmark,DNK,2020-06-07,1001.4,962
Denmark,DNK,2020-06-14,1004,1000
Denmark,DNK,2020-06-21,999.8,948
Denmark,DNK,2020-06-28,959.8,984
Denmark,DNK,2020-07-05,972.6,996
Denmark,DNK,2020-07-12,972.8,957
Denmark,DNK,2020-07-19,988,1026
Denmark,DNK,2020-07-26,1009.2,944
Denmark,DNK,2020-08-02,995.8,983
Denmark,DNK,2020-08-09,986.4,957
Denmark,DNK,2020-08-16,974.2,993
Denmark,DNK,2020-08-23,999.2,995
Denmark,DNK,2020-08-30,971,953
Denmark,DNK,2020-09-06,972,985
Denmark,DNK,2020-09-13,980.2,984
Denmark,DNK,2020-09-20,995.2,1082
Denmark,DNK,2020-09-27,1009,974
Denmark,DNK,2020-10-04,1000.4,996
Denmark,DNK,2020-10-11,1021.8,938
Denmark,DNK,2020-10-18,1012.8,1008
Denmark,DNK,2020-10-25,1013.8,1096
Denmark,DNK,2020-11-01,1016.6,979
Denmark,DNK,2020-11-08,1026.4,1026
Denmark,DNK,2020-11-15,1048.2,1097
Denmark,DNK,2020-11-22,1049.2,1082
Denmark,DNK,2020-11-29,1071.8,1097
Denmark,DNK,2020-12-06,1110.8,1105
Denmark,DNK,2020-12-13,1100.6,1095
Denmark,DNK,2020-12-20,1086,1273
Denmark,DNK,2020-12-27,1094.2,1212
Denmark,DNK,2021-01-03,1094.2,1259
Denmark,DNK,2021-01-10,1161.5,1234
Denmark,DNK,2021-01-17,1155.1,1213
Denmark,DNK,2021-01-24,1142.5,1270
Denmark,DNK,2021-01-31,1140.1,1218
Denmark,DNK,2021-02-07,1189.3,1206
Denmark,DNK,2021-02-14,1178.9,1114
Denmark,DNK,2021-02-21,1207.5,1062
Denmark,DNK,2021-02-28,1196.3,970
Denmark,DNK,2021-03-07,1222.5,974
Denmark,DNK,2021-03-14,1209.7,1052
Denmark,DNK,2021-03-21,1198.3,968
Denmark,DNK,2021-03-28,1162.3,1034
Denmark,DNK,2021-04-04,1125.3,973
Denmark,DNK,2021-04-11,1095.7,975
Denmark,DNK,2021-04-18,1108.7,1029
Denmark,DNK,2021-04-25,1065.5,1060
Denmark,DNK,2021-05-02,1023.3,1014
Denmark,DNK,2021-05-09,1074.9,1120
Denmark,DNK,2021-05-16,1053.9,1046
Denmark,DNK,2021-05-23,1012.9,1049
Denmark,DNK,2021-05-30,1008.3,1032
Denmark,DNK,2021-06-06,1009.3,1031
Denmark,DNK,2021-06-13,1011.5,1053
Denmark,DNK,2021-06-20,1014.1,1000
Denmark,DNK,2021-06-27,1009.9,1006
Denmark,DNK,2021-07-04,969.9,1061
Denmark,DNK,2021-07-11,982.7,956
Denmark,DNK,2021-07-18,982.9,1075
Denmark,DNK,2021-07-25,998.1,1051
Denmark,DNK,2021-08-01,1019.3,1057
Denmark,DNK,2021-08-08,1005.9,1134
Denmark,DNK,2021-08-15,996.5,1085
Denmark,DNK,2021-08-22,984.3,1048
Denmark,DNK,2021-08-29,1009.3,1064
Denmark,DNK,2021-09-05,981.1,1052
Denmark,DNK,2021-09-12,982.1,1093
Denmark,DNK,2021-09-19,990.3,1050
Denmark,DNK,2021-09-26,1005.3,1051
Denmark,DNK,2021-10-03,1019.1,1139
Denmark,DNK,2021-10-10,1010.5,1064
Denmark,DNK,2021-10-17,1031.9,1161
Denmark,DNK,2021-10-24,1022.9,1130
Denmark,DNK,2021-10-31,1023.9,1138
Denmark,DNK,2021-11-07,1026.7,1141
Denmark,DNK,2021-11-14,1036.5,1142
Denmark,DNK,2021-11-21,1058.3,1132
Denmark,DNK,2021-11-28,1059.3,1209
Denmark,DNK,2021-12-05,1081.9,1215
Denmark,DNK,2021-12-12,1120.9,1266
Denmark,DNK,2021-12-19,1110.7,1261
Denmark,DNK,2021-12-26,1096.1,1286
Denmark,DNK,2022-01-02,1104.3,1275
Denmark,DNK,2022-01-09,1171.5,1350
Denmark,DNK,2022-01-16,1165.1,1210
Denmark,DNK,2022-01-23,1152.5,1179
Denmark,DNK,2022-01-30,1150.1,1180
Denmark,DNK,2022-02-06,1199.3,1209
Denmark,DNK,2022-02-13,1188.9,1281
Denmark,DNK,2022-02-20,1217.5,1267
Denmark,DNK,2022-02-27,1206.3,1254
Denmark,DNK,2022-03-06,1232.5,1231
Denmark,DNK,2022-03-13,1219.7,1222
Denmark,DNK,2022-03-20,1208.3,1189
Denmark,DNK,2022-03-27,1172.3,1223
Denmark,DNK,2022-04-03,1135.3,1198
Denmark,DNK,2022-04-10,1105.7,1197
Denmark,DNK,2022-04-17,1118.7,1159
Denmark,DNK,2022-04-24,1075.5,1082
Denmark,DNK,2022-05-01,1033.3,1129
Denmark,DNK,2022-05-08,1084.9,1095
Denmark,DNK,2022-05-15,1063.9,1019
Denmark,DNK,2022-05-22,1022.9,1070
Denmark,DNK,2022-05-29,1018.3,994
Denmark,DNK,2022-06-05,1019.3,1054
Denmark,DNK,2022-06-12,1021.5,1046
Denmark,DNK,2022-06-19,1024.1,1037
Denmark,DNK,2022-06-26,1019.9,1115
Denmark,DNK,2022-07-03,979.9,1130
Denmark,DNK,2022-07-10,992.7,1028
Denmark,DNK,2022-07-17,992.9,1014
Denmark,DNK,2022-07-24,1008.1,1101
Denmark,DNK,2022-07-31,1029.3,1069
Denmark,DNK,2022-08-07,1015.9,1091
Denmark,DNK,2022-08-14,1006.5,1074
Denmark,DNK,2022-08-21,994.3,1148
Denmark,DNK,2022-08-28,1019.3,1119
Denmark,DNK,2022-09-04,991.1,993
Denmark,DNK,2022-09-11,992.1,1053
Denmark,DNK,2022-09-18,1000.3,1002
Denmark,DNK,2022-09-25,1015.3,1033
Denmark,DNK,2022-10-02,1029.1,1100
Denmark,DNK,2022-10-09,1020.5,1140
Denmark,DNK,2022-10-16,1041.9,1085
Denmark,DNK,2022-10-23,1032.9,1145
Denmark,DNK,2022-10-30,1033.9,1103
Denmark,DNK,2022-11-06,1036.7,1018
Denmark,DNK,2022-11-13,1046.5,1091
Denmark,DNK,2022-11-20,1068.3,1064
Denmark,DNK,2022-11-27,1069.3,1145
Denmark,DNK,2022-12-04,1091.9,1166
Denmark,DNK,2022-12-11,1130.9,1209
Denmark,DNK,2022-12-18,1120.7,1360
Denmark,DNK,2022-12-25,1106.1,1421
Denmark,DNK,2023-01-01,1114.3,1385
Denmark,DNK,2023-01-08,1181.5,1364
Denmark,DNK,2023-01-15,1175.1,1297
Denmark,DNK,2023-01-22,1162.5,1186
Denmark,DNK,2023-01-29,1160.1,1146
Denmark,DNK,2023-02-05,1209.3,1170
Denmark,DNK,2023-02-12,1198.9,1122
Denmark,DNK,2023-02-19,1227.5,1152
Denmark,DNK,2023-02-26,1216.3,1180
Denmark,DNK,2023-03-05,1242.5,1123
Denmark,DNK,2023-03-12,1229.7,1199
Denmark,DNK,2023-03-19,1218.3,1174
Denmark,DNK,2023-03-26,1182.3,1135
Denmark,DNK,2023-04-02,1145.3,1105
Denmark,DNK,2023-04-09,1115.7,1167
Denmark,DNK,2023-04-16,1128.7,1130
Denmark,DNK,2023-04-23,1085.5,1139
Denmark,DNK,2023-04-30,1043.3,1114
Denmark,DNK,2023-05-07,1094.9,1094
Denmark,DNK,2023-05-14,1073.9,1140
Denmark,DNK,2023-05-21,1032.9,1053
Denmark,DNK,2023-05-28,1028.3,1014
Denmark,DNK,2023-06-04,1029.3,991
Denmark,DNK,2023-06-11,1031.5,1019
Denmark,DNK,2023-06-18,1034.1,1035
Denmark,DNK,2023-06-25,1029.9,1071
Denmark,DNK,2023-07-02,989.9,946
Denmark,DNK,2023-07-09,1002.7,1075
Denmark,DNK,2023-07-16,1002.9,1074
Denmark,DNK,2023-07-23,1018.1,1002
Denmark,DNK,2023-07-30,1039.3,1028
Denmark,DNK,2023-08-06,1025.9,1022
Denmark,DNK,2023-08-13,1016.5,1034
Denmark,DNK,2023-08-20,1004.3,1025
Denmark,DNK,2023-08-27,1029.3,1003
Denmark,DNK,2023-09-03,1001.1,1021
Denmark,DNK,2023-09-10,1002.1,1118
Denmark,DNK,2023-09-17,1010.3,1046
Denmark,DNK,2023-09-24,1025.3,1010
Denmark,DNK,2023-10-01,1039.1,1074
Denmark,DNK,2023-10-08,1030.5,1033
Denmark,DNK,2023-10-15,1051.9,1072
Denmark,DNK,2023-10-22,1042.9,1074
Denmark,DNK,2023-10-29,1043.9,1109
Denmark,DNK,2023-11-05,1046.7,1204
Denmark,DNK,2023-11-12,1056.5,1115
Denmark,DNK,2023-11-19,1078.3,1143
Denmark,DNK,2023-11-26,1079.3,1132
Denmark,DNK,2023-12-03,1101.9,1204
Denmark,DNK,2023-12-10,1140.9,1254
Denmark,DNK,2023-12-17,1130.7,1350
Denmark,DNK,2023-12-24,1116.1,1318
Denmark,DNK,2023-12-31,1124.3,1209
Dominican Republic,DOM,2020-01-31,3964,4274
Dominican Republic,DOM,2020-02-29,3620.4,3775
Dominican Republic,DOM,2020-03-31,3950.2,3724
Dominican Republic,DOM,2020-04-30,3618,3410
Dominican Republic,DOM,2020-05-31,3653,3309
Dominican Republic,DOM,2020-06-30,3615.8,4067
Dominican Republic,DOM,2020-07-31,3772.2,5233
Dominican Republic,DOM,2020-08-31,3646.4,4780
Dominican Republic,DOM,2020-09-30,3622,3719
Dominican Republic,DOM,2020-10-31,3844.6,3722
Dominican Republic,DOM,2020-11-30,3785.2,3785
Dominican Republic,DOM,2020-12-31,3937.4,4364
Dominican Republic,DOM,2021-01-31,4002.4,4923
Dominican Republic,DOM,2021-02-28,3658.8,3807
Dominican Republic,DOM,2021-03-31,3988.6,4059
Dominican Republic,DOM,2021-04-30,3656.4,3848
Dominican Republic,DOM,2021-05-31,3691.4,4540
Dominican Republic,DOM,2021-06-30,3654.2,5067
Dominican Republic,DOM,2021-07-31,3810.6,4373
Dominican Republic,DOM,2021-08-31,3684.8,3998
Dominican Republic,DOM,2021-09-30,3660.4,3937
Dominican Republic,DOM,2021-10-31,3883,4526
Dominican Republic,DOM,2021-11-30,3823.6,4292
Dominican Republic,DOM,2021-12-31,3975.8,4165
Dominican Republic,DOM,2022-01-31,4040.9,5787
Dominican Republic,DOM,2022-02-28,3697.3,3628
Dominican Republic,DOM,2022-03-31,4027.1,3681
Dominican Republic,DOM,2022-04-30,3694.9,3455
Dominican Republic,DOM,2022-05-31,3729.9,3815
Dominican Republic,DOM,2022-06-30,3692.7,3769
Dominican Republic,DOM,2022-07-31,3849.1,3721
Dominican Republic,DOM,2022-08-31,3723.3,3666
Dominican Republic,DOM,2022-09-30,3698.9,3593
Dominican Republic,DOM,2022-10-31,3921.5,3761
Dominican Republic,DOM,2022-11-30,3862.1,3869
Dominican Republic,DOM,2022-12-31,4014.3,4216
Dominican Republic,DOM,2023-01-31,4079.3,4184
Dominican Republic,DOM,2023-02-28,3735.7,3689
Dominican Republic,DOM,2023-03-31,4065.5,4086
Dominican Republic,DOM,2023-04-30,3733.3,3753
Dominican Republic,DOM,2023-05-31,3768.3,3757
Dominican Republic,DOM,2023-06-30,3731.1,3973
Dominican Republic,DOM,2023-07-31,3887.5,3978
Dominican Republic,DOM,2023-08-31,3761.7,3821
Dominican Republic,DOM,2023-09-30,3737.3,3734
Dominican Republic,DOM,2023-10-31,3959.9,3831
Dominican Republic,DOM,2023-11-30,3900.5,3707
Dominican Republic,DOM,2023-12-31,4052.7,4022
Ecuador,ECU,2020-01-05,1506.3,1372
Ecuador,ECU,2020-01-12,1506.1,1567
Ecuador,ECU,2020-01-19,1495.1,1518
Ecuador,ECU,2020-01-26,1484.7,1462
Ecuador,ECU,2020-02-02,1470.7,1365
Ecuador,ECU,2020-02-09,1503.3,1432
Ecuador,ECU,2020-02-16,1502.5,1512
Ecuador,ECU,2020-02-23,1499.7,1483
Ecuador,ECU,2020-03-01,1502.5,1548
Ecuador,ECU,2020-03-08,1568.9,1445
Ecuador,ECU,2020-03-15,1538.9,1477
Ecuador,ECU,2020-03-22,1488.9,1538
Ecuador,ECU,2020-03-29,1490.7,3779
Ecuador,ECU,2020-04-05,1517.7,7263
Ecuador,ECU,2020-04-12,1609.5,6440
Ecuador,ECU,2020-04-19,1466.1,4527
Ecuador,ECU,2020-04-26,1445.3,3527
Ecuador,ECU,2020-05-03,1470.7,2872
Ecuador,ECU,2020-05-10,1415.9,2637
Ecuador,ECU,2020-05-17,1457.9,2332
Ecuador,ECU,2020-05-24,1432.5,2207
Ecuador,ECU,2020-05-31,1441.9,2134
Ecuador,ECU,2020-06-07,1455.1,2097
Ecuador,ECU,2020-06-14,1425.1,2189
Ecuador,ECU,2020-06-21,1445.1,2158
Ecuador,ECU,2020-06-28,1447.3,2148
Ecuador,ECU,2020-07-05,1453.5,2249
Ecuador,ECU,2020-07-12,1418.9,2437
Ecuador,ECU,2020-07-19,1431.7,2540
Ecuador,ECU,2020-07-26,1398.3,2579
Ecuador,ECU,2020-08-02,1436.7,2548
Ecuador,ECU,2020-08-09,1427.5,2491
Ecuador,ECU,2020-08-16,1442.3,2382
Ecuador,ECU,2020-08-23,1405.7,2202
Ecuador,ECU,2020-08-30,1470.1,2091
Ecuador,ECU,2020-09-06,1421.7,2073
Ecuador,ECU,2020-09-13,1405.7,1954
Ecuador,ECU,2020-09-20,1400.7,1887
Ecuador,ECU,2020-09-27,1408.1,1790
Ecuador,ECU,2020-10-04,1433.9,1704
Ecuador,ECU,2020-10-11,1398.3,1834
Ecuador,ECU,2020-10-18,1402.5,1719
Ecuador,ECU,2020-10-25,1404.1,1761
Ecuador,ECU,2020-11-01,1435.5,1685
Ecuador,ECU,2020-11-08,1460.3,1676
Ecuador,ECU,2020-11-15,1422.3,1767
Ecuador,ECU,2020-11-22,1407.7,1816
Ecuador,ECU,2020-11-29,1412.7,1723
Ecuador,ECU,2020-12-06,1434.5,1803
Ecuador,ECU,2020-12-13,1456.7,1670
Ecuador,ECU,2020-12-20,1477.9,1788
Ecuador,ECU,2020-12-27,1445.9,1783
Ecuador,ECU,2021-01-03,1445.9,1923
Ecuador,ECU,2021-01-10,1544.3,2016
Ecuador,ECU,2021-01-17,1544.1,2204
Ecuador,ECU,2021-01-24,1533.1,2349
Ecuador,ECU,2021-01-31,1522.7,2219
Ecuador,ECU,2021-02-07,1508.7,2246
Ecuador,ECU,2021-02-14,1541.3,2222
Ecuador,ECU,2021-02-21,1540.5,2258
Ecuador,ECU,2021-02-28,1537.7,2286
Ecuador,ECU,2021-03-07,1540.5,2232
Ecuador,ECU,2021-03-14,1606.9,2434
Ecuador,ECU,2021-03-21,1576.9,2642
Ecuador,ECU,2021-03-28,1526.9,2724
Ecuador,ECU,2021-04-04,1528.7,2870
Ecuador,ECU,2021-04-11,1555.7,3063
Ecuador,ECU,2021-04-18,1647.5,3158
Ecuador,ECU,2021-04-25,1504.1,3276
Ecuador,ECU,2021-05-02,1483.3,3102
Ecuador,ECU,2021-05-09,1508.7,2911
Ecuador,ECU,2021-05-16,1453.9,2593
Ecuador,ECU,2021-05-23,1495.9,2398
Ecuador,ECU,2021-05-30,1470.5,2192
Ecuador,ECU,2021-06-06,1479.9,2006
Ecuador,ECU,2021-06-13,1493.1,1989
Ecuador,ECU,2021-06-20,1463.1,1944
Ecuador,ECU,2021-06-27,1483.1,1925
Ecuador,ECU,2021-07-04,1485.3,1840
Ecuador,ECU,2021-07-11,1491.5,1891
Ecuador,ECU,2021-07-18,1456.9,1822
Ecuador,ECU,2021-07-25,1469.7,1746
Ecuador,ECU,2021-08-01,1436.3,1775
Ecuador,ECU,2021-08-08,1474.7,1634
Ecuador,ECU,2021-08-15,1465.5,1597
Ecuador,ECU,2021-08-22,1480.3,1560
Ecuador,ECU,2021-08-29,1443.7,1620
Ecuador,ECU,2021-09-05,1508.1,1589
Ecuador,ECU,2021-09-12,1459.7,1534
Ecuador,ECU,2021-09-19,1443.7,1557
Ecuador,ECU,2021-09-26,1438.7,1504
Ecuador,ECU,2021-10-03,1446.1,1618
Ecuador,ECU,2021-10-10,1471.9,1516
Ecuador,ECU,2021-10-17,1436.3,1564
Ecuador,ECU,2021-10-24,1440.5,1489
Ecuador,ECU,2021-10-31,1442.1,1481
Ecuador,ECU,2021-11-07,1473.5,1486
Ecuador,ECU,2021-11-14,1498.3,1595
Ecuador,ECU,2021-11-21,1460.3,1618
Ecuador,ECU,2021-11-28,1445.7,1603
Ecuador,ECU,2021-12-05,1450.7,1539
Ecuador,ECU,2021-12-12,1472.5,1649
Ecuador,ECU,2021-12-19,1494.7,1660
Ecuador,ECU,2021-12-26,1515.9,1750
Ecuador,ECU,2022-01-02,1483.9,1814
Ecuador,ECU,2022-01-09,1582.3,1960
Ecuador,ECU,2022-01-16,1582.1,2297
Ecuador,ECU,2022-01-23,1571.1,2674
Ecuador,ECU,2022-01-30,1560.7,2536
Ecuador,ECU,2022-02-06,1546.7,2404
Ecuador,ECU,2022-02-13,1579.3,2066
Ecuador,ECU,2022-02-20,1578.5,1840
Ecuador,ECU,2022-02-27,1575.7,1698
Ecuador,ECU,2022-03-06,1578.5,1812
Ecuador,ECU,2022-03-13,1644.9,1630
Ecuador,ECU,2022-03-20,1614.9,1641
Ecuador,ECU,2022-03-27,1564.9,1745
Ecuador,ECU,2022-04-03,1566.7,1691
Ecuador,ECU,2022-04-10,1593.7,1627
Ecuador,ECU,2022-04-17,1685.5,1618
Ecuador,ECU,2022-04-24,1542.1,1629
Ecuador,ECU,2022-05-01,1521.3,1549
Ecuador,ECU,2022-05-08,1546.7,1547
Ecuador,ECU,2022-05-15,1491.9,1621
Ecuador,ECU,2022-05-22,1533.9,1576
Ecuador,ECU,2022-05-29,1508.5,1613
Ecuador,ECU,2022-06-05,1517.9,1607
Ecuador,ECU,2022-06-12,1531.1,1691
Ecuador,ECU,2022-06-19,1501.1,1658
Ecuador,ECU,2022-06-26,1521.1,1708
Ecuador,ECU,2022-07-03,1523.3,1671
Ecuador,ECU,2022-07-10,1529.5,1651
Ecuador,ECU,2022-07-17,1494.9,1715
Ecuador,ECU,2022-07-24,1507.7,1738
Ecuador,ECU,2022-07-31,1474.3,1761
Ecuador,ECU,2022-08-07,1512.7,1725
Ecuador,ECU,2022-08-14,1503.5,1805
Ecuador,ECU,2022-08-21,1518.3,1730
Ecuador,ECU,2022-08-28,1481.7,1692
Ecuador,ECU,2022-09-04,1546.1,1655
Ecuador,ECU,2022-09-11,1497.7,1563
Ecuador,ECU,2022-09-18,1481.7,1626
Ecuador,ECU,2022-09-25,1476.7,1567
Ecuador,ECU,2022-10-02,1484.1,1575
Ecuador,ECU,2022-10-09,1509.9,1576
Ecuador,ECU,2022-10-16,1474.3,1575
Ecuador,ECU,2022-10-23,1478.5,1562
Ecuador,ECU,2022-10-30,1480.1,1556
Ecuador,ECU,2022-11-06,1511.5,1641
Ecuador,ECU,2022-11-13,1536.3,1488
Ecuador,ECU,2022-11-20,1498.3,1561
Ecuador,ECU,2022-11-27,1483.7,1647
Ecuador,ECU,2022-12-04,1488.7,1739
Ecuador,ECU,2022-12-11,1510.5,1714
Ecuador,ECU,2022-12-18,1532.7,1744
Ecuador,ECU,2022-12-25,1553.9,1843
Ecuador,ECU,2023-01-01,1521.9,1872
Ecuador,ECU,2023-01-08,1620.4,1733
Ecuador,ECU,2023-01-15,1620.2,1663
Ecuador,ECU,2023-01-22,1609.2,1663
Ecuador,ECU,2023-01-29,1598.8,1659
Ecuador,ECU,2023-02-05,1584.8,1666
Ecuador,ECU,2023-02-12,1617.4,1618
Ecuador,ECU,2023-02-19,1616.6,1689
Ecuador,ECU,2023-02-26,1613.8,1654
Ecuador,ECU,2023-03-05,1616.6,1599
Ecuador,ECU,2023-03-12,1683,1726
Ecuador,ECU,2023-03-19,1653,1724
Ecuador,ECU,2023-03-26,1603,1835
Ecuador,ECU,2023-04-02,1604.8,1719
Ecuador,ECU,2023-04-09,1631.8,1731
Ecuador,ECU,2023-04-16,1723.6,1746
Ecuador,ECU,2023-04-23,1580.2,1652
Ecuador,ECU,2023-04-30,1559.4,1746
Ecuador,ECU,2023-05-07,1584.8,1822
Ecuador,ECU,2023-05-14,1530,1726
Ecuador,ECU,2023-05-21,1572,1719
Ecuador,ECU,2023-05-28,1546.6,1722
Ecuador,ECU,2023-06-04,1556,1704
Ecuador,ECU,2023-06-11,1569.2,1727
Ecuador,ECU,2023-06-18,1539.2,1642
Ecuador,ECU,2023-06-25,1559.2,1793
Ecuador,ECU,2023-07-02,1561.4,1695
Ecuador,ECU,2023-07-09,1567.6,1682
Ecuador,ECU,2023-07-16,1533,1729
Ecuador,ECU,2023-07-23,1545.8,1711
Ecuador,ECU,2023-07-30,1512.4,1630
Ecuador,ECU,2023-08-06,1550.8,1631
Ecuador,ECU,2023-08-13,1541.6,1658
Ecuador,ECU,2023-08-20,1556.4,1601
Ecuador,ECU,2023-08-27,1519.8,1644
Ecuador,ECU,2023-09-03,1584.2,1621
Ecuador,ECU,2023-09-10,1535.8,1674
Ecuador,ECU,2023-09-17,1519.8,1574
Ecuador,ECU,2023-09-24,1514.8,1687
Ecuador,ECU,2023-10-01,1522.2,1687
Ecuador,ECU,2023-10-08,1548,1733
Ecuador,ECU,2023-10-15,1512.4,1613
Ecuador,ECU,2023-10-22,1516.6,1618
Ecuador,ECU,2023-10-29,1518.2,1708
Ecuador,ECU,2023-11-05,1549.6,1738
Ecuador,ECU,2023-11-12,1574.4,1701
Ecuador,ECU,2023-11-19,1536.4,1718
Ecuador,ECU,2023-11-26,1521.8,1837
Ecuador,ECU,2023-12-03,1526.8,1746
Ecuador,ECU,2023-12-10,1548.6,1724
Ecuador,ECU,2023-12-17,1570.8,1765
Ecuador,ECU,2023-12-24,1592,1822
Ecuador,ECU,2023-12-31,1560,1832
Egypt,EGY,2020-01-31,58496.4,57080
Egypt,EGY,2020-02-29,48131.6,49638
Egypt,EGY,2020-03-31,46177.2,48662
Egypt,EGY,2020-04-30,42313.4,42138
Egypt,EGY,2020-05-31,43524,56068
Egypt,EGY,2020-06-30,43161.4,78847
Egypt,EGY,2020-07-31,47027.6,61165
Egypt,EGY,2020-08-31,49543.2,56500
Egypt,EGY,2020-09-30,42510.4,49304
Egypt,EGY,2020-10-31,42833.4,45966
Egypt,EGY,2020-11-30,43820.8,50542
Egypt,EGY,2020-12-31,53080.4,68853
Egypt,EGY,2021-01-31,58471.5,71603
Egypt,EGY,2021-02-28,48106.7,54573
Egypt,EGY,2021-03-31,46152.3,61669
Egypt,EGY,2021-04-30,42288.5,69065
Egypt,EGY,2021-05-31,43499.1,75308
Egypt,EGY,2021-06-30,43136.5,55302
Egypt,EGY,2021-07-31,47002.7,51966
Egypt,EGY,2021-08-31,49518.3,58087
Egypt,EGY,2021-09-30,42485.5,57297
Egypt,EGY,2021-10-31,42808.5,65518
Egypt,EGY,2021-11-30,43795.9,61185
Egypt,EGY,2021-12-31,53055.5,60351
Egypt,EGY,2022-01-31,58446.6,68942
Egypt,EGY,2022-02-28,48081.8,68110
Egypt,EGY,2022-03-31,46127.4,53356
Egypt,EGY,2022-04-30,42263.6,44755
Egypt,EGY,2022-05-31,43474.2,44479
Egypt,EGY,2022-06-30,43111.6,42588
Egypt,EGY,2022-07-31,46977.8,46466
Egypt,EGY,2022-08-31,49493.4,48003
Egypt,EGY,2022-09-30,42460.6,42214
Egypt,EGY,2022-10-31,42783.6,48000
Egypt,EGY,2022-11-30,43771,47094
Egypt,EGY,2022-12-31,53030.6,52686
Egypt,EGY,2023-01-31,58421.7,53437
Egypt,EGY,2023-02-28,48056.9,50847
Egypt,EGY,2023-03-31,46102.5,48268
Egypt,EGY,2023-04-30,42238.7,45779
Egypt,EGY,2023-05-31,43449.3,45400
Egypt,EGY,2023-06-30,43086.7,43400
Egypt,EGY,2023-07-31,46952.9,53600
Egypt,EGY,2023-08-31,49468.5,52900
Egypt,EGY,2023-09-30,42435.7,47300
Egypt,EGY,2023-10-31,42758.7,44700
Egypt,EGY,2023-11-30,43746.1,47600
Egypt,EGY,2023-12-31,53005.7,54300
El Salvador,SLV,2020-01-31,4413.2,4545
El Salvador,SLV,2020-02-29,3224.2,3102
El Salvador,SLV,2020-03-31,3275,2610
El Salvador,SLV,2020-04-30,3477.4,1906
El Salvador,SLV,2020-05-31,3663.8,2082
El Salvador,SLV,2020-06-30,3679.4,5930
El Salvador,SLV,2020-07-31,3889,8467
El Salvador,SLV,2020-08-31,3491,5210
El Salvador,SLV,2020-09-30,3432.4,
El Salvador,SLV,2020-10-31,3773.6,
El Salvador,SLV,2020-11-30,3441.6,
El Salvador,SLV,2020-12-31,2639.2,
El Salvador,SLV,2021-01-31,4418.2,
El Salvador,SLV,2021-02-28,3229.2,
El Salvador,SLV,2021-03-31,3280,
El Salvador,SLV,2021-04-30,3482.4,
El Salvador,SLV,2021-05-31,3668.8,
El Salvador,SLV,2021-06-30,3684.4,
El Salvador,SLV,2021-07-31,3894,
El Salvador,SLV,2021-08-31,3496,
El Salvador,SLV,2021-09-30,3437.4,
El Salvador,SLV,2021-10-31,3778.6,
El Salvador,SLV,2021-11-30,3446.6,
El Salvador,SLV,2021-12-31,2644.2,
El Salvador,SLV,2022-01-31,4423.1,
El Salvador,SLV,2022-02-28,3234.1,
El Salvador,SLV,2022-03-31,3284.9,
El Salvador,SLV,2022-04-30,3487.3,
El Salvador,SLV,2022-05-31,3673.7,
El Salvador,SLV,2022-06-30,3689.3,
El Salvador,SLV,2022-07-31,3898.9,
El Salvador,SLV,2022-08-31,3500.9,
El Salvador,SLV,2022-09-30,3442.3,
El Salvador,SLV,2022-10-31,3783.5,
El Salvador,SLV,2022-11-30,3451.5,
El Salvador,SLV,2022-12-31,2649.1,
El Salvador,SLV,2023-01-31,4428,
El Salvador,SLV,2023-02-28,3239,
El Salvador,SLV,2023-03-31,3289.8,
El Salvador,SLV,2023-04-30,3492.2,
El Salvador,SLV,2023-05-31,3678.6,
El Salvador,SLV,2023-06-30,3694.2,
El Salvador,SLV,2023-07-31,3903.8,
El Salvador,SLV,2023-08-31,3505.8,
El Salvador,SLV,2023-09-30,3447.2,
El Salvador,SLV,2023-10-31,3788.4,
El Salvador,SLV,2023-11-30,3456.4,
El Salvador,SLV,2023-12-31,2654,
England and Wales,,2020-01-05,,12253
England and Wales,,2020-01-12,,14057
England and Wales,,2020-01-19,,12990
England and Wales,,2020-01-26,,11853
England and Wales,,2020-02-02,,11612
England and Wales,,2020-02-09,,10984
England and Wales,,2020-02-16,,10948
England and Wales,,2020-02-23,,10840
England and Wales,,2020-03-01,,10815
England and Wales,,2020-03-08,,10892
England and Wales,,2020-03-15,,11017
England and Wales,,2020-03-22,,10646
England and Wales,,2020-03-29,,11142
England and Wales,,2020-04-05,,16387
England and Wales,,2020-04-12,,18516
England and Wales,,2020-04-19,,22351
England and Wales,,2020-04-26,,21997
England and Wales,,2020-05-03,,17953
England and Wales,,2020-05-10,,12657
England and Wales,,2020-05-17,,14573
England and Wales,,2020-05-24,,12288
England and Wales,,2020-05-31,,9824
England and Wales,,2020-06-07,,10709
England and Wales,,2020-06-14,,9976
England and Wales,,2020-06-21,,9339
England and Wales,,2020-06-28,,8979
England and Wales,,2020-07-05,,9140
England and Wales,,2020-07-12,,8690
England and Wales,,2020-07-19,,8823
England and Wales,,2020-07-26,,8891
England and Wales,,2020-08-02,,8946
England and Wales,,2020-08-09,,8945
England and Wales,,2020-08-16,,9392
England and Wales,,2020-08-23,,9631
England and Wales,,2020-08-30,,9032
England and Wales,,2020-09-06,,7739
England and Wales,,2020-09-13,,9811
England and Wales,,2020-09-20,,9522
England and Wales,,2020-09-27,,9634
England and Wales,,2020-10-04,,9945
England and Wales,,2020-10-11,,9954
England and Wales,,2020-10-18,,10534
England and Wales,,2020-10-25,,10739
England and Wales,,2020-11-01,,10887
England and Wales,,2020-11-08,,11812
England and Wales,,2020-11-15,,12254
England and Wales,,2020-11-22,,12535
England and Wales,,2020-11-29,,12456
England and Wales,,2020-12-06,,12303
England and Wales,,2020-12-13,,12292
England and Wales,,2020-12-20,,13011
England and Wales,,2020-12-27,,11520
England and Wales,,2021-01-03,,10069
England and Wales,,2021-01-10,,17751
England and Wales,,2021-01-17,,18042
England and Wales,,2021-01-24,,18676
England and Wales,,2021-01-31,,18448
England and Wales,,2021-02-07,,17192
England and Wales,,2021-02-14,,15354
England and Wales,,2021-02-21,,13809
England and Wales,,2021-02-28,,12614
England and Wales,,2021-03-07,,11592
England and Wales,,2021-03-14,,10987
England and Wales,,2021-03-21,,10311
England and Wales,,2021-03-28,,10045
England and Wales,,2021-04-04,,8201
England and Wales,,2021-04-11,,9098
England and Wales,,2021-04-18,,9098
England and Wales,,2021-04-25,,9941
England and Wales,,2021-05-02,,9692
England and Wales,,2021-05-09,,7986
England and Wales,,2021-05-16,,10164
England and Wales,,2021-05-23,,9860
England and Wales,,2021-05-30,,9628
England and Wales,,2021-06-06,,7778
England and Wales,,2021-06-13,,10204
England and Wales,,2021-06-20,,9459
England and Wales,,2021-06-27,,8690
England and Wales,,2021-07-04,,8808
England and Wales,,2021-07-11,,9752
England and Wales,,2021-07-18,,9697
England and Wales,,2021-07-25,,9744
England and Wales,,2021-08-01,,10135
England and Wales,,2021-08-08,,10187
England and Wales,,2021-08-15,,10372
England and Wales,,2021-08-22,,10013
England and Wales,,2021-08-29,,10268
England and Wales,,2021-09-05,,8797
England and Wales,,2021-09-12,,11035
England and Wales,,2021-09-19,,11009
England and Wales,,2021-09-26,,10684
England and Wales,,2021-10-03,,10510
England and Wales,,2021-10-10,,10807
England and Wales,,2021-10-17,,11177
England and Wales,,2021-10-24,,11308
England and Wales,,2021-10-31,,10987
England and Wales,,2021-11-07,,11550
England and Wales,,2021-11-14,,12050
England and Wales,,2021-11-21,,12103
England and Wales,,2021-11-28,,11467
England and Wales,,2021-12-05,,11659
England and Wales,,2021-12-12,,11930
England and Wales,,2021-12-19,,12400
England and Wales,,2021-12-26,,13013
England and Wales,,2022-01-02,,8477
England and Wales,,2022-01-09,,12262
England and Wales,,2022-01-16,,13311
England and Wales,,2022-01-23,,12776
England and Wales,,2022-01-30,,12401
England and Wales,,2022-02-06,,11862
England and Wales,,2022-02-13,,11558
England and Wales,,2022-02-20,,11271
England and Wales,,2022-02-27,,11150
England and Wales,,2022-03-06,,11225
England and Wales,,2022-03-13,,11227
England and Wales,,2022-03-20,,10927
England and Wales,,2022-03-27,,10745
England and Wales,,2022-04-03,,9840
England and Wales,,2022-04-10,,10687
England and Wales,,2022-04-17,,9919
England and Wales,,2022-04-24,,10680
England and Wales,,2022-05-01,,12441
England and Wales,,2022-05-08,,9941
England and Wales,,2022-05-15,,12048
England and Wales,,2022-05-22,,11520
England and Wales,,2022-05-29,,10860
England and Wales,,2022-06-05,,6825
England and Wales,,2022-06-12,,11742
England and Wales,,2022-06-19,,10844
England and Wales,,2022-06-26,,10836
England and Wales,,2022-07-03,,10357
England and Wales,,2022-07-10,,10232
England and Wales,,2022-07-17,,10515
England and Wales,,2022-07-24,,10978
England and Wales,,2022-07-31,,11013
England and Wales,,2022-08-07,,10698
England and Wales,,2022-08-14,,10355
England and Wales,,2022-08-21,,10982
England and Wales,,2022-08-28,,10942
England and Wales,,2022-09-04,,8868
England and Wales,,2022-09-11,,10753
England and Wales,,2022-09-18,,10673
England and Wales,,2022-09-25,,8751
England and Wales,,2022-10-02,,10960
England and Wales,,2022-10-09,,11207
England and Wales,,2022-10-16,,11699
England and Wales,,2022-10-23,,11938
England and Wales,,2022-10-30,,11245
England and Wales,,2022-11-06,,11795
England and Wales,,2022-11-13,,11538
England and Wales,,2022-11-20,,11579
England and Wales,,2022-11-27,,11483
England and Wales,,2022-12-04,,11307
England and Wales,,2022-12-11,,11694
England and Wales,,2022-12-18,,12389
England and Wales,,2022-12-25,,14530
England and Wales,,2023-01-01,,9517
England and Wales,,2023-01-08,,14983
England and Wales,,2023-01-15,,17381
England and Wales,,2023-01-22,,15804
England and Wales,,2023-01-29,,14137
England and Wales,,2023-02-05,,13412
England and Wales,,2023-02-12,,12672
England and Wales,,2023-02-19,,12031
England and Wales,,2023-02-26,,11952
England and Wales,,2023-03-05,,12049
England and Wales,,2023-03-12,,11410
England and Wales,,2023-03-19,,12133
England and Wales,,2023-03-26,,12052
England and Wales,,2023-04-02,,11584
England and Wales,,2023-04-09,,10089
England and Wales,,2023-04-16,,9978
England and Wales,,2023-04-23,,12420
England and Wales,,2023-04-30,,12152
England and Wales,,2023-05-07,,10143
England and Wales,,2023-05-14,,10367
England and Wales,,2023-05-21,,11654
England and Wales,,2023-05-28,,11111
England and Wales,,2023-06-04,,8839
England and Wales,,2023-06-11,,10940
England and Wales,,2023-06-18,,10700
England and Wales,,2023-06-25,,10472
England and Wales,,2023-07-02,,10373
England and Wales,,2023-07-09,,9736
England and Wales,,2023-07-16,,10030
England and Wales,,2023-07-23,,9659
England and Wales,,2023-07-30,,9684
England and Wales,,2023-08-06,,10038
England and Wales,,2023-08-13,,9991
England and Wales,,2023-08-20,,10063
England and Wales,,2023-08-27,,10086
England and Wales,,2023-09-03,,8441
England and Wales,,2023-09-10,,10168
England and Wales,,2023-09-17,,10355
England and Wales,,2023-09-24,,10384
England and Wales,,2023-10-01,,9979
England and Wales,,2023-10-08,,10103
England and Wales,,2023-10-15,,10544
England and Wales,,2023-10-22,,10388
England and Wales,,2023-10-29,,10445
England and Wales,,2023-11-05,,10983
England and Wales,,2023-11-12,,11489
England and Wales,,2023-11-19,,11243
England and Wales,,2023-11-26,,11385
England and Wales,,2023-12-03,,11328
England and Wales,,2023-12-10,,11318
England and Wales,,2023-12-17,,11960
England and Wales,,2023-12-24,,13213
England and Wales,,2023-12-31,,7447
Estonia,EST,2020-01-05,347.3,294
Estonia,EST,2020-01-12,348.3,326
Estonia,EST,2020-01-19,334.3,308
Estonia,EST,2020-01-26,339.1,299
Estonia,EST,2020-02-02,343.1,307
Estonia,EST,2020-02-09,344.3,271
Estonia,EST,2020-02-16,325.1,322
Estonia,EST,2020-02-23,342.1,331
Estonia,EST,2020-03-01,336.9,315
Estonia,EST,2020-03-08,337.9,293
Estonia,EST,2020-03-15,327.1,340
Estonia,EST,2020-03-22,315.3,311
Estonia,EST,2020-03-29,320.3,325
Estonia,EST,2020-04-05,302.7,312
Estonia,EST,2020-04-12,307.5,310
Estonia,EST,2020-04-19,302.9,309
Estonia,EST,2020-04-26,288.7,319
Estonia,EST,2020-05-03,292.9,304
Estonia,EST,2020-05-10,291.1,307
Estonia,EST,2020-05-17,308.7,285
Estonia,EST,2020-05-24,290.1,278
Estonia,EST,2020-05-31,277.9,301
Estonia,EST,2020-06-07,283.1,269
Estonia,EST,2020-06-14,272.3,273
Estonia,EST,2020-06-21,275.5,279
Estonia,EST,2020-06-28,266.3,287
Estonia,EST,2020-07-05,265.7,268
Estonia,EST,2020-07-12,268.9,270
Estonia,EST,2020-07-19,273.5,284
Estonia,EST,2020-07-26,284.1,296
Estonia,EST,2020-08-02,271.5,304
Estonia,EST,2020-08-09,289.7,281
Estonia,EST,2020-08-16,281.7,295
Estonia,EST,2020-08-23,267.7,265
Estonia,EST,2020-08-30,275.7,298
Estonia,EST,2020-09-06,269.3,280
Estonia,EST,2020-09-13,276.1,256
Estonia,EST,2020-09-20,285.1,312
Estonia,EST,2020-09-27,290.1,330
Estonia,EST,2020-10-04,290.3,301
Estonia,EST,2020-10-11,288.9,274
Estonia,EST,2020-10-18,295.9,309
Estonia,EST,2020-10-25,299.1,304
Estonia,EST,2020-11-01,297.9,267
Estonia,EST,2020-11-08,283.3,287
Estonia,EST,2020-11-15,294.5,291
Estonia,EST,2020-11-22,284.1,317
Estonia,EST,2020-11-29,296.3,334
Estonia,EST,2020-12-06,299.7,339
Estonia,EST,2020-12-13,304.3,348
Estonia,EST,2020-12-20,313.7,344
Estonia,EST,2020-12-27,317.9,360
Estonia,EST,2021-01-03,317.9,368
Estonia,EST,2021-01-10,348.5,378
Estonia,EST,2021-01-17,349.5,392
Estonia,EST,2021-01-24,335.5,406
Estonia,EST,2021-01-31,340.3,353
Estonia,EST,2021-02-07,344.3,348
Estonia,EST,2021-02-14,345.5,376
Estonia,EST,2021-02-21,326.3,342
Estonia,EST,2021-02-28,343.3,405
Estonia,EST,2021-03-07,338.1,418
Estonia,EST,2021-03-14,339.1,420
Estonia,EST,2021-03-21,328.3,421
Estonia,EST,2021-03-28,316.5,403
Estonia,EST,2021-04-04,321.5,406
Estonia,EST,2021-04-11,303.9,404
Estonia,EST,2021-04-18,308.7,386
Estonia,EST,2021-04-25,304.1,367
Estonia,EST,2021-05-02,289.9,313
Estonia,EST,2021-05-09,294.1,341
Estonia,EST,2021-05-16,292.3,344
Estonia,EST,2021-05-23,309.9,318
Estonia,EST,2021-05-30,291.3,320
Estonia,EST,2021-06-06,279.1,295
Estonia,EST,2021-06-13,284.3,302
Estonia,EST,2021-06-20,273.5,302
Estonia,EST,2021-06-27,276.7,395
Estonia,EST,2021-07-04,267.5,310
Estonia,EST,2021-07-11,266.9,367
Estonia,EST,2021-07-18,270.1,319
Estonia,EST,2021-07-25,274.7,279
Estonia,EST,2021-08-01,285.3,280
Estonia,EST,2021-08-08,272.7,308
Estonia,EST,2021-08-15,290.9,305
Estonia,EST,2021-08-22,282.9,291
Estonia,EST,2021-08-29,268.9,292
Estonia,EST,2021-09-05,276.9,325
Estonia,EST,2021-09-12,270.5,339
Estonia,EST,2021-09-19,277.3,297
Estonia,EST,2021-09-26,286.3,346
Estonia,EST,2021-10-03,291.3,346
Estonia,EST,2021-10-10,291.5,342
Estonia,EST,2021-10-17,290.1,348
Estonia,EST,2021-10-24,297.1,355
Estonia,EST,2021-10-31,300.3,414
Estonia,EST,2021-11-07,299.1,419
Estonia,EST,2021-11-14,284.5,392
Estonia,EST,2021-11-21,295.7,397
Estonia,EST,2021-11-28,285.3,416
Estonia,EST,2021-12-05,297.5,363
Estonia,EST,2021-12-12,300.9,379
Estonia,EST,2021-12-19,305.5,373
Estonia,EST,2021-12-26,314.9,375
Estonia,EST,2022-01-02,319.1,284
Estonia,EST,2022-01-09,349.6,381
Estonia,EST,2022-01-16,350.6,372
Estonia,EST,2022-01-23,336.6,333
Estonia,EST,2022-01-30,341.4,357
Estonia,EST,2022-02-06,345.4,390
Estonia,EST,2022-02-13,346.6,374
Estonia,EST,2022-02-20,327.4,429
Estonia,EST,2022-02-27,344.4,438
Estonia,EST,2022-03-06,339.2,400
Estonia,EST,2022-03-13,340.2,383
Estonia,EST,2022-03-20,329.4,362
Estonia,EST,2022-03-27,317.6,346
Estonia,EST,2022-04-03,322.6,326
Estonia,EST,2022-04-10,305,317
Estonia,EST,2022-04-17,309.8,303
Estonia,EST,2022-04-24,305.2,316
Estonia,EST,2022-05-01,291,275
Estonia,EST,2022-05-08,295.2,305
Estonia,EST,2022-05-15,293.4,321
Estonia,EST,2022-05-22,311,285
Estonia,EST,2022-05-29,292.4,280
Estonia,EST,2022-06-05,280.2,283
Estonia,EST,2022-06-12,285.4,325
Estonia,EST,2022-06-19,274.6,296
Estonia,EST,2022-06-26,277.8,333
Estonia,EST,2022-07-03,268.6,336
Estonia,EST,2022-07-10,268,306
Estonia,EST,2022-07-17,271.2,296
Estonia,EST,2022-07-24,275.8,298
Estonia,EST,2022-07-31,286.4,311
Estonia,EST,2022-08-07,273.8,314
Estonia,EST,2022-08-14,292,276
Estonia,EST,2022-08-21,284,313
Estonia,EST,2022-08-28,270,302
Estonia,EST,2022-09-04,278,279
Estonia,EST,2022-09-11,271.6,290
Estonia,EST,2022-09-18,278.4,336
Estonia,EST,2022-09-25,287.4,313
Estonia,EST,2022-10-02,292.4,353
Estonia,EST,2022-10-09,292.6,306
Estonia,EST,2022-10-16,291.2,310
Estonia,EST,2022-10-23,298.2,282
Estonia,EST,2022-10-30,301.4,314
Estonia,EST,2022-11-06,300.2,345
Estonia,EST,2022-11-13,285.6,331
Estonia,EST,2022-11-20,296.8,338
Estonia,EST,2022-11-27,286.4,298
Estonia,EST,2022-12-04,298.6,316
Estonia,EST,2022-12-11,302,372
Estonia,EST,2022-12-18,306.6,397
Estonia,EST,2022-12-25,316,374
Estonia,EST,2023-01-01,320.2,365
Estonia,EST,2023-01-08,350.8,388
Estonia,EST,2023-01-15,351.8,407
Estonia,EST,2023-01-22,337.8,373
Estonia,EST,2023-01-29,342.6,334
Estonia,EST,2023-02-05,346.6,318
Estonia,EST,2023-02-12,347.8,310
Estonia,EST,2023-02-19,328.6,335
Estonia,EST,2023-02-26,345.6,296
Estonia,EST,2023-03-05,340.4,294
Estonia,EST,2023-03-12,341.4,309
Estonia,EST,2023-03-19,330.6,287
Estonia,EST,2023-03-26,318.8,287
Estonia,EST,2023-04-02,323.8,309
Estonia,EST,2023-04-09,306.2,283
Estonia,EST,2023-04-16,311,300
Estonia,EST,2023-04-23,306.4,328
Estonia,EST,2023-04-30,292.2,312
Estonia,EST,2023-05-07,296.4,303
Estonia,EST,2023-05-14,294.6,303
Estonia,EST,2023-05-21,312.2,298
Estonia,EST,2023-05-28,293.6,261
Estonia,EST,2023-06-04,281.4,294
Estonia,EST,2023-06-11,286.6,309
Estonia,EST,2023-06-18,275.8,309
Estonia,EST,2023-06-25,279,315
Estonia,EST,2023-07-02,269.8,250
Estonia,EST,2023-07-09,269.2,268
Estonia,EST,2023-07-16,272.4,279
Estonia,EST,2023-07-23,277,287
Estonia,EST,2023-07-30,287.6,254
Estonia,EST,2023-08-06,275,270
Estonia,EST,2023-08-13,293.2,251
Estonia,EST,2023-08-20,285.2,286
Estonia,EST,2023-08-27,271.2,271
Estonia,EST,2023-09-03,279.2,271
Estonia,EST,2023-09-10,272.8,286
Estonia,EST,2023-09-17,279.6,249
Estonia,EST,2023-09-24,288.6,276
Estonia,EST,2023-10-01,293.6,272
Estonia,EST,2023-10-08,293.8,260
Estonia,EST,2023-10-15,292.4,323
Estonia,EST,2023-10-22,299.4,339
Estonia,EST,2023-10-29,302.6,313
Estonia,EST,2023-11-05,301.4,321
Estonia,EST,2023-11-12,286.8,304
Estonia,EST,2023-11-19,298,333
Estonia,EST,2023-11-26,287.6,314
Estonia,EST,2023-12-03,299.8,322
Estonia,EST,2023-12-10,303.2,349
Estonia,EST,2023-12-17,307.8,365
Estonia,EST,2023-12-24,317.2,415
Estonia,EST,2023-12-31,321.4,363
Faroe Islands,FRO,2020-01-31,43,31
Faroe Islands,FRO,2020-02-29,34.4,24
Faroe Islands,FRO,2020-03-31,41.4,30
Faroe Islands,FRO,2020-04-30,33,40
Faroe Islands,FRO,2020-05-31,38.4,18
Faroe Islands,FRO,2020-06-30,32.8,36
Faroe Islands,FRO,2020-07-31,33.6,31
Faroe Islands,FRO,2020-08-31,35,28
Faroe Islands,FRO,2020-09-30,32.2,27
Faroe Islands,FRO,2020-10-31,32.6,30
Faroe Islands,FRO,2020-11-30,33,38
Faroe Islands,FRO,2020-12-31,36.8,33
Faroe Islands,FRO,2021-01-31,43.6,39
Faroe Islands,FRO,2021-02-28,35,36
Faroe Islands,FRO,2021-03-31,42,25
Faroe Islands,FRO,2021-04-30,33.6,40
Faroe Islands,FRO,2021-05-31,39,32
Faroe Islands,FRO,2021-06-30,33.4,30
Faroe Islands,FRO,2021-07-31,34.2,36
Faroe Islands,FRO,2021-08-31,35.6,31
Faroe Islands,FRO,2021-09-30,32.8,34
Faroe Islands,FRO,2021-10-31,33.2,31
Faroe Islands,FRO,2021-11-30,33.6,43
Faroe Islands,FRO,2021-12-31,37.4,53
Faroe Islands,FRO,2022-01-31,44.3,40
Faroe Islands,FRO,2022-02-28,35.7,51
Faroe Islands,FRO,2022-03-31,42.7,56
Faroe Islands,FRO,2022-04-30,34.3,38
Faroe Islands,FRO,2022-05-31,39.7,46
Faroe Islands,FRO,2022-06-30,34.1,35
Faroe Islands,FRO,2022-07-31,34.9,46
Faroe Islands,FRO,2022-08-31,36.3,43
Faroe Islands,FRO,2022-09-30,33.5,31
Faroe Islands,FRO,2022-10-31,33.9,29
Faroe Islands,FRO,2022-11-30,34.3,35
Faroe Islands,FRO,2022-12-31,38.1,37
Faroe Islands,FRO,2023-01-31,44.9,42
Faroe Islands,FRO,2023-02-28,36.3,41
Faroe Islands,FRO,2023-03-31,43.3,21
Faroe Islands,FRO,2023-04-30,34.9,37
Faroe Islands,FRO,2023-05-31,40.3,37
Faroe Islands,FRO,2023-06-30,34.7,33
Faroe Islands,FRO,2023-07-31,35.5,31
Faroe Islands,FRO,2023-08-31,36.9,31
Faroe Islands,FRO,2023-09-30,34.1,36
Faroe Islands,FRO,2023-10-31,34.5,37
Faroe Islands,FRO,2023-11-30,34.9,30
Faroe Islands,FRO,2023-12-31,38.7,35
Fiji,FJI,2020-01-31,648,634.5
Fiji,FJI,2020-02-29,600,563.7
Fiji,FJI,2020-03-31,634,694.2
Fiji,FJI,2020-04-30,650,674.3
Fiji,FJI,2020-05-31,630,627.8
Fiji,FJI,2020-06-30,584,652.1
Fiji,FJI,2020-07-31,614,658.8
Fiji,FJI,2020-08-31,641,698.7
Fiji,FJI,2020-09-30,594,641.1
Fiji,FJI,2020-10-31,582,590.2
Fiji,FJI,2020-11-30,550,645.5
Fiji,FJI,2020-12-31,596,703.1
Fiji,FJI,2021-01-31,648,730.4
Fiji,FJI,2021-02-28,600,654.5
Fiji,FJI,2021-03-31,634,663.4
Fiji,FJI,2021-04-30,650,625.4
Fiji,FJI,2021-05-31,630,605.3
Fiji,FJI,2021-06-30,584,728.3
Fiji,FJI,2021-07-31,614,1124.1
Fiji,FJI,2021-08-31,641,1048
Fiji,FJI,2021-09-30,594,714.8
Fiji,FJI,2021-10-31,582,663.4
Fiji,FJI,2021-11-30,550,607.5
Fiji,FJI,2021-12-31,596,650
Fiji,FJI,2022-01-31,648,
Fiji,FJI,2022-02-28,600,
Fiji,FJI,2022-03-31,634,
Fiji,FJI,2022-04-30,650,
Fiji,FJI,2022-05-31,630,
Fiji,FJI,2022-06-30,584,
Fiji,FJI,2022-07-31,614,
Fiji,FJI,2022-08-31,641,
Fiji,FJI,2022-09-30,594,
Fiji,FJI,2022-10-31,582,
Fiji,FJI,2022-11-30,550,
Fiji,FJI,2022-12-31,596,
Fiji,FJI,2023-01-31,648,
Fiji,FJI,2023-02-28,600,
Fiji,FJI,2023-03-31,634,
Fiji,FJI,2023-04-30,650,
Fiji,FJI,2023-05-31,630,
Fiji,FJI,2023-06-30,584,
Fiji,FJI,2023-07-31,614,
Fiji,FJI,2023-08-31,641,
Fiji,FJI,2023-09-30,594,
Fiji,FJI,2023-10-31,582,
Fiji,FJI,2023-11-30,550,
Fiji,FJI,2023-12-31,596,
Finland,FIN,2020-01-05,1186.4,1047
Finland,FIN,2020-01-12,1201.6,1069
Finland,FIN,2020-01-19,1193.6,1061
Finland,FIN,2020-01-26,1148.4,1040
Finland,FIN,2020-02-02,1158.8,1074
Finland,FIN,2020-02-09,1144.2,1115
Finland,FIN,2020-02-16,1120,1098
Finland,FIN,2020-02-23,1116.4,1091
Finland,FIN,2020-03-01,1141.4,1050
Finland,FIN,2020-03-08,1123.8,1106
Finland,FIN,2020-03-15,1124,1105
Finland,FIN,2020-03-22,1108.8,1122
Finland,FIN,2020-03-29,1085.2,1108
Finland,FIN,2020-04-05,1098.2,1110
Finland,FIN,2020-04-12,1068.6,1181
Finland,FIN,2020-04-19,1079,1094
Finland,FIN,2020-04-26,1036.6,1142
Finland,FIN,2020-05-03,1059,1131
Finland,FIN,2020-05-10,1012.6,1074
Finland,FIN,2020-05-17,992,1104
Finland,FIN,2020-05-24,979.8,957
Finland,FIN,2020-05-31,971.6,990
Finland,FIN,2020-06-07,987.4,984
Finland,FIN,2020-06-14,971.2,1003
Finland,FIN,2020-06-21,988.2,1068
Finland,FIN,2020-06-28,971.8,1021
Finland,FIN,2020-07-05,967,996
Finland,FIN,2020-07-12,964.2,944
Finland,FIN,2020-07-19,980.8,1021
Finland,FIN,2020-07-26,994.6,964
Finland,FIN,2020-08-02,959.8,982
Finland,FIN,2020-08-09,946,954
Finland,FIN,2020-08-16,971.6,977
Finland,FIN,2020-08-23,979.8,1016
Finland,FIN,2020-08-30,984.2,989
Finland,FIN,2020-09-06,988.4,979
Finland,FIN,2020-09-13,986.2,1124
Finland,FIN,2020-09-20,1007.8,1046
Finland,FIN,2020-09-27,1012,1089
Finland,FIN,2020-10-04,1037.6,977
Finland,FIN,2020-10-11,1044,984
Finland,FIN,2020-10-18,1036.6,1074
Finland,FIN,2020-10-25,1056,1070
Finland,FIN,2020-11-01,1053.8,1132
Finland,FIN,2020-11-08,1029.8,1043
Finland,FIN,2020-11-15,1016,1025
Finland,FIN,2020-11-22,1044.4,1119
Finland,FIN,2020-11-29,1053.8,1108
Finland,FIN,2020-12-06,1079.2,1119
Finland,FIN,2020-12-13,1081.8,1106
Finland,FIN,2020-12-20,1109.4,1148
Finland,FIN,2020-12-27,1183.6,1129
Finland,FIN,2021-01-03,1183.6,1177
Finland,FIN,2021-01-10,1193.5,1104
Finland,FIN,2021-01-17,1208.7,1130
Finland,FIN,2021-01-24,1200.7,1204
Finland,FIN,2021-01-31,1155.5,1159
Finland,FIN,2021-02-07,1165.9,1103
Finland,FIN,2021-02-14,1151.3,1056
Finland,FIN,2021-02-21,1127.1,1160
Finland,FIN,2021-02-28,1123.5,1133
Finland,FIN,2021-03-07,1148.5,1091
Finland,FIN,2021-03-14,1130.9,1050
Finland,FIN,2021-03-21,1131.1,1090
Finland,FIN,2021-03-28,1115.9,1021
Finland,FIN,2021-04-04,1092.3,1053
Finland,FIN,2021-04-11,1105.3,1056
Finland,FIN,2021-04-18,1075.7,1033
Finland,FIN,2021-04-25,1086.1,1055
Finland,FIN,2021-05-02,1043.7,1009
Finland,FIN,2021-05-09,1066.1,1068
Finland,FIN,2021-05-16,1019.7,1116
Finland,FIN,2021-05-23,999.1,1009
Finland,FIN,2021-05-30,986.9,996
Finland,FIN,2021-06-06,978.7,1013
Finland,FIN,2021-06-13,994.5,981
Finland,FIN,2021-06-20,978.3,1009
Finland,FIN,2021-06-27,995.3,1080
Finland,FIN,2021-07-04,978.9,1009
Finland,FIN,2021-07-11,974.1,1092
Finland,FIN,2021-07-18,971.3,1148
Finland,FIN,2021-07-25,987.9,1015
Finland,FIN,2021-08-01,1001.7,1028
Finland,FIN,2021-08-08,966.9,1063
Finland,FIN,2021-08-15,953.1,1100
Finland,FIN,2021-08-22,978.7,1081
Finland,FIN,2021-08-29,986.9,1066
Finland,FIN,2021-09-05,991.3,1079
Finland,FIN,2021-09-12,995.5,1148
Finland,FIN,2021-09-19,993.3,1064
Finland,FIN,2021-09-26,1014.9,1121
Finland,FIN,2021-10-03,1019.1,1134
Finland,FIN,2021-10-10,1044.7,1138
Finland,FIN,2021-10-17,1051.1,1187
Finland,FIN,2021-10-24,1043.7,1200
Finland,FIN,2021-10-31,1063.1,1129
Finland,FIN,2021-11-07,1060.9,1088
Finland,FIN,2021-11-14,1036.9,1161
Finland,FIN,2021-11-21,1023.1,1193
Finland,FIN,2021-11-28,1051.5,1229
Finland,FIN,2021-12-05,1060.9,1231
Finland,FIN,2021-12-12,1086.3,1300
Finland,FIN,2021-12-19,1088.9,1225
Finland,FIN,2021-12-26,1116.5,1236
Finland,FIN,2022-01-02,1190.7,1336
Finland,FIN,2022-01-09,1200.6,1278
Finland,FIN,2022-01-16,1215.8,1283
Finland,FIN,2022-01-23,1207.8,1403
Finland,FIN,2022-01-30,1162.6,1245
Finland,FIN,2022-02-06,1173,1314
Finland,FIN,2022-02-13,1158.4,1354
Finland,FIN,2022-02-20,1134.2,1265
Finland,FIN,2022-02-27,1130.6,1167
Finland,FIN,2022-03-06,1155.6,1245
Finland,FIN,2022-03-13,1138,1263
Finland,FIN,2022-03-20,1138.2,1243
Finland,FIN,2022-03-27,1123,1233
Finland,FIN,2022-04-03,1099.4,1275
Finland,FIN,2022-04-10,1112.4,1309
Finland,FIN,2022-04-17,1082.8,1277
Finland,FIN,2022-04-24,1093.2,1241
Finland,FIN,2022-05-01,1050.8,1230
Finland,FIN,2022-05-08,1073.2,1210
Finland,FIN,2022-05-15,1026.8,1160
Finland,FIN,2022-05-22,1006.2,1112
Finland,FIN,2022-05-29,994,1081
Finland,FIN,2022-06-05,985.8,1070
Finland,FIN,2022-06-12,1001.6,1021
Finland,FIN,2022-06-19,985.4,1041
Finland,FIN,2022-06-26,1002.4,1066
Finland,FIN,2022-07-03,986,1143
Finland,FIN,2022-07-10,981.2,1090
Finland,FIN,2022-07-17,978.4,1002
Finland,FIN,2022-07-24,995,1110
Finland,FIN,2022-07-31,1008.8,1097
Finland,FIN,2022-08-07,974,1114
Finland,FIN,2022-08-14,960.2,1183
Finland,FIN,2022-08-21,985.8,1190
Finland,FIN,2022-08-28,994,1097
Finland,FIN,2022-09-04,998.4,1060
Finland,FIN,2022-09-11,1002.6,1193
Finland,FIN,2022-09-18,1000.4,1232
Finland,FIN,2022-09-25,1022,1146
Finland,FIN,2022-10-02,1026.2,1173
Finland,FIN,2022-10-09,1051.8,1211
Finland,FIN,2022-10-16,1058.2,1232
Finland,FIN,2022-10-23,1050.8,1245
Finland,FIN,2022-10-30,1070.2,1251
Finland,FIN,2022-11-06,1068,1259
Finland,FIN,2022-11-13,1044,1236
Finland,FIN,2022-11-20,1030.2,1239
Finland,FIN,2022-11-27,1058.6,1278
Finland,FIN,2022-12-04,1068,1204
Finland,FIN,2022-12-11,1093.4,1361
Finland,FIN,2022-12-18,1096,1405
Finland,FIN,2022-12-25,1123.6,1445
Finland,FIN,2023-01-01,1197.8,1465
Finland,FIN,2023-01-08,1207.6,1367
Finland,FIN,2023-01-15,1222.8,1332
Finland,FIN,2023-01-22,1214.8,1242
Finland,FIN,2023-01-29,1169.6,1195
Finland,FIN,2023-02-05,1180,1195
Finland,FIN,2023-02-12,1165.4,1153
Finland,FIN,2023-02-19,1141.2,1149
Finland,FIN,2023-02-26,1137.6,1153
Finland,FIN,2023-03-05,1162.6,1104
Finland,FIN,2023-03-12,1145,1085
Finland,FIN,2023-03-19,1145.2,1106
Finland,FIN,2023-03-26,1130,1072
Finland,FIN,2023-04-02,1106.4,1150
Finland,FIN,2023-04-09,1119.4,1194
Finland,FIN,2023-04-16,1089.8,1159
Finland,FIN,2023-04-23,1100.2,1226
Finland,FIN,2023-04-30,1057.8,1136
Finland,FIN,2023-05-07,1080.2,1139
Finland,FIN,2023-05-14,1033.8,1141
Finland,FIN,2023-05-21,1013.2,1105
Finland,FIN,2023-05-28,1001,1120
Finland,FIN,2023-06-04,992.8,1092
Finland,FIN,2023-06-11,1008.6,1107
Finland,FIN,2023-06-18,992.4,1155
Finland,FIN,2023-06-25,1009.4,1049
Finland,FIN,2023-07-02,993,1093
Finland,FIN,2023-07-09,988.2,986
Finland,FIN,2023-07-16,985.4,1040
Finland,FIN,2023-07-23,1002,1048
Finland,FIN,2023-07-30,1015.8,952
Finland,FIN,2023-08-06,981,1027
Finland,FIN,2023-08-13,967.2,1063
Finland,FIN,2023-08-20,992.8,1012
Finland,FIN,2023-08-27,1001,1049
Finland,FIN,2023-09-03,1005.4,1006
Finland,FIN,2023-09-10,1009.6,1117
Finland,FIN,2023-09-17,1007.4,1106
Finland,FIN,2023-09-24,1029,1123
Finland,FIN,2023-10-01,1033.2,1119
Finland,FIN,2023-10-08,1058.8,1159
Finland,FIN,2023-10-15,1065.2,1208
Finland,FIN,2023-10-22,1057.8,1220
Finland,FIN,2023-10-29,1077.2,1266
Finland,FIN,2023-11-05,1075,1414
Finland,FIN,2023-11-12,1051,1440
Finland,FIN,2023-11-19,1037.2,1355
Finland,FIN,2023-11-26,1065.6,1483
Finland,FIN,2023-12-03,1075,1430
Finland,FIN,2023-12-10,1100.4,1397
Finland,FIN,2023-12-17,1103,1376
Finland,FIN,2023-12-24,1130.6,1414
Finland,FIN,2023-12-31,1204.8,1301
France,FRA,2020-01-05,13739.2,12737
France,FRA,2020-01-12,13857.2,13200
France,FRA,2020-01-19,13504.2,12598
France,FRA,2020-01-26,13365,12331
France,FRA,2020-02-02,13365.4,12541
France,FRA,2020-02-09,13483.8,12407
France,FRA,2020-02-16,13318.2,12261
France,FRA,2020-02-23,13187.2,11835
France,FRA,2020-03-01,13216.4,12042
France,FRA,2020-03-08,12917.8,12139
France,FRA,2020-03-15,12331,12554
France,FRA,2020-03-22,12039.2,13939
France,FRA,2020-03-29,11936.6,16188
France,FRA,2020-04-05,11674.4,18805
France,FRA,2020-04-12,11467.8,17563
France,FRA,2020-04-19,11322,15396
France,FRA,2020-04-26,11211.6,12821
France,FRA,2020-05-03,11071.2,11260
France,FRA,2020-05-10,10933.4,11030
France,FRA,2020-05-17,10827.4,10755
France,FRA,2020-05-24,10825.2,11116
France,FRA,2020-05-31,10559.8,10434
France,FRA,2020-06-07,10501.8,10392
France,FRA,2020-06-14,10387.4,10360
France,FRA,2020-06-21,10659.6,10427
France,FRA,2020-06-28,10680.4,11111
France,FRA,2020-07-05,11040.8,10020
France,FRA,2020-07-12,10512.8,10316
France,FRA,2020-07-19,10738.8,10129
France,FRA,2020-07-26,10730.8,10542
France,FRA,2020-08-02,10450.8,10866
France,FRA,2020-08-09,10552.8,10748
France,FRA,2020-08-16,10317.2,11767
France,FRA,2020-08-23,10590.2,10490
France,FRA,2020-08-30,10576.4,10503
France,FRA,2020-09-06,10372.6,10623
France,FRA,2020-09-13,10650.4,11199
France,FRA,2020-09-20,10908.8,11781
France,FRA,2020-09-27,10922.6,10868
France,FRA,2020-10-04,11168.6,11856
France,FRA,2020-10-11,11442,11841
France,FRA,2020-10-18,11305.6,12167
France,FRA,2020-10-25,11451.4,13689
France,FRA,2020-11-01,11467.8,14613
France,FRA,2020-11-08,11583.4,15609
France,FRA,2020-11-15,11596.4,15467
France,FRA,2020-11-22,11717,14993
France,FRA,2020-11-29,11844.6,14697
France,FRA,2020-12-06,11966,14533
France,FRA,2020-12-13,12256.2,14504
France,FRA,2020-12-20,12599.4,14106
France,FRA,2020-12-27,12912.8,13801
France,FRA,2021-01-03,12912.8,14365
France,FRA,2021-01-10,13837.2,14678
France,FRA,2021-01-17,13955.2,14638
France,FRA,2021-01-24,13602.2,15151
France,FRA,2021-01-31,13463,14786
France,FRA,2021-02-07,13463.4,14437
France,FRA,2021-02-14,13581.8,14162
France,FRA,2021-02-21,13416.2,14133
France,FRA,2021-02-28,13285.2,13323
France,FRA,2021-03-07,13314.4,12966
France,FRA,2021-03-14,13015.8,12801
France,FRA,2021-03-21,12429,12967
France,FRA,2021-03-28,12137.2,12782
France,FRA,2021-04-04,12034.6,13241
France,FRA,2021-04-11,11772.4,13003
France,FRA,2021-04-18,11565.8,13087
France,FRA,2021-04-25,11420,13223
France,FRA,2021-05-02,11309.6,12749
France,FRA,2021-05-09,11169.2,12505
France,FRA,2021-05-16,11031.4,11506
France,FRA,2021-05-23,10925.4,11245
France,FRA,2021-05-30,10923.2,11057
France,FRA,2021-06-06,10657.8,10820
France,FRA,2021-06-13,10599.8,10679
France,FRA,2021-06-20,10485.4,10860
France,FRA,2021-06-27,10757.6,9863
France,FRA,2021-07-04,10778.4,10136
France,FRA,2021-07-11,11138.8,10496
France,FRA,2021-07-18,10610.8,10332
France,FRA,2021-07-25,10836.8,11503
France,FRA,2021-08-01,10828.8,10676
France,FRA,2021-08-08,10548.8,10546
France,FRA,2021-08-15,10650.8,11584
France,FRA,2021-08-22,10415.2,11223
France,FRA,2021-08-29,10688.2,10927
France,FRA,2021-09-05,10674.4,11473
France,FRA,2021-09-12,10470.6,11734
France,FRA,2021-09-19,10748.4,10951
France,FRA,2021-09-26,11006.8,10915
France,FRA,2021-10-03,11020.6,11314
France,FRA,2021-10-10,11266.6,11410
France,FRA,2021-10-17,11540,12072
France,FRA,2021-10-24,11403.6,11985
France,FRA,2021-10-31,11549.4,12255
France,FRA,2021-11-07,11565.8,11683
France,FRA,2021-11-14,11681.4,12136
France,FRA,2021-11-21,11694.4,12262
France,FRA,2021-11-28,11815,12856
France,FRA,2021-12-05,11942.6,13512
France,FRA,2021-12-12,12064,13985
France,FRA,2021-12-19,12354.2,13907
France,FRA,2021-12-26,12697.4,14600
France,FRA,2022-01-02,13010.8,14737
France,FRA,2022-01-09,13935.3,14569
France,FRA,2022-01-16,14053.3,14547
France,FRA,2022-01-23,13700.3,14464
France,FRA,2022-01-30,13561.1,15082
France,FRA,2022-02-06,13561.5,15113
France,FRA,2022-02-13,13679.9,14309
France,FRA,2022-02-20,13514.3,13715
France,FRA,2022-02-27,13383.3,12747
France,FRA,2022-03-06,13412.5,12791
France,FRA,2022-03-13,13113.9,12576
France,FRA,2022-03-20,12527.1,12387
France,FRA,2022-03-27,12235.3,12428
France,FRA,2022-04-03,12132.7,12846
France,FRA,2022-04-10,11870.5,13090
France,FRA,2022-04-17,11663.9,13227
France,FRA,2022-04-24,11518.1,12717
France,FRA,2022-05-01,11407.7,12120
France,FRA,2022-05-08,11267.3,12053
France,FRA,2022-05-15,11129.5,11533
France,FRA,2022-05-22,11023.5,11296
France,FRA,2022-05-29,11021.3,10386
France,FRA,2022-06-05,10755.9,11060
France,FRA,2022-06-12,10697.9,10583
France,FRA,2022-06-19,10583.5,11361
France,FRA,2022-06-26,10855.7,10999
France,FRA,2022-07-03,10876.5,10479
France,FRA,2022-07-10,11236.9,11483
France,FRA,2022-07-17,10708.9,12516
France,FRA,2022-07-24,10934.9,13059
France,FRA,2022-07-31,10926.9,11672
France,FRA,2022-08-07,10646.9,11921
France,FRA,2022-08-14,10748.9,12087
France,FRA,2022-08-21,10513.3,11336
France,FRA,2022-08-28,10786.3,11153
France,FRA,2022-09-04,10772.5,11091
France,FRA,2022-09-11,10568.7,10832
France,FRA,2022-09-18,10846.5,10887
France,FRA,2022-09-25,11104.9,11533
France,FRA,2022-10-02,11118.7,12082
France,FRA,2022-10-09,11364.7,12440
France,FRA,2022-10-16,11638.1,12420
France,FRA,2022-10-23,11501.7,12574
France,FRA,2022-10-30,11647.5,12083
France,FRA,2022-11-06,11663.9,11704
France,FRA,2022-11-13,11779.5,12124
France,FRA,2022-11-20,11792.5,12825
France,FRA,2022-11-27,11913.1,13036
France,FRA,2022-12-04,12040.7,13301
France,FRA,2022-12-11,12162.1,14689
France,FRA,2022-12-18,12452.3,15687
France,FRA,2022-12-25,12795.5,16901
France,FRA,2023-01-01,13108.9,16505
France,FRA,2023-01-08,14033.4,15481
France,FRA,2023-01-15,14151.4,14138
France,FRA,2023-01-22,13798.4,13529
France,FRA,2023-01-29,13659.2,13297
France,FRA,2023-02-05,13659.6,13004
France,FRA,2023-02-12,13778,12910
France,FRA,2023-02-19,13612.4,12689
France,FRA,2023-02-26,13481.4,12514
France,FRA,2023-03-05,13510.6,12485
France,FRA,2023-03-12,13212,12700
France,FRA,2023-03-19,12625.2,12316
France,FRA,2023-03-26,12333.4,11713
France,FRA,2023-04-02,12230.8,11611
France,FRA,2023-04-09,11968.6,11639
France,FRA,2023-04-16,11762,11730
France,FRA,2023-04-23,11616.2,11906
France,FRA,2023-04-30,11505.8,11813
France,FRA,2023-05-07,11365.4,11444
France,FRA,2023-05-14,11227.6,10961
France,FRA,2023-05-21,11121.6,11038
France,FRA,2023-05-28,11119.4,11443
France,FRA,2023-06-04,10854,11227
France,FRA,2023-06-11,10796,11300
France,FRA,2023-06-18,10681.6,10913
France,FRA,2023-06-25,10953.8,10734
France,FRA,2023-07-02,10974.6,10179
France,FRA,2023-07-09,11335,10611
France,FRA,2023-07-16,10807,10661
France,FRA,2023-07-23,11033,10445
France,FRA,2023-07-30,11025,10547
France,FRA,2023-08-06,10745,10175
France,FRA,2023-08-13,10847,11045
France,FRA,2023-08-20,10611.4,11131
France,FRA,2023-08-27,10884.4,11508
France,FRA,2023-09-03,10870.6,11021
France,FRA,2023-09-10,10666.8,11464
France,FRA,2023-09-17,10944.6,11015
France,FRA,2023-09-24,11203,10706
France,FRA,2023-10-01,11216.8,11232
France,FRA,2023-10-08,11462.8,11371
France,FRA,2023-10-15,11736.2,11637
France,FRA,2023-10-22,11599.8,11956
France,FRA,2023-10-29,11745.6,12508
France,FRA,2023-11-05,11762,12334
France,FRA,2023-11-12,11877.6,12340
France,FRA,2023-11-19,11890.6,12304
France,FRA,2023-11-26,12011.2,12418
France,FRA,2023-12-03,12138.8,13075
France,FRA,2023-12-10,12260.2,13812
France,FRA,2023-12-17,12550.4,13632
France,FRA,2023-12-24,12893.6,13775
France,FRA,2023-12-31,13207,14031
French Guiana,GUF,2020-01-05,22,21
French Guiana,GUF,2020-01-12,19.8,12
French Guiana,GUF,2020-01-19,22.6,17
French Guiana,GUF,2020-01-26,22.6,21
French Guiana,GUF,2020-02-02,18.6,18
French Guiana,GUF,2020-02-09,18.4,10
French Guiana,GUF,2020-02-16,20,15
French Guiana,GUF,2020-02-23,17.8,17
French Guiana,GUF,2020-03-01,18.4,14
French Guiana,GUF,2020-03-08,17.6,16
French Guiana,GUF,2020-03-15,16.2,23
French Guiana,GUF,2020-03-22,19.6,12
French Guiana,GUF,2020-03-29,17.8,23
French Guiana,GUF,2020-04-05,21.8,12
French Guiana,GUF,2020-04-12,21.2,12
French Guiana,GUF,2020-04-19,23.8,7
French Guiana,GUF,2020-04-26,21.2,16
French Guiana,GUF,2020-05-03,20.8,9
French Guiana,GUF,2020-05-10,18.2,15
French Guiana,GUF,2020-05-17,16.4,16
French Guiana,GUF,2020-05-24,21.8,13
French Guiana,GUF,2020-05-31,20,13
French Guiana,GUF,2020-06-07,18.4,20
French Guiana,GUF,2020-06-14,17.4,17
French Guiana,GUF,2020-06-21,18.4,32
French Guiana,GUF,2020-06-28,19.8,25
French Guiana,GUF,2020-07-05,21.4,25
French Guiana,GUF,2020-07-12,19.2,24
French Guiana,GUF,2020-07-19,23.8,33
French Guiana,GUF,2020-07-26,20.2,22
French Guiana,GUF,2020-08-02,22.4,22
French Guiana,GUF,2020-08-09,20.2,19
French Guiana,GUF,2020-08-16,20.6,14
French Guiana,GUF,2020-08-23,18.2,23
French Guiana,GUF,2020-08-30,19.2,24
French Guiana,GUF,2020-09-06,17.4,16
French Guiana,GUF,2020-09-13,20.6,10
French Guiana,GUF,2020-09-20,19.6,22
French Guiana,GUF,2020-09-27,18.2,16
French Guiana,GUF,2020-10-04,18.8,19
French Guiana,GUF,2020-10-11,16,19
French Guiana,GUF,2020-10-18,17,23
French Guiana,GUF,2020-10-25,20.2,18
French Guiana,GUF,2020-11-01,16.8,26
French Guiana,GUF,2020-11-08,19.2,17
French Guiana,GUF,2020-11-15,22.2,11
French Guiana,GUF,2020-11-22,16,21
French Guiana,GUF,2020-11-29,19.6,20
French Guiana,GUF,2020-12-06,18.4,21
French Guiana,GUF,2020-12-13,22,16
French Guiana,GUF,2020-12-20,20.4,16
French Guiana,GUF,2020-12-27,17.8,20
French Guiana,GUF,2021-01-03,17.8,15
French Guiana,GUF,2021-01-10,22.8,21
French Guiana,GUF,2021-01-17,20.6,25
French Guiana,GUF,2021-01-24,23.4,18
French Guiana,GUF,2021-01-31,23.4,22
French Guiana,GUF,2021-02-07,19.4,22
French Guiana,GUF,2021-02-14,19.2,20
French Guiana,GUF,2021-02-21,20.8,21
French Guiana,GUF,2021-02-28,18.6,22
French Guiana,GUF,2021-03-07,19.2,18
French Guiana,GUF,2021-03-14,18.4,24
French Guiana,GUF,2021-03-21,17,29
French Guiana,GUF,2021-03-28,20.4,30
French Guiana,GUF,2021-04-04,18.6,26
French Guiana,GUF,2021-04-11,22.6,20
French Guiana,GUF,2021-04-18,22,14
French Guiana,GUF,2021-04-25,24.6,18
French Guiana,GUF,2021-05-02,22,13
French Guiana,GUF,2021-05-09,21.6,20
French Guiana,GUF,2021-05-16,19,18
French Guiana,GUF,2021-05-23,17.2,24
French Guiana,GUF,2021-05-30,22.6,24
French Guiana,GUF,2021-06-06,20.8,25
French Guiana,GUF,2021-06-13,19.2,30
French Guiana,GUF,2021-06-20,18.2,32
French Guiana,GUF,2021-06-27,19.2,35
French Guiana,GUF,2021-07-04,20.6,21
French Guiana,GUF,2021-07-11,22.2,35
French Guiana,GUF,2021-07-18,20,32
French Guiana,GUF,2021-07-25,24.6,31
French Guiana,GUF,2021-08-01,21,31
French Guiana,GUF,2021-08-08,23.2,37
French Guiana,GUF,2021-08-15,21,24
French Guiana,GUF,2021-08-22,21.4,34
French Guiana,GUF,2021-08-29,19,39
French Guiana,GUF,2021-09-05,20,32
French Guiana,GUF,2021-09-12,18.2,28
French Guiana,GUF,2021-09-19,21.4,38
French Guiana,GUF,2021-09-26,20.4,44
French Guiana,GUF,2021-10-03,19,40
French Guiana,GUF,2021-10-10,19.6,34
French Guiana,GUF,2021-10-17,16.8,28
French Guiana,GUF,2021-10-24,17.8,26
French Guiana,GUF,2021-10-31,21,36
French Guiana,GUF,2021-11-07,17.6,29
French Guiana,GUF,2021-11-14,20,26
French Guiana,GUF,2021-11-21,23,19
French Guiana,GUF,2021-11-28,16.8,20
French Guiana,GUF,2021-12-05,20.4,13
French Guiana,GUF,2021-12-12,19.2,22
French Guiana,GUF,2021-12-19,22.8,18
French Guiana,GUF,2021-12-26,21.2,22
French Guiana,GUF,2022-01-02,18.6,23
French Guiana,GUF,2022-01-09,23.6,27
French Guiana,GUF,2022-01-16,21.4,27
French Guiana,GUF,2022-01-23,24.2,39
French Guiana,GUF,2022-01-30,24.2,36
French Guiana,GUF,2022-02-06,20.2,23
French Guiana,GUF,2022-02-13,20,21
French Guiana,GUF,2022-02-20,21.6,28
French Guiana,GUF,2022-02-27,19.4,21
French Guiana,GUF,2022-03-06,20,23
French Guiana,GUF,2022-03-13,19.2,20
French Guiana,GUF,2022-03-20,17.8,22
French Guiana,GUF,2022-03-27,21.2,11
French Guiana,GUF,2022-04-03,19.4,15
French Guiana,GUF,2022-04-10,23.4,18
French Guiana,GUF,2022-04-17,22.8,30
French Guiana,GUF,2022-04-24,25.4,21
French Guiana,GUF,2022-05-01,22.8,19
French Guiana,GUF,2022-05-08,22.4,22
French Guiana,GUF,2022-05-15,19.8,21
French Guiana,GUF,2022-05-22,18,20
French Guiana,GUF,2022-05-29,23.4,19
French Guiana,GUF,2022-06-05,21.6,18
French Guiana,GUF,2022-06-12,20,18
French Guiana,GUF,2022-06-19,19,25
French Guiana,GUF,2022-06-26,20,20
French Guiana,GUF,2022-07-03,21.4,25
French Guiana,GUF,2022-07-10,23,26
French Guiana,GUF,2022-07-17,20.8,14
French Guiana,GUF,2022-07-24,25.4,21
French Guiana,GUF,2022-07-31,21.8,24
French Guiana,GUF,2022-08-07,24,21
French Guiana,GUF,2022-08-14,21.8,28
French Guiana,GUF,2022-08-21,22.2,23
French Guiana,GUF,2022-08-28,19.8,21
French Guiana,GUF,2022-09-04,20.8,22
French Guiana,GUF,2022-09-11,19,16
French Guiana,GUF,2022-09-18,22.2,21
French Guiana,GUF,2022-09-25,21.2,23
French Guiana,GUF,2022-10-02,19.8,20
French Guiana,GUF,2022-10-09,20.4,20
French Guiana,GUF,2022-10-16,17.6,25
French Guiana,GUF,2022-10-23,18.6,21
French Guiana,GUF,2022-10-30,21.8,12
French Guiana,GUF,2022-11-06,18.4,14
French Guiana,GUF,2022-11-13,20.8,15
French Guiana,GUF,2022-11-20,23.8,22
French Guiana,GUF,2022-11-27,17.6,25
French Guiana,GUF,2022-12-04,21.2,26
French Guiana,GUF,2022-12-11,20,13
French Guiana,GUF,2022-12-18,23.6,23
French Guiana,GUF,2022-12-25,22,25
French Guiana,GUF,2023-01-01,19.4,36
French Guiana,GUF,2023-01-08,24.4,19
French Guiana,GUF,2023-01-15,22.2,23
French Guiana,GUF,2023-01-22,25,24
French Guiana,GUF,2023-01-29,25,22
French Guiana,GUF,2023-02-05,21,21
French Guiana,GUF,2023-02-12,20.8,29
French Guiana,GUF,2023-02-19,22.4,30
French Guiana,GUF,2023-02-26,20.2,31
French Guiana,GUF,2023-03-05,20.8,24
French Guiana,GUF,2023-03-12,20,16
French Guiana,GUF,2023-03-19,18.6,19
French Guiana,GUF,2023-03-26,22,16
French Guiana,GUF,2023-04-02,20.2,24
French Guiana,GUF,2023-04-09,24.2,23
French Guiana,GUF,2023-04-16,23.6,19
French Guiana,GUF,2023-04-23,26.2,22
French Guiana,GUF,2023-04-30,23.6,18
French Guiana,GUF,2023-05-07,23.2,23
French Guiana,GUF,2023-05-14,20.6,12
French Guiana,GUF,2023-05-21,18.8,23
French Guiana,GUF,2023-05-28,24.2,21
French Guiana,GUF,2023-06-04,22.4,31
French Guiana,GUF,2023-06-11,20.8,26
French Guiana,GUF,2023-06-18,19.8,30
French Guiana,GUF,2023-06-25,20.8,24
French Guiana,GUF,2023-07-02,22.2,12
French Guiana,GUF,2023-07-09,23.8,22
French Guiana,GUF,2023-07-16,21.6,23
French Guiana,GUF,2023-07-23,26.2,24
French Guiana,GUF,2023-07-30,22.6,29
French Guiana,GUF,2023-08-06,24.8,25
French Guiana,GUF,2023-08-13,22.6,18
French Guiana,GUF,2023-08-20,23,18
French Guiana,GUF,2023-08-27,20.6,24
French Guiana,GUF,2023-09-03,21.6,27
French Guiana,GUF,2023-09-10,19.8,24
French Guiana,GUF,2023-09-17,23,20
French Guiana,GUF,2023-09-24,22,24
French Guiana,GUF,2023-10-01,20.6,33
French Guiana,GUF,2023-10-08,21.2,26
French Guiana,GUF,2023-10-15,18.4,23
French Guiana,GUF,2023-10-22,19.4,26
French Guiana,GUF,2023-10-29,22.6,17
French Guiana,GUF,2023-11-05,19.2,18
French Guiana,GUF,2023-11-12,21.6,24
French Guiana,GUF,2023-11-19,24.6,20
French Guiana,GUF,2023-11-26,18.4,26
French Guiana,GUF,2023-12-03,22,25
French Guiana,GUF,2023-12-10,20.8,20
French Guiana,GUF,2023-12-17,24.4,28
French Guiana,GUF,2023-12-24,22.8,22
French Guiana,GUF,2023-12-31,20.2,23
French Polynesia,PYF,2020-01-31,148.2,125
French Polynesia,PYF,2020-02-29,133.4,138
French Polynesia,PYF,2020-03-31,144.6,153
French Polynesia,PYF,2020-04-30,152.4,143
French Polynesia,PYF,2020-05-31,137.6,125
French Polynesia,PYF,2020-06-30,129,129
French Polynesia,PYF,2020-07-31,141.4,114
French Polynesia,PYF,2020-08-31,146.2,116
French Polynesia,PYF,2020-09-30,126.4,136
French Polynesia,PYF,2020-10-31,135.6,141
French Polynesia,PYF,2020-11-30,140.6,180
French Polynesia,PYF,2020-12-31,141,179
French Polynesia,PYF,2021-01-31,152.7,161
French Polynesia,PYF,2021-02-28,137.9,146
French Polynesia,PYF,2021-03-31,149.1,122
French Polynesia,PYF,2021-04-30,156.9,128
French Polynesia,PYF,2021-05-31,142.1,115
French Polynesia,PYF,2021-06-30,133.5,123
French Polynesia,PYF,2021-07-31,145.9,139
French Polynesia,PYF,2021-08-31,150.7,567
French Polynesia,PYF,2021-09-30,130.9,355
French Polynesia,PYF,2021-10-31,140.1,140
French Polynesia,PYF,2021-11-30,145.1,146
French Polynesia,PYF,2021-12-31,145.5,136
French Polynesia,PYF,2022-01-31,157.1,164
French Polynesia,PYF,2022-02-28,142.3,139
French Polynesia,PYF,2022-03-31,153.5,149
French Polynesia,PYF,2022-04-30,161.3,139
French Polynesia,PYF,2022-05-31,146.5,131
French Polynesia,PYF,2022-06-30,137.9,136
French Polynesia,PYF,2022-07-31,150.3,120
French Polynesia,PYF,2022-08-31,155.1,131
French Polynesia,PYF,2022-09-30,135.3,159
French Polynesia,PYF,2022-10-31,144.5,127
French Polynesia,PYF,2022-11-30,149.5,151
French Polynesia,PYF,2022-12-31,149.9,153
French Polynesia,PYF,2023-01-31,161.5,144
French Polynesia,PYF,2023-02-28,146.7,146
French Polynesia,PYF,2023-03-31,157.9,159
French Polynesia,PYF,2023-04-30,165.7,149
French Polynesia,PYF,2023-05-31,150.9,154
French Polynesia,PYF,2023-06-30,142.3,136
French Polynesia,PYF,2023-07-31,154.7,152
French Polynesia,PYF,2023-08-31,159.5,145
French Polynesia,PYF,2023-09-30,139.7,145
French Polynesia,PYF,2023-10-31,148.9,151
French Polynesia,PYF,2023-11-30,153.9,150
French Polynesia,PYF,2023-12-31,154.3,176
Georgia,GEO,2020-01-31,4585.7,4630
Georgia,GEO,2020-02-29,3875.5,4136
Georgia,GEO,2020-03-31,4148.7,4001
Georgia,GEO,2020-04-30,3885.1,3644
Georgia,GEO,2020-05-31,3817.9,3860
Georgia,GEO,2020-06-30,3474.3,3523
Georgia,GEO,2020-07-31,3401.1,3706
Georgia,GEO,2020-08-31,3481.9,3361
Georgia,GEO,2020-09-30,3131.1,3299
Georgia,GEO,2020-10-31,3590.1,4085
Georgia,GEO,2020-11-30,3815.9,5929
Georgia,GEO,2020-12-31,4220.5,6363
Georgia,GEO,2021-01-31,4509.3,5134
Georgia,GEO,2021-02-28,3799.1,3892
Georgia,GEO,2021-03-31,4072.3,4318
Georgia,GEO,2021-04-30,3808.7,4170
Georgia,GEO,2021-05-31,3741.5,4557
Georgia,GEO,2021-06-30,3397.9,4120
Georgia,GEO,2021-07-31,3324.7,4203
Georgia,GEO,2021-08-31,3405.5,5977
Georgia,GEO,2021-09-30,3054.7,5309
Georgia,GEO,2021-10-31,3513.7,5610
Georgia,GEO,2021-11-30,3739.5,6563
Georgia,GEO,2021-12-31,4144.1,6053
Georgia,GEO,2022-01-31,4432.9,5628
Georgia,GEO,2022-02-28,3722.7,5634
Georgia,GEO,2022-03-31,3995.9,4939
Georgia,GEO,2022-04-30,3732.3,3792
Georgia,GEO,2022-05-31,3665.1,3705
Georgia,GEO,2022-06-30,3321.5,3352
Georgia,GEO,2022-07-31,3248.3,3548
Georgia,GEO,2022-08-31,3329.1,3705
Georgia,GEO,2022-09-30,2978.3,3363
Georgia,GEO,2022-10-31,3437.3,3466
Georgia,GEO,2022-11-30,3663.1,3733
Georgia,GEO,2022-12-31,4067.7,4253
Georgia,GEO,2023-01-31,4356.5,4428
Georgia,GEO,2023-02-28,3646.3,3722
Georgia,GEO,2023-03-31,3919.5,3671
Georgia,GEO,2023-04-30,3655.9,3628
Georgia,GEO,2023-05-31,3588.7,3586
Georgia,GEO,2023-06-30,3245.1,3263
Georgia,GEO,2023-07-31,3171.9,3264
Georgia,GEO,2023-08-31,3252.7,3539
Georgia,GEO,2023-09-30,2901.9,3112
Georgia,GEO,2023-10-31,3360.9,3548
Georgia,GEO,2023-11-30,3586.7,3440
Georgia,GEO,2023-12-31,3991.3,3555
Germany,DEU,2020-01-05,19643.7,18883
Germany,DEU,2020-01-12,19964.9,19408
Germany,DEU,2020-01-19,19961.1,18953
Germany,DEU,2020-01-26,20180.9,18827
Germany,DEU,2020-02-02,20862.3,19774
Germany,DEU,2020-02-09,20869.9,19038
Germany,DEU,2020-02-16,21411.5,19648
Germany,DEU,2020-02-23,21866.9,18953
Germany,DEU,2020-03-01,22374.3,19505
Germany,DEU,2020-03-08,21862.9,19667
Germany,DEU,2020-03-15,20935.7,19849
Germany,DEU,2020-03-22,20072.1,19722
Germany,DEU,2020-03-29,19402.9,19678
Germany,DEU,2020-04-05,18948.3,20662
Germany,DEU,2020-04-12,18362.3,20502
Germany,DEU,2020-04-19,17940.3,19261
Germany,DEU,2020-04-26,17886.9,18557
Germany,DEU,2020-05-03,17423.1,17920
Germany,DEU,2020-05-10,17696.1,17651
Germany,DEU,2020-05-17,17261.5,17001
Germany,DEU,2020-05-24,16950.5,17163
Germany,DEU,2020-05-31,17100.1,16776
Germany,DEU,2020-06-07,16943.9,17262
Germany,DEU,2020-06-14,16446.9,16601
Germany,DEU,2020-06-21,16784.5,16401
Germany,DEU,2020-06-28,16901.3,17293
Germany,DEU,2020-07-05,17434.3,16457
Germany,DEU,2020-07-12,16723.5,16142
Germany,DEU,2020-07-19,17134.3,16537
Germany,DEU,2020-07-26,17709.9,16887
Germany,DEU,2020-08-02,17372.5,17433
Germany,DEU,2020-08-09,17006.5,17470
Germany,DEU,2020-08-16,16840.7,19720
Germany,DEU,2020-08-23,16645.5,17559
Germany,DEU,2020-08-30,16802.3,16656
Germany,DEU,2020-09-06,16389.3,16789
Germany,DEU,2020-09-13,16631.5,17155
Germany,DEU,2020-09-20,16677.7,17555
Germany,DEU,2020-09-27,16842.7,17446
Germany,DEU,2020-10-04,17011.7,17614
Germany,DEU,2020-10-11,17684.9,17501
Germany,DEU,2020-10-18,17588.7,17754
Germany,DEU,2020-10-25,17602.7,18588
Germany,DEU,2020-11-01,17522.5,18584
Germany,DEU,2020-11-08,17946.5,19007
Germany,DEU,2020-11-15,17995.9,19727
Germany,DEU,2020-11-22,18169.7,20182
Germany,DEU,2020-11-29,18317.9,21304
Germany,DEU,2020-12-06,18734.9,22604
Germany,DEU,2020-12-13,18715.9,24003
Germany,DEU,2020-12-20,19085.7,24724
Germany,DEU,2020-12-27,18764.5,25554
Germany,DEU,2021-01-03,18764.5,25541
Germany,DEU,2021-01-10,19783.2,24919
Germany,DEU,2021-01-17,20104.4,24532
Germany,DEU,2021-01-24,20100.6,24129
Germany,DEU,2021-01-31,20320.4,22674
Germany,DEU,2021-02-07,21001.8,21773
Germany,DEU,2021-02-14,21009.4,20946
Germany,DEU,2021-02-21,21551,20493
Germany,DEU,2021-02-28,22006.4,18979
Germany,DEU,2021-03-07,22513.8,18455
Germany,DEU,2021-03-14,22002.4,18606
Germany,DEU,2021-03-21,21075.2,18374
Germany,DEU,2021-03-28,20211.6,18437
Germany,DEU,2021-04-04,19542.4,18520
Germany,DEU,2021-04-11,19087.8,18873
Germany,DEU,2021-04-18,18501.8,19098
Germany,DEU,2021-04-25,18079.8,19282
Germany,DEU,2021-05-02,18026.4,19555
Germany,DEU,2021-05-09,17562.6,19329
Germany,DEU,2021-05-16,17835.6,18579
Germany,DEU,2021-05-23,17401,17811
Germany,DEU,2021-05-30,17090,17193
Germany,DEU,2021-06-06,17239.6,18191
Germany,DEU,2021-06-13,17083.4,17442
Germany,DEU,2021-06-20,16586.4,19076
Germany,DEU,2021-06-27,16924,17191
Germany,DEU,2021-07-04,17040.8,17013
Germany,DEU,2021-07-11,17573.8,16994
Germany,DEU,2021-07-18,16863,17662
Germany,DEU,2021-07-25,17273.8,17613
Germany,DEU,2021-08-01,17849.4,17211
Germany,DEU,2021-08-08,17512,17021
Germany,DEU,2021-08-15,17146,17560
Germany,DEU,2021-08-22,16980.2,17501
Germany,DEU,2021-08-29,16785,17151
Germany,DEU,2021-09-05,16941.8,17341
Germany,DEU,2021-09-12,16528.8,18879
Germany,DEU,2021-09-19,16771,18057
Germany,DEU,2021-09-26,16817.2,18157
Germany,DEU,2021-10-03,16982.2,18129
Germany,DEU,2021-10-10,17151.2,18209
Germany,DEU,2021-10-17,17824.4,18949
Germany,DEU,2021-10-24,17728.2,19761
Germany,DEU,2021-10-31,17742.2,20387
Germany,DEU,2021-11-07,17662,20426
Germany,DEU,2021-11-14,18086,21071
Germany,DEU,2021-11-21,18135.4,22344
Germany,DEU,2021-11-28,18309.2,23273
Germany,DEU,2021-12-05,18457.4,24185
Germany,DEU,2021-12-12,18874.4,24032
Germany,DEU,2021-12-19,18855.4,23009
Germany,DEU,2021-12-26,19225.2,22479
Germany,DEU,2022-01-02,18904,22174
Germany,DEU,2022-01-09,19922.6,20870
Germany,DEU,2022-01-16,20243.8,19921
Germany,DEU,2022-01-23,20240,19845
Germany,DEU,2022-01-30,20459.8,20224
Germany,DEU,2022-02-06,21141.2,20698
Germany,DEU,2022-02-13,21148.8,20495
Germany,DEU,2022-02-20,21690.4,21165
Germany,DEU,2022-02-27,22145.8,20375
Germany,DEU,2022-03-06,22653.2,20811
Germany,DEU,2022-03-13,22141.8,21251
Germany,DEU,2022-03-20,21214.6,21357
Germany,DEU,2022-03-27,20351,21236
Germany,DEU,2022-04-03,19681.8,20883
Germany,DEU,2022-04-10,19227.2,20953
Germany,DEU,2022-04-17,18641.2,20253
Germany,DEU,2022-04-24,18219.2,19579
Germany,DEU,2022-05-01,18165.8,19361
Germany,DEU,2022-05-08,17702,19225
Germany,DEU,2022-05-15,17975,19265
Germany,DEU,2022-05-22,17540.4,18565
Germany,DEU,2022-05-29,17229.4,17232
Germany,DEU,2022-06-05,17379,18104
Germany,DEU,2022-06-12,17222.8,17960
Germany,DEU,2022-06-19,16725.8,18497
Germany,DEU,2022-06-26,17063.4,19059
Germany,DEU,2022-07-03,17180.2,18562
Germany,DEU,2022-07-10,17713.2,18155
Germany,DEU,2022-07-17,17002.4,19019
Germany,DEU,2022-07-24,17413.2,20987
Germany,DEU,2022-07-31,17988.8,20297
Germany,DEU,2022-08-07,17651.4,19972
Germany,DEU,2022-08-14,17285.4,19832
Germany,DEU,2022-08-21,17119.6,19932
Germany,DEU,2022-08-28,16924.4,18992
Germany,DEU,2022-09-04,17081.2,18294
Germany,DEU,2022-09-11,16668.2,18777
Germany,DEU,2022-09-18,16910.4,18276
Germany,DEU,2022-09-25,16956.6,19121
Germany,DEU,2022-10-02,17121.6,20402
Germany,DEU,2022-10-09,17290.6,20627
Germany,DEU,2022-10-16,17963.8,21790
Germany,DEU,2022-10-23,17867.6,21819
Germany,DEU,2022-10-30,17881.6,21449
Germany,DEU,2022-11-06,17801.4,19933
Germany,DEU,2022-11-13,18225.4,20188
Germany,DEU,2022-11-20,18274.8,20825
Germany,DEU,2022-11-27,18448.6,21451
Germany,DEU,2022-12-04,18596.8,22273
Germany,DEU,2022-12-11,19013.8,24125
Germany,DEU,2022-12-18,18994.8,25977
Germany,DEU,2022-12-25,19364.6,28682
Germany,DEU,2023-01-01,19043.4,27291
Germany,DEU,2023-01-08,20062.1,25464
Germany,DEU,2023-01-15,20383.3,22713
Germany,DEU,2023-01-22,20379.5,21253
Germany,DEU,2023-01-29,20599.3,20657
Germany,DEU,2023-02-05,21280.7,21083
Germany,DEU,2023-02-12,21288.3,20547
Germany,DEU,2023-02-19,21829.9,20996
Germany,DEU,2023-02-26,22285.3,20901
Germany,DEU,2023-03-05,22792.7,21053
Germany,DEU,2023-03-12,22281.3,21935
Germany,DEU,2023-03-19,21354.1,21828
Germany,DEU,2023-03-26,20490.5,21332
Germany,DEU,2023-04-02,19821.3,20730
Germany,DEU,2023-04-09,19366.7,19974
Germany,DEU,2023-04-16,18780.7,20157
Germany,DEU,2023-04-23,18358.7,19861
Germany,DEU,2023-04-30,18305.3,19310
Germany,DEU,2023-05-07,17841.5,19055
Germany,DEU,2023-05-14,18114.5,18896
Germany,DEU,2023-05-21,17679.9,18385
Germany,DEU,2023-05-28,17368.9,18416
Germany,DEU,2023-06-04,17518.5,18032
Germany,DEU,2023-06-11,17362.3,18389
Germany,DEU,2023-06-18,16865.3,17857
Germany,DEU,2023-06-25,17202.9,18097
Germany,DEU,2023-07-02,17319.7,17059
Germany,DEU,2023-07-09,17852.7,17168
Germany,DEU,2023-07-16,17141.9,17758
Germany,DEU,2023-07-23,17552.7,16779
Germany,DEU,2023-07-30,18128.3,16976
Germany,DEU,2023-08-06,17790.9,16885
Germany,DEU,2023-08-13,17424.9,17479
Germany,DEU,2023-08-20,17259.1,18498
Germany,DEU,2023-08-27,17063.9,18159
Germany,DEU,2023-09-03,17220.7,16772
Germany,DEU,2023-09-10,16807.7,18151
Germany,DEU,2023-09-17,17049.9,17928
Germany,DEU,2023-09-24,17096.1,17392
Germany,DEU,2023-10-01,17261.1,17670
Germany,DEU,2023-10-08,17430.1,18216
Germany,DEU,2023-10-15,18103.3,18803
Germany,DEU,2023-10-22,18007.1,19492
Germany,DEU,2023-10-29,18021.1,20291
Germany,DEU,2023-11-05,17940.9,20392
Germany,DEU,2023-11-12,18364.9,20621
Germany,DEU,2023-11-19,18414.3,20837
Germany,DEU,2023-11-26,18588.1,21099
Germany,DEU,2023-12-03,18736.3,22058
Germany,DEU,2023-12-10,19153.3,23006
Germany,DEU,2023-12-17,19134.3,22700
Germany,DEU,2023-12-24,19504.1,23168
Germany,DEU,2023-12-31,19182.9,22130
Gibraltar,GIB,2020-01-31,33.8,34
Gibraltar,GIB,2020-02-29,29,27
Gibraltar,GIB,2020-03-31,25.2,24
Gibraltar,GIB,2020-04-30,23.2,21
Gibraltar,GIB,2020-05-31,23.6,12
Gibraltar,GIB,2020-06-30,22.8,16
Gibraltar,GIB,2020-07-31,20.2,23
Gibraltar,GIB,2020-08-31,24,22
Gibraltar,GIB,2020-09-30,25.2,23
Gibraltar,GIB,2020-10-31,24.8,25
Gibraltar,GIB,2020-11-30,22,26
Gibraltar,GIB,2020-12-31,31,17
Gibraltar,GIB,2021-01-31,34.6,89
Gibraltar,GIB,2021-02-28,29.8,
Gibraltar,GIB,2021-03-31,26,
Gibraltar,GIB,2021-04-30,24,
Gibraltar,GIB,2021-05-31,24.4,
Gibraltar,GIB,2021-06-30,23.6,
Gibraltar,GIB,2021-07-31,21,
Gibraltar,GIB,2021-08-31,24.8,
Gibraltar,GIB,2021-09-30,26,
Gibraltar,GIB,2021-10-31,25.6,
Gibraltar,GIB,2021-11-30,22.8,
Gibraltar,GIB,2021-12-31,31.8,
Gibraltar,GIB,2022-01-31,35.4,
Gibraltar,GIB,2022-02-28,30.6,
Gibraltar,GIB,2022-03-31,26.8,
Gibraltar,GIB,2022-04-30,24.8,
Gibraltar,GIB,2022-05-31,25.2,
Gibraltar,GIB,2022-06-30,24.4,
Gibraltar,GIB,2022-07-31,21.8,
Gibraltar,GIB,2022-08-31,25.6,
Gibraltar,GIB,2022-09-30,26.8,
Gibraltar,GIB,2022-10-31,26.4,
Gibraltar,GIB,2022-11-30,23.6,
Gibraltar,GIB,2022-12-31,32.6,
Gibraltar,GIB,2023-01-31,36.2,
Gibraltar,GIB,2023-02-28,31.4,
Gibraltar,GIB,2023-03-31,27.6,
Gibraltar,GIB,2023-04-30,25.6,
Gibraltar,GIB,2023-05-31,26,
Gibraltar,GIB,2023-06-30,25.2,
Gibraltar,GIB,2023-07-31,22.6,
Gibraltar,GIB,2023-08-31,26.4,
Gibraltar,GIB,2023-09-30,27.6,
Gibraltar,GIB,2023-10-31,27.2,
Gibraltar,GIB,2023-11-30,24.4,
Gibraltar,GIB,2023-12-31,33.4,
Greece,GRC,2020-01-05,2843.4,2749
Greece,GRC,2020-01-12,3032,2910
Greece,GRC,2020-01-19,2934.6,2863
Greece,GRC,2020-01-26,2895.6,2772
Greece,GRC,2020-02-02,2839.6,2990
Greece,GRC,2020-02-09,2729.8,2849
Greece,GRC,2020-02-16,2593,2782
Greece,GRC,2020-02-23,2570.4,2470
Greece,GRC,2020-03-01,2595.6,2543
Greece,GRC,2020-03-08,2520.8,2644
Greece,GRC,2020-03-15,2480.4,2596
Greece,GRC,2020-03-22,2418.4,2550
Greece,GRC,2020-03-29,2371.2,2439
Greece,GRC,2020-04-05,2410.6,2454
Greece,GRC,2020-04-12,2386,2362
Greece,GRC,2020-04-19,2340.6,2268
Greece,GRC,2020-04-26,2299,2205
Greece,GRC,2020-05-03,2331,2307
Greece,GRC,2020-05-10,2253.8,2127
Greece,GRC,2020-05-17,2163.4,2472
Greece,GRC,2020-05-24,2123.4,2329
Greece,GRC,2020-05-31,2225.4,1963
Greece,GRC,2020-06-07,2213.6,2101
Greece,GRC,2020-06-14,2284.6,2211
Greece,GRC,2020-06-21,2409.2,2352
Greece,GRC,2020-06-28,2341.4,2180
Greece,GRC,2020-07-05,2324.6,2670
Greece,GRC,2020-07-12,2312.8,2304
Greece,GRC,2020-07-19,2200.8,2136
Greece,GRC,2020-07-26,2334.8,2237
Greece,GRC,2020-08-02,2399.6,2714
Greece,GRC,2020-08-09,2452,2529
Greece,GRC,2020-08-16,2313.8,2368
Greece,GRC,2020-08-23,2195.4,2361
Greece,GRC,2020-08-30,2189.8,2298
Greece,GRC,2020-09-06,2176.4,2316
Greece,GRC,2020-09-13,2105.8,2274
Greece,GRC,2020-09-20,2065,2275
Greece,GRC,2020-09-27,2039.4,2156
Greece,GRC,2020-10-04,2122.2,2224
Greece,GRC,2020-10-11,2183.6,2213
Greece,GRC,2020-10-18,2197.2,2144
Greece,GRC,2020-10-25,2221.6,2224
Greece,GRC,2020-11-01,2283.8,2413
Greece,GRC,2020-11-08,2360.4,2549
Greece,GRC,2020-11-15,2350.4,2785
Greece,GRC,2020-11-22,2385.6,3149
Greece,GRC,2020-11-29,2389.8,3298
Greece,GRC,2020-12-06,2423.6,3338
Greece,GRC,2020-12-13,2482.4,3115
Greece,GRC,2020-12-20,2544.2,2938
Greece,GRC,2020-12-27,2642.6,2767
Greece,GRC,2021-01-03,2642.6,2686
Greece,GRC,2021-01-10,2861.5,2650
Greece,GRC,2021-01-17,3050.1,2497
Greece,GRC,2021-01-24,2952.7,2651
Greece,GRC,2021-01-31,2913.7,2625
Greece,GRC,2021-02-07,2857.7,2493
Greece,GRC,2021-02-14,2747.9,2463
Greece,GRC,2021-02-21,2611.1,2535
Greece,GRC,2021-02-28,2588.5,2668
Greece,GRC,2021-03-07,2613.7,2724
Greece,GRC,2021-03-14,2538.9,2657
Greece,GRC,2021-03-21,2498.5,2788
Greece,GRC,2021-03-28,2436.5,2759
Greece,GRC,2021-04-04,2389.3,2930
Greece,GRC,2021-04-11,2428.7,2898
Greece,GRC,2021-04-18,2404.1,2971
Greece,GRC,2021-04-25,2358.7,2663
Greece,GRC,2021-05-02,2317.1,2805
Greece,GRC,2021-05-09,2349.1,2937
Greece,GRC,2021-05-16,2271.9,2439
Greece,GRC,2021-05-23,2181.5,2501
Greece,GRC,2021-05-30,2141.5,2584
Greece,GRC,2021-06-06,2243.5,2318
Greece,GRC,2021-06-13,2231.7,2393
Greece,GRC,2021-06-20,2302.7,2314
Greece,GRC,2021-06-27,2427.3,2960
Greece,GRC,2021-07-04,2359.5,3154
Greece,GRC,2021-07-11,2342.7,2703
Greece,GRC,2021-07-18,2330.9,2702
Greece,GRC,2021-07-25,2218.9,2451
Greece,GRC,2021-08-01,2352.9,2827
Greece,GRC,2021-08-08,2417.7,3895
Greece,GRC,2021-08-15,2470.1,2954
Greece,GRC,2021-08-22,2331.9,2673
Greece,GRC,2021-08-29,2213.5,2781
Greece,GRC,2021-09-05,2207.9,2567
Greece,GRC,2021-09-12,2194.5,2522
Greece,GRC,2021-09-19,2123.9,2721
Greece,GRC,2021-09-26,2083.1,2440
Greece,GRC,2021-10-03,2057.5,2442
Greece,GRC,2021-10-10,2140.3,2456
Greece,GRC,2021-10-17,2201.7,2489
Greece,GRC,2021-10-24,2215.3,2514
Greece,GRC,2021-10-31,2239.7,2722
Greece,GRC,2021-11-07,2301.9,2995
Greece,GRC,2021-11-14,2378.5,2853
Greece,GRC,2021-11-21,2368.5,2990
Greece,GRC,2021-11-28,2403.7,3174
Greece,GRC,2021-12-05,2407.9,3177
Greece,GRC,2021-12-12,2441.7,3344
Greece,GRC,2021-12-19,2500.5,3293
Greece,GRC,2021-12-26,2562.3,3296
Greece,GRC,2022-01-02,2660.7,3310
Greece,GRC,2022-01-09,2879.6,3278
Greece,GRC,2022-01-16,3068.2,3378
Greece,GRC,2022-01-23,2970.8,3269
Greece,GRC,2022-01-30,2931.8,3677
Greece,GRC,2022-02-06,2875.8,3558
Greece,GRC,2022-02-13,2766,3241
Greece,GRC,2022-02-20,2629.2,3065
Greece,GRC,2022-02-27,2606.6,2797
Greece,GRC,2022-03-06,2631.8,2847
Greece,GRC,2022-03-13,2557,2846
Greece,GRC,2022-03-20,2516.6,3046
Greece,GRC,2022-03-27,2454.6,3042
Greece,GRC,2022-04-03,2407.4,3037
Greece,GRC,2022-04-10,2446.8,2872
Greece,GRC,2022-04-17,2422.2,2806
Greece,GRC,2022-04-24,2376.8,2624
Greece,GRC,2022-05-01,2335.2,2647
Greece,GRC,2022-05-08,2367.2,2336
Greece,GRC,2022-05-15,2290,2485
Greece,GRC,2022-05-22,2199.6,2398
Greece,GRC,2022-05-29,2159.6,2423
Greece,GRC,2022-06-05,2261.6,2596
Greece,GRC,2022-06-12,2249.8,2369
Greece,GRC,2022-06-19,2320.8,2276
Greece,GRC,2022-06-26,2445.4,2477
Greece,GRC,2022-07-03,2377.6,2526
Greece,GRC,2022-07-10,2360.8,2740
Greece,GRC,2022-07-17,2349,2580
Greece,GRC,2022-07-24,2237,2654
Greece,GRC,2022-07-31,2371,3222
Greece,GRC,2022-08-07,2435.8,3088
Greece,GRC,2022-08-14,2488.2,2765
Greece,GRC,2022-08-21,2350,2626
Greece,GRC,2022-08-28,2231.6,2383
Greece,GRC,2022-09-04,2226,2399
Greece,GRC,2022-09-11,2212.6,2249
Greece,GRC,2022-09-18,2142,2260
Greece,GRC,2022-09-25,2101.2,2098
Greece,GRC,2022-10-02,2075.6,2394
Greece,GRC,2022-10-09,2158.4,2192
Greece,GRC,2022-10-16,2219.8,2253
Greece,GRC,2022-10-23,2233.4,2280
Greece,GRC,2022-10-30,2257.8,2441
Greece,GRC,2022-11-06,2320,2462
Greece,GRC,2022-11-13,2396.6,2415
Greece,GRC,2022-11-20,2386.6,2596
Greece,GRC,2022-11-27,2421.8,2479
Greece,GRC,2022-12-04,2426,2752
Greece,GRC,2022-12-11,2459.8,2716
Greece,GRC,2022-12-18,2518.6,2588
Greece,GRC,2022-12-25,2580.4,2699
Greece,GRC,2023-01-01,2678.8,3045
Greece,GRC,2023-01-08,2897.7,3021
Greece,GRC,2023-01-15,3086.3,3086
Greece,GRC,2023-01-22,2988.9,2960
Greece,GRC,2023-01-29,2949.9,2847
Greece,GRC,2023-02-05,2893.9,2799
Greece,GRC,2023-02-12,2784.1,2860
Greece,GRC,2023-02-19,2647.3,2885
Greece,GRC,2023-02-26,2624.7,2745
Greece,GRC,2023-03-05,2649.9,2700
Greece,GRC,2023-03-12,2575.1,2525
Greece,GRC,2023-03-19,2534.7,2365
Greece,GRC,2023-03-26,2472.7,2429
Greece,GRC,2023-04-02,2425.5,2445
Greece,GRC,2023-04-09,2464.9,2278
Greece,GRC,2023-04-16,2440.3,2361
Greece,GRC,2023-04-23,2394.9,2368
Greece,GRC,2023-04-30,2353.3,2368
Greece,GRC,2023-05-07,2385.3,2373
Greece,GRC,2023-05-14,2308.1,2251
Greece,GRC,2023-05-21,2217.7,2232
Greece,GRC,2023-05-28,2177.7,2259
Greece,GRC,2023-06-04,2279.7,2209
Greece,GRC,2023-06-11,2267.9,2309
Greece,GRC,2023-06-18,2338.9,2094
Greece,GRC,2023-06-25,2463.5,2284
Greece,GRC,2023-07-02,2395.7,2154
Greece,GRC,2023-07-09,2378.9,2368
Greece,GRC,2023-07-16,2367.1,2424
Greece,GRC,2023-07-23,2255.1,2989
Greece,GRC,2023-07-30,2389.1,2959
Greece,GRC,2023-08-06,2453.9,2350
Greece,GRC,2023-08-13,2506.3,2126
Greece,GRC,2023-08-20,2368.1,2384
Greece,GRC,2023-08-27,2249.7,2619
Greece,GRC,2023-09-03,2244.1,2351
Greece,GRC,2023-09-10,2230.7,2161
Greece,GRC,2023-09-17,2160.1,2250
Greece,GRC,2023-09-24,2119.3,2271
Greece,GRC,2023-10-01,2093.7,2193
Greece,GRC,2023-10-08,2176.5,2116
Greece,GRC,2023-10-15,2237.9,2083
Greece,GRC,2023-10-22,2251.5,2241
Greece,GRC,2023-10-29,2275.9,2289
Greece,GRC,2023-11-05,2338.1,2201
Greece,GRC,2023-11-12,2414.7,2162
Greece,GRC,2023-11-19,2404.7,2180
Greece,GRC,2023-11-26,2439.9,2428
Greece,GRC,2023-12-03,2444.1,2551
Greece,GRC,2023-12-10,2477.9,2403
Greece,GRC,2023-12-17,2536.7,2682
Greece,GRC,2023-12-24,2598.5,2746
Greece,GRC,2023-12-31,2696.9,2937
Greenland,GRL,2020-01-31,48.6,36
Greenland,GRL,2020-02-29,44,48
Greenland,GRL,2020-03-31,51.8,44
Greenland,GRL,2020-04-30,47.2,30
Greenland,GRL,2020-05-31,46.4,35
Greenland,GRL,2020-06-30,46,49
Greenland,GRL,2020-07-31,43.2,39
Greenland,GRL,2020-08-31,43.4,49
Greenland,GRL,2020-09-30,46,53
Greenland,GRL,2020-10-31,38.4,32
Greenland,GRL,2020-11-30,39.2,45
Greenland,GRL,2020-12-31,50,61
Greenland,GRL,2021-01-31,49.9,48
Greenland,GRL,2021-02-28,45.3,52
Greenland,GRL,2021-03-31,53.1,39
Greenland,GRL,2021-04-30,48.5,45
Greenland,GRL,2021-05-31,47.7,27
Greenland,GRL,2021-06-30,47.3,45
Greenland,GRL,2021-07-31,44.5,57
Greenland,GRL,2021-08-31,44.7,50
Greenland,GRL,2021-09-30,47.3,48
Greenland,GRL,2021-10-31,39.7,44
Greenland,GRL,2021-11-30,40.5,27
Greenland,GRL,2021-12-31,51.3,49
Greenland,GRL,2022-01-31,51.1,50
Greenland,GRL,2022-02-28,46.5,52
Greenland,GRL,2022-03-31,54.3,26
Greenland,GRL,2022-04-30,49.7,47
Greenland,GRL,2022-05-31,48.9,41
Greenland,GRL,2022-06-30,48.5,34
Greenland,GRL,2022-07-31,45.7,44
Greenland,GRL,2022-08-31,45.9,54
Greenland,GRL,2022-09-30,48.5,42
Greenland,GRL,2022-10-31,40.9,50
Greenland,GRL,2022-11-30,41.7,48
Greenland,GRL,2022-12-31,52.5,37
Greenland,GRL,2023-01-31,52.4,46
Greenland,GRL,2023-02-28,47.8,50
Greenland,GRL,2023-03-31,55.6,50
Greenland,GRL,2023-04-30,51,33
Greenland,GRL,2023-05-31,50.2,42
Greenland,GRL,2023-06-30,49.8,34
Greenland,GRL,2023-07-31,47,52
Greenland,GRL,2023-08-31,47.2,50
Greenland,GRL,2023-09-30,49.8,43
Greenland,GRL,2023-10-31,42.2,37
Greenland,GRL,2023-11-30,43,45
Greenland,GRL,2023-12-31,53.8,52
Guadeloupe,GLP,2020-01-05,68.2,80
Guadeloupe,GLP,2020-01-12,65,50
Guadeloupe,GLP,2020-01-19,70,56
Guadeloupe,GLP,2020-01-26,62.8,69
Guadeloupe,GLP,2020-02-02,72,61
Guadeloupe,GLP,2020-02-09,70,57
Guadeloupe,GLP,2020-02-16,67.8,74
Guadeloupe,GLP,2020-02-23,57.4,81
Guadeloupe,GLP,2020-03-01,74,75
Guadeloupe,GLP,2020-03-08,65.2,67
Guadeloupe,GLP,2020-03-15,70,67
Guadeloupe,GLP,2020-03-22,67.6,69
Guadeloupe,GLP,2020-03-29,68.4,65
Guadeloupe,GLP,2020-04-05,65.4,72
Guadeloupe,GLP,2020-04-12,60.4,60
Guadeloupe,GLP,2020-04-19,61.6,74
Guadeloupe,GLP,2020-04-26,65.2,72
Guadeloupe,GLP,2020-05-03,59.2,76
Guadeloupe,GLP,2020-05-10,64.2,62
Guadeloupe,GLP,2020-05-17,70.2,68
Guadeloupe,GLP,2020-05-24,66.2,72
Guadeloupe,GLP,2020-05-31,62.6,56
Guadeloupe,GLP,2020-06-07,64.4,59
Guadeloupe,GLP,2020-06-14,74.6,63
Guadeloupe,GLP,2020-06-21,68.4,59
Guadeloupe,GLP,2020-06-28,72,70
Guadeloupe,GLP,2020-07-05,64.8,61
Guadeloupe,GLP,2020-07-12,70,66
Guadeloupe,GLP,2020-07-19,65.8,55
Guadeloupe,GLP,2020-07-26,72.6,65
Guadeloupe,GLP,2020-08-02,65.4,72
Guadeloupe,GLP,2020-08-09,68.2,73
Guadeloupe,GLP,2020-08-16,68.2,84
Guadeloupe,GLP,2020-08-23,70.8,64
Guadeloupe,GLP,2020-08-30,71,87
Guadeloupe,GLP,2020-09-06,61.4,83
Guadeloupe,GLP,2020-09-13,74,87
Guadeloupe,GLP,2020-09-20,69.8,105
Guadeloupe,GLP,2020-09-27,63.4,89
Guadeloupe,GLP,2020-10-04,71.4,89
Guadeloupe,GLP,2020-10-11,68.4,88
Guadeloupe,GLP,2020-10-18,61,95
Guadeloupe,GLP,2020-10-25,65.2,90
Guadeloupe,GLP,2020-11-01,62.6,74
Guadeloupe,GLP,2020-11-08,64,72
Guadeloupe,GLP,2020-11-15,65,60
Guadeloupe,GLP,2020-11-22,60.4,53
Guadeloupe,GLP,2020-11-29,61.6,70
Guadeloupe,GLP,2020-12-06,64.4,68
Guadeloupe,GLP,2020-12-13,66.4,64
Guadeloupe,GLP,2020-12-20,65.2,57
Guadeloupe,GLP,2020-12-27,71,60
Guadeloupe,GLP,2021-01-03,71,55
Guadeloupe,GLP,2021-01-10,70.2,75
Guadeloupe,GLP,2021-01-17,67,80
Guadeloupe,GLP,2021-01-24,72,80
Guadeloupe,GLP,2021-01-31,64.8,55
Guadeloupe,GLP,2021-02-07,74,69
Guadeloupe,GLP,2021-02-14,72,52
Guadeloupe,GLP,2021-02-21,69.8,58
Guadeloupe,GLP,2021-02-28,59.4,81
Guadeloupe,GLP,2021-03-07,76,65
Guadeloupe,GLP,2021-03-14,67.2,60
Guadeloupe,GLP,2021-03-21,72,65
Guadeloupe,GLP,2021-03-28,69.6,76
Guadeloupe,GLP,2021-04-04,70.4,65
Guadeloupe,GLP,2021-04-11,67.4,71
Guadeloupe,GLP,2021-04-18,62.4,80
Guadeloupe,GLP,2021-04-25,63.6,80
Guadeloupe,GLP,2021-05-02,67.2,64
Guadeloupe,GLP,2021-05-09,61.2,68
Guadeloupe,GLP,2021-05-16,66.2,70
Guadeloupe,GLP,2021-05-23,72.2,83
Guadeloupe,GLP,2021-05-30,68.2,68
Guadeloupe,GLP,2021-06-06,64.6,63
Guadeloupe,GLP,2021-06-13,66.4,80
Guadeloupe,GLP,2021-06-20,76.6,75
Guadeloupe,GLP,2021-06-27,70.4,61
Guadeloupe,GLP,2021-07-04,74,70
Guadeloupe,GLP,2021-07-11,66.8,70
Guadeloupe,GLP,2021-07-18,72,68
Guadeloupe,GLP,2021-07-25,67.8,74
Guadeloupe,GLP,2021-08-01,74.6,79
Guadeloupe,GLP,2021-08-08,67.4,135
Guadeloupe,GLP,2021-08-15,70.2,207
Guadeloupe,GLP,2021-08-22,70.2,311
Guadeloupe,GLP,2021-08-29,72.8,290
Guadeloupe,GLP,2021-09-05,73,192
Guadeloupe,GLP,2021-09-12,63.4,161
Guadeloupe,GLP,2021-09-19,76,96
Guadeloupe,GLP,2021-09-26,71.8,104
Guadeloupe,GLP,2021-10-03,65.4,83
Guadeloupe,GLP,2021-10-10,73.4,67
Guadeloupe,GLP,2021-10-17,70.4,74
Guadeloupe,GLP,2021-10-24,63,64
Guadeloupe,GLP,2021-10-31,67.2,66
Guadeloupe,GLP,2021-11-07,64.6,62
Guadeloupe,GLP,2021-11-14,66,58
Guadeloupe,GLP,2021-11-21,67,73
Guadeloupe,GLP,2021-11-28,62.4,63
Guadeloupe,GLP,2021-12-05,63.6,53
Guadeloupe,GLP,2021-12-12,66.4,66
Guadeloupe,GLP,2021-12-19,68.4,55
Guadeloupe,GLP,2021-12-26,67.2,72
Guadeloupe,GLP,2022-01-02,73,64
Guadeloupe,GLP,2022-01-09,72.2,64
Guadeloupe,GLP,2022-01-16,69,87
Guadeloupe,GLP,2022-01-23,74,87
Guadeloupe,GLP,2022-01-30,66.8,106
Guadeloupe,GLP,2022-02-06,76,118
Guadeloupe,GLP,2022-02-13,74,92
Guadeloupe,GLP,2022-02-20,71.8,92
Guadeloupe,GLP,2022-02-27,61.4,73
Guadeloupe,GLP,2022-03-06,78,74
Guadeloupe,GLP,2022-03-13,69.2,71
Guadeloupe,GLP,2022-03-20,74,69
Guadeloupe,GLP,2022-03-27,71.6,68
Guadeloupe,GLP,2022-04-03,72.4,75
Guadeloupe,GLP,2022-04-10,69.4,73
Guadeloupe,GLP,2022-04-17,64.4,68
Guadeloupe,GLP,2022-04-24,65.6,65
Guadeloupe,GLP,2022-05-01,69.2,64
Guadeloupe,GLP,2022-05-08,63.2,71
Guadeloupe,GLP,2022-05-15,68.2,65
Guadeloupe,GLP,2022-05-22,74.2,78
Guadeloupe,GLP,2022-05-29,70.2,82
Guadeloupe,GLP,2022-06-05,66.6,94
Guadeloupe,GLP,2022-06-12,68.4,80
Guadeloupe,GLP,2022-06-19,78.6,92
Guadeloupe,GLP,2022-06-26,72.4,83
Guadeloupe,GLP,2022-07-03,76,76
Guadeloupe,GLP,2022-07-10,68.8,57
Guadeloupe,GLP,2022-07-17,74,74
Guadeloupe,GLP,2022-07-24,69.8,91
Guadeloupe,GLP,2022-07-31,76.6,88
Guadeloupe,GLP,2022-08-07,69.4,78
Guadeloupe,GLP,2022-08-14,72.2,75
Guadeloupe,GLP,2022-08-21,72.2,77
Guadeloupe,GLP,2022-08-28,74.8,77
Guadeloupe,GLP,2022-09-04,75,88
Guadeloupe,GLP,2022-09-11,65.4,79
Guadeloupe,GLP,2022-09-18,78,84
Guadeloupe,GLP,2022-09-25,73.8,78
Guadeloupe,GLP,2022-10-02,67.4,59
Guadeloupe,GLP,2022-10-09,75.4,65
Guadeloupe,GLP,2022-10-16,72.4,63
Guadeloupe,GLP,2022-10-23,65,75
Guadeloupe,GLP,2022-10-30,69.2,72
Guadeloupe,GLP,2022-11-06,66.6,55
Guadeloupe,GLP,2022-11-13,68,65
Guadeloupe,GLP,2022-11-20,69,70
Guadeloupe,GLP,2022-11-27,64.4,75
Guadeloupe,GLP,2022-12-04,65.6,78
Guadeloupe,GLP,2022-12-11,68.4,78
Guadeloupe,GLP,2022-12-18,70.4,63
Guadeloupe,GLP,2022-12-25,69.2,77
Guadeloupe,GLP,2023-01-01,75,91
Guadeloupe,GLP,2023-01-08,74.2,81
Guadeloupe,GLP,2023-01-15,71,82
Guadeloupe,GLP,2023-01-22,76,78
Guadeloupe,GLP,2023-01-29,68.8,85
Guadeloupe,GLP,2023-02-05,78,67
Guadeloupe,GLP,2023-02-12,76,65
Guadeloupe,GLP,2023-02-19,73.8,67
Guadeloupe,GLP,2023-02-26,63.4,68
Guadeloupe,GLP,2023-03-05,80,75
Guadeloupe,GLP,2023-03-12,71.2,78
Guadeloupe,GLP,2023-03-19,76,72
Guadeloupe,GLP,2023-03-26,73.6,70
Guadeloupe,GLP,2023-04-02,74.4,65
Guadeloupe,GLP,2023-04-09,71.4,59
Guadeloupe,GLP,2023-04-16,66.4,56
Guadeloupe,GLP,2023-04-23,67.6,67
Guadeloupe,GLP,2023-04-30,71.2,56
Guadeloupe,GLP,2023-05-07,65.2,65
Guadeloupe,GLP,2023-05-14,70.2,86
Guadeloupe,GLP,2023-05-21,76.2,74
Guadeloupe,GLP,2023-05-28,72.2,68
Guadeloupe,GLP,2023-06-04,68.6,92
Guadeloupe,GLP,2023-06-11,70.4,94
Guadeloupe,GLP,2023-06-18,80.6,83
Guadeloupe,GLP,2023-06-25,74.4,79
Guadeloupe,GLP,2023-07-02,78,78
Guadeloupe,GLP,2023-07-09,70.8,74
Guadeloupe,GLP,2023-07-16,76,70
Guadeloupe,GLP,2023-07-23,71.8,95
Guadeloupe,GLP,2023-07-30,78.6,69
Guadeloupe,GLP,2023-08-06,71.4,80
Guadeloupe,GLP,2023-08-13,74.2,62
Guadeloupe,GLP,2023-08-20,74.2,81
Guadeloupe,GLP,2023-08-27,76.8,78
Guadeloupe,GLP,2023-09-03,77,91
Guadeloupe,GLP,2023-09-10,67.4,81
Guadeloupe,GLP,2023-09-17,80,82
Guadeloupe,GLP,2023-09-24,75.8,101
Guadeloupe,GLP,2023-10-01,69.4,68
Guadeloupe,GLP,2023-10-08,77.4,61
Guadeloupe,GLP,2023-10-15,74.4,66
Guadeloupe,GLP,2023-10-22,67,68
Guadeloupe,GLP,2023-10-29,71.2,75
Guadeloupe,GLP,2023-11-05,68.6,60
Guadeloupe,GLP,2023-11-12,70,72
Guadeloupe,GLP,2023-11-19,71,63
Guadeloupe,GLP,2023-11-26,66.4,71
Guadeloupe,GLP,2023-12-03,67.6,67
Guadeloupe,GLP,2023-12-10,70.4,73
Guadeloupe,GLP,2023-12-17,72.4,76
Guadeloupe,GLP,2023-12-24,71.2,63
Guadeloupe,GLP,2023-12-31,77,56
Guatemala,GTM,2020-01-05,1714.1,1757
Guatemala,GTM,2020-01-12,1691.5,1670
Guatemala,GTM,2020-01-19,1672.9,1663
Guatemala,GTM,2020-01-26,1615.5,1607
Guatemala,GTM,2020-02-02,1597.3,1599
Guatemala,GTM,2020-02-09,1619.3,1610
Guatemala,GTM,2020-02-16,1642.1,1586
Guatemala,GTM,2020-02-23,1634.1,1517
Guatemala,GTM,2020-03-01,1594.5,1565
Guatemala,GTM,2020-03-08,1637.5,1581
Guatemala,GTM,2020-03-15,1635.1,1478
Guatemala,GTM,2020-03-22,1646.5,1394
Guatemala,GTM,2020-03-29,1721.7,1329
Guatemala,GTM,2020-04-05,1661.7,1305
Guatemala,GTM,2020-04-12,1640.1,1259
Guatemala,GTM,2020-04-19,1666.7,1314
Guatemala,GTM,2020-04-26,1726.3,1405
Guatemala,GTM,2020-05-03,1667.9,1351
Guatemala,GTM,2020-05-10,1633.5,1375
Guatemala,GTM,2020-05-17,1656.5,1402
Guatemala,GTM,2020-05-24,1622.1,1470
Guatemala,GTM,2020-05-31,1607.3,1542
Guatemala,GTM,2020-06-07,1688.9,1890
Guatemala,GTM,2020-06-14,1633.5,1946
Guatemala,GTM,2020-06-21,1687.9,2113
Guatemala,GTM,2020-06-28,1676.1,2352
Guatemala,GTM,2020-07-05,1692.1,2626
Guatemala,GTM,2020-07-12,1669.5,2961
Guatemala,GTM,2020-07-19,1672.1,2785
Guatemala,GTM,2020-07-26,1679.9,2710
Guatemala,GTM,2020-08-02,1655.1,2576
Guatemala,GTM,2020-08-09,1664.3,2386
Guatemala,GTM,2020-08-16,1595.3,2225
Guatemala,GTM,2020-08-23,1635.1,2128
Guatemala,GTM,2020-08-30,1619.7,2127
Guatemala,GTM,2020-09-06,1622.5,2029
Guatemala,GTM,2020-09-13,1626.1,1957
Guatemala,GTM,2020-09-20,1638.5,1932
Guatemala,GTM,2020-09-27,1620.7,1907
Guatemala,GTM,2020-10-04,1685.3,1812
Guatemala,GTM,2020-10-11,1652.7,1926
Guatemala,GTM,2020-10-18,1627.7,1819
Guatemala,GTM,2020-10-25,1614.9,1787
Guatemala,GTM,2020-11-01,1652.7,1821
Guatemala,GTM,2020-11-08,1610.7,1866
Guatemala,GTM,2020-11-15,1589.9,1820
Guatemala,GTM,2020-11-22,1592.1,1876
Guatemala,GTM,2020-11-29,1565.5,1862
Guatemala,GTM,2020-12-06,1576.1,1765
Guatemala,GTM,2020-12-13,1620.7,1866
Guatemala,GTM,2020-12-20,1614.3,1851
Guatemala,GTM,2020-12-27,1705.3,1898
Guatemala,GTM,2021-01-03,1705.3,2049
Guatemala,GTM,2021-01-10,1733.4,1904
Guatemala,GTM,2021-01-17,1710.8,1930
Guatemala,GTM,2021-01-24,1692.2,1898
Guatemala,GTM,2021-01-31,1634.8,1837
Guatemala,GTM,2021-02-07,1616.6,1776
Guatemala,GTM,2021-02-14,1638.6,1785
Guatemala,GTM,2021-02-21,1661.4,1706
Guatemala,GTM,2021-02-28,1653.4,1748
Guatemala,GTM,2021-03-07,1613.8,1811
Guatemala,GTM,2021-03-14,1656.8,1769
Guatemala,GTM,2021-03-21,1654.4,1798
Guatemala,GTM,2021-03-28,1665.8,1970
Guatemala,GTM,2021-04-04,1741,1965
Guatemala,GTM,2021-04-11,1681,2064
Guatemala,GTM,2021-04-18,1659.4,2221
Guatemala,GTM,2021-04-25,1686,2191
Guatemala,GTM,2021-05-02,1745.6,2184
Guatemala,GTM,2021-05-09,1687.2,2133
Guatemala,GTM,2021-05-16,1652.8,2092
Guatemala,GTM,2021-05-23,1675.8,2135
Guatemala,GTM,2021-05-30,1641.4,2079
Guatemala,GTM,2021-06-06,1626.6,2157
Guatemala,GTM,2021-06-13,1708.2,2209
Guatemala,GTM,2021-06-20,1652.8,2156
Guatemala,GTM,2021-06-27,1707.2,2188
Guatemala,GTM,2021-07-04,1695.4,2360
Guatemala,GTM,2021-07-11,1711.4,2467
Guatemala,GTM,2021-07-18,1688.8,2537
Guatemala,GTM,2021-07-25,1691.4,2675
Guatemala,GTM,2021-08-01,1699.2,2732
Guatemala,GTM,2021-08-08,1674.4,2823
Guatemala,GTM,2021-08-15,1683.6,2981
Guatemala,GTM,2021-08-22,1614.6,3329
Guatemala,GTM,2021-08-29,1654.4,3556
Guatemala,GTM,2021-09-05,1639,3686
Guatemala,GTM,2021-09-12,1641.8,3855
Guatemala,GTM,2021-09-19,1645.4,3697
Guatemala,GTM,2021-09-26,1657.8,3206
Guatemala,GTM,2021-10-03,1640,2956
Guatemala,GTM,2021-10-10,1704.6,2649
Guatemala,GTM,2021-10-17,1672,2412
Guatemala,GTM,2021-10-24,1647,2108
Guatemala,GTM,2021-10-31,1634.2,1984
Guatemala,GTM,2021-11-07,1672,1933
Guatemala,GTM,2021-11-14,1630,1807
Guatemala,GTM,2021-11-21,1609.2,1783
Guatemala,GTM,2021-11-28,1611.4,1714
Guatemala,GTM,2021-12-05,1584.8,1802
Guatemala,GTM,2021-12-12,1595.4,1732
Guatemala,GTM,2021-12-19,1640,1792
Guatemala,GTM,2021-12-26,1633.6,1817
Guatemala,GTM,2022-01-02,1724.6,2064
Guatemala,GTM,2022-01-09,1752.7,2074
Guatemala,GTM,2022-01-16,1730.1,2127
Guatemala,GTM,2022-01-23,1711.5,2194
Guatemala,GTM,2022-01-30,1654.1,2044
Guatemala,GTM,2022-02-06,1635.9,2157
Guatemala,GTM,2022-02-13,1657.9,2203
Guatemala,GTM,2022-02-20,1680.7,2249
Guatemala,GTM,2022-02-27,1672.7,2098
Guatemala,GTM,2022-03-06,1633.1,2057
Guatemala,GTM,2022-03-13,1676.1,1983
Guatemala,GTM,2022-03-20,1673.7,1904
Guatemala,GTM,2022-03-27,1685.1,1812
Guatemala,GTM,2022-04-03,1760.3,1828
Guatemala,GTM,2022-04-10,1700.3,1734
Guatemala,GTM,2022-04-17,1678.7,1718
Guatemala,GTM,2022-04-24,1705.3,1705
Guatemala,GTM,2022-05-01,1764.9,1625
Guatemala,GTM,2022-05-08,1706.5,1704
Guatemala,GTM,2022-05-15,1672.1,1660
Guatemala,GTM,2022-05-22,1695.1,1629
Guatemala,GTM,2022-05-29,1660.7,1629
Guatemala,GTM,2022-06-05,1645.9,1683
Guatemala,GTM,2022-06-12,1727.5,1623
Guatemala,GTM,2022-06-19,1672.1,1610
Guatemala,GTM,2022-06-26,1726.5,1744
Guatemala,GTM,2022-07-03,1714.7,1822
Guatemala,GTM,2022-07-10,1730.7,1863
Guatemala,GTM,2022-07-17,1708.1,1896
Guatemala,GTM,2022-07-24,1710.7,1814
Guatemala,GTM,2022-07-31,1718.5,1782
Guatemala,GTM,2022-08-07,1693.7,1759
Guatemala,GTM,2022-08-14,1702.9,1826
Guatemala,GTM,2022-08-21,1633.9,1681
Guatemala,GTM,2022-08-28,1673.7,1740
Guatemala,GTM,2022-09-04,1658.3,1639
Guatemala,GTM,2022-09-11,1661.1,1715
Guatemala,GTM,2022-09-18,1664.7,1677
Guatemala,GTM,2022-09-25,1677.1,1772
Guatemala,GTM,2022-10-02,1659.3,1742
Guatemala,GTM,2022-10-09,1723.9,1769
Guatemala,GTM,2022-10-16,1691.3,1752
Guatemala,GTM,2022-10-23,1666.3,1690
Guatemala,GTM,2022-10-30,1653.5,1761
Guatemala,GTM,2022-11-06,1691.3,1734
Guatemala,GTM,2022-11-13,1649.3,1738
Guatemala,GTM,2022-11-20,1628.5,1771
Guatemala,GTM,2022-11-27,1630.7,1796
Guatemala,GTM,2022-12-04,1604.1,1801
Guatemala,GTM,2022-12-11,1614.7,1877
Guatemala,GTM,2022-12-18,1659.3,1974
Guatemala,GTM,2022-12-25,1652.9,1905
Guatemala,GTM,2023-01-01,1743.9,1968
Guatemala,GTM,2023-01-08,1772.1,1895
Guatemala,GTM,2023-01-15,1749.5,1853
Guatemala,GTM,2023-01-22,1730.9,1825
Guatemala,GTM,2023-01-29,1673.5,1786
Guatemala,GTM,2023-02-05,1655.3,1710
Guatemala,GTM,2023-02-12,1677.3,1831
Guatemala,GTM,2023-02-19,1700.1,1726
Guatemala,GTM,2023-02-26,1692.1,1766
Guatemala,GTM,2023-03-05,1652.5,1825
Guatemala,GTM,2023-03-12,1695.5,1670
Guatemala,GTM,2023-03-19,1693.1,1800
Guatemala,GTM,2023-03-26,1704.5,1756
Guatemala,GTM,2023-04-02,1779.7,1716
Guatemala,GTM,2023-04-09,1719.7,1860
Guatemala,GTM,2023-04-16,1698.1,1814
Guatemala,GTM,2023-04-23,1724.7,1912
Guatemala,GTM,2023-04-30,1784.3,1869
Guatemala,GTM,2023-05-07,1725.9,1964
Guatemala,GTM,2023-05-14,1691.5,2010
Guatemala,GTM,2023-05-21,1714.5,1896
Guatemala,GTM,2023-05-28,1680.1,1872
Guatemala,GTM,2023-06-04,1665.3,1873
Guatemala,GTM,2023-06-11,1746.9,1965
Guatemala,GTM,2023-06-18,1691.5,1950
Guatemala,GTM,2023-06-25,1745.9,1856
Guatemala,GTM,2023-07-02,1734.1,1869
Guatemala,GTM,2023-07-09,1750.1,1834
Guatemala,GTM,2023-07-16,1727.5,1927
Guatemala,GTM,2023-07-23,1730.1,1893
Guatemala,GTM,2023-07-30,1737.9,1829
Guatemala,GTM,2023-08-06,1713.1,1866
Guatemala,GTM,2023-08-13,1722.3,1834
Guatemala,GTM,2023-08-20,1653.3,1833
Guatemala,GTM,2023-08-27,1693.1,1832
Guatemala,GTM,2023-09-03,1677.7,1801
Guatemala,GTM,2023-09-10,1680.5,1859
Guatemala,GTM,2023-09-17,1684.1,1881
Guatemala,GTM,2023-09-24,1696.5,1879
Guatemala,GTM,2023-10-01,1678.7,1723
Guatemala,GTM,2023-10-08,1743.3,1854
Guatemala,GTM,2023-10-15,1710.7,1820
Guatemala,GTM,2023-10-22,1685.7,1767
Guatemala,GTM,2023-10-29,1672.9,1842
Guatemala,GTM,2023-11-05,1710.7,1866
Guatemala,GTM,2023-11-12,1668.7,1860
Guatemala,GTM,2023-11-19,1647.9,1765
Guatemala,GTM,2023-11-26,1650.1,1861
Guatemala,GTM,2023-12-03,1623.5,1753
Guatemala,GTM,2023-12-10,1634.1,1752
Guatemala,GTM,2023-12-17,1678.7,1745
Guatemala,GTM,2023-12-24,1672.3,1953
Guatemala,GTM,2023-12-31,1763.3,1946
Hong Kong,HKG,2020-01-31,4703,4749
Hong Kong,HKG,2020-02-29,4472.2,4789
Hong Kong,HKG,2020-03-31,4444.6,4171
Hong Kong,HKG,2020-04-30,4056.4,3899
Hong Kong,HKG,2020-05-31,4029.4,4091
Hong Kong,HKG,2020-06-30,3805.4,3728
Hong Kong,HKG,2020-07-31,3958.2,4117
Hong Kong,HKG,2020-08-31,3854.6,4177
Hong Kong,HKG,2020-09-30,3652.2,3849
Hong Kong,HKG,2020-10-31,3922.2,4184
Hong Kong,HKG,2020-11-30,3810.6,4125
Hong Kong,HKG,2020-12-31,4388.6,4787
Hong Kong,HKG,2021-01-31,4754.6,5278
Hong Kong,HKG,2021-02-28,4523.8,4124
Hong Kong,HKG,2021-03-31,4496.2,4318
Hong Kong,HKG,2021-04-30,4108,4096
Hong Kong,HKG,2021-05-31,4081,4173
Hong Kong,HKG,2021-06-30,3857,4022
Hong Kong,HKG,2021-07-31,4009.8,4141
Hong Kong,HKG,2021-08-31,3906.2,4063
Hong Kong,HKG,2021-09-30,3703.8,3877
Hong Kong,HKG,2021-10-31,3973.8,4256
Hong Kong,HKG,2021-11-30,3862.2,4252
Hong Kong,HKG,2021-12-31,4440.2,4754
Hong Kong,HKG,2022-01-31,4806.2,4775
Hong Kong,HKG,2022-02-28,4575.4,6142
Hong Kong,HKG,2022-03-31,4547.8,12185
Hong Kong,HKG,2022-04-30,4159.6,5527
Hong Kong,HKG,2022-05-31,4132.6,4287
Hong Kong,HKG,2022-06-30,3908.6,3830
Hong Kong,HKG,2022-07-31,4061.4,4092
Hong Kong,HKG,2022-08-31,3957.8,4175
Hong Kong,HKG,2022-09-30,3755.4,4223
Hong Kong,HKG,2022-10-31,4025.4,4334
Hong Kong,HKG,2022-11-30,3913.8,4249
Hong Kong,HKG,2022-12-31,4491.8,5873
Hong Kong,HKG,2023-01-31,4857.8,6380
Hong Kong,HKG,2023-02-28,4627,4432
Hong Kong,HKG,2023-03-31,4599.4,4302
Hong Kong,HKG,2023-04-30,4211.2,4281
Hong Kong,HKG,2023-05-31,4184.2,4899
Hong Kong,HKG,2023-06-30,3960.2,4528
Hong Kong,HKG,2023-07-31,4113,4395
Hong Kong,HKG,2023-08-31,4009.4,4380
Hong Kong,HKG,2023-09-30,3807,4293
Hong Kong,HKG,2023-10-31,4077,4258
Hong Kong,HKG,2023-11-30,3965.4,4074
Hong Kong,HKG,2023-12-31,4543.4,4509
Hungary,HUN,2020-01-05,2885.1,2612
Hungary,HUN,2020-01-12,2918.1,2585
Hungary,HUN,2020-01-19,2924.3,2584
Hungary,HUN,2020-01-26,3016.3,2723
Hungary,HUN,2020-02-02,3055.9,2802
Hungary,HUN,2020-02-09,3068.1,2637
Hungary,HUN,2020-02-16,2983.1,2751
Hungary,HUN,2020-02-23,2955.5,2585
Hungary,HUN,2020-03-01,2893.5,2781
Hungary,HUN,2020-03-08,2811.7,2606
Hungary,HUN,2020-03-15,2708.9,2578
Hungary,HUN,2020-03-22,2634.9,2801
Hungary,HUN,2020-03-29,2591.3,2592
Hungary,HUN,2020-04-05,2510.3,2528
Hungary,HUN,2020-04-12,2477.9,2575
Hungary,HUN,2020-04-19,2429.9,2509
Hungary,HUN,2020-04-26,2436.5,2359
Hungary,HUN,2020-05-03,2366.7,2249
Hungary,HUN,2020-05-10,2314.3,2292
Hungary,HUN,2020-05-17,2271.5,2346
Hungary,HUN,2020-05-24,2275.5,2110
Hungary,HUN,2020-05-31,2286.3,2191
Hungary,HUN,2020-06-07,2261.9,2399
Hungary,HUN,2020-06-14,2291.7,2288
Hungary,HUN,2020-06-21,2249.7,2068
Hungary,HUN,2020-06-28,2193.1,2269
Hungary,HUN,2020-07-05,2218.7,2317
Hungary,HUN,2020-07-12,2280.7,2169
Hungary,HUN,2020-07-19,2278.9,2110
Hungary,HUN,2020-07-26,2380.1,2153
Hungary,HUN,2020-08-02,2309.1,2362
Hungary,HUN,2020-08-09,2284.5,2311
Hungary,HUN,2020-08-16,2306.3,2268
Hungary,HUN,2020-08-23,2190.9,2224
Hungary,HUN,2020-08-30,2293.3,2203
Hungary,HUN,2020-09-06,2223.3,2221
Hungary,HUN,2020-09-13,2271.1,2333
Hungary,HUN,2020-09-20,2315.7,2472
Hungary,HUN,2020-09-27,2355.1,2457
Hungary,HUN,2020-10-04,2401.1,2562
Hungary,HUN,2020-10-11,2451.7,2563
Hungary,HUN,2020-10-18,2427.5,2758
Hungary,HUN,2020-10-25,2412.9,2989
Hungary,HUN,2020-11-01,2385.9,3185
Hungary,HUN,2020-11-08,2404.7,3551
Hungary,HUN,2020-11-15,2397.1,3963
Hungary,HUN,2020-11-22,2467.3,3950
Hungary,HUN,2020-11-29,2455.7,4067
Hungary,HUN,2020-12-06,2575.1,4169
Hungary,HUN,2020-12-13,2556.9,4089
Hungary,HUN,2020-12-20,2637.5,3733
Hungary,HUN,2020-12-27,2678.3,3752
Hungary,HUN,2021-01-03,2678.3,3485
Hungary,HUN,2021-01-10,2885,3222
Hungary,HUN,2021-01-17,2918,3204
Hungary,HUN,2021-01-24,2924.2,3044
Hungary,HUN,2021-01-31,3016.2,2867
Hungary,HUN,2021-02-07,3055.8,2884
Hungary,HUN,2021-02-14,3068,2888
Hungary,HUN,2021-02-21,2983,2926
Hungary,HUN,2021-02-28,2955.4,3172
Hungary,HUN,2021-03-07,2893.4,3271
Hungary,HUN,2021-03-14,2811.6,3809
Hungary,HUN,2021-03-21,2708.8,4301
Hungary,HUN,2021-03-28,2634.8,4568
Hungary,HUN,2021-04-04,2591.2,4534
Hungary,HUN,2021-04-11,2510.2,4139
Hungary,HUN,2021-04-18,2477.8,3532
Hungary,HUN,2021-04-25,2429.8,3251
Hungary,HUN,2021-05-02,2436.4,2970
Hungary,HUN,2021-05-09,2366.6,2724
Hungary,HUN,2021-05-16,2314.2,2552
Hungary,HUN,2021-05-23,2271.4,2392
Hungary,HUN,2021-05-30,2275.4,2334
Hungary,HUN,2021-06-06,2286.2,2410
Hungary,HUN,2021-06-13,2261.8,2375
Hungary,HUN,2021-06-20,2291.6,2370
Hungary,HUN,2021-06-27,2249.6,2678
Hungary,HUN,2021-07-04,2193,2389
Hungary,HUN,2021-07-11,2218.6,2362
Hungary,HUN,2021-07-18,2280.6,2424
Hungary,HUN,2021-07-25,2278.8,2110
Hungary,HUN,2021-08-01,2380,2505
Hungary,HUN,2021-08-08,2309,2190
Hungary,HUN,2021-08-15,2284.4,2351
Hungary,HUN,2021-08-22,2306.2,2204
Hungary,HUN,2021-08-29,2190.8,2167
Hungary,HUN,2021-09-05,2293.2,2272
Hungary,HUN,2021-09-12,2223.2,2408
Hungary,HUN,2021-09-19,2271,2470
Hungary,HUN,2021-09-26,2315.6,2373
Hungary,HUN,2021-10-03,2355,2426
Hungary,HUN,2021-10-10,2401,2534
Hungary,HUN,2021-10-17,2451.6,2665
Hungary,HUN,2021-10-24,2427.4,2668
Hungary,HUN,2021-10-31,2412.8,2975
Hungary,HUN,2021-11-07,2385.8,3332
Hungary,HUN,2021-11-14,2404.6,3530
Hungary,HUN,2021-11-21,2397,3673
Hungary,HUN,2021-11-28,2467.2,4030
Hungary,HUN,2021-12-05,2455.6,4151
Hungary,HUN,2021-12-12,2575,3965
Hungary,HUN,2021-12-19,2556.8,3657
Hungary,HUN,2021-12-26,2637.4,3448
Hungary,HUN,2022-01-02,2678.2,3356
Hungary,HUN,2022-01-09,2884.9,3132
Hungary,HUN,2022-01-16,2917.9,2900
Hungary,HUN,2022-01-23,2924.1,2858
Hungary,HUN,2022-01-30,3016.1,2934
Hungary,HUN,2022-02-06,3055.7,3136
Hungary,HUN,2022-02-13,3067.9,3172
Hungary,HUN,2022-02-20,2982.9,3190
Hungary,HUN,2022-02-27,2955.3,3012
Hungary,HUN,2022-03-06,2893.3,2888
Hungary,HUN,2022-03-13,2811.5,2759
Hungary,HUN,2022-03-20,2708.7,2863
Hungary,HUN,2022-03-27,2634.7,2763
Hungary,HUN,2022-04-03,2591.1,2777
Hungary,HUN,2022-04-10,2510.1,2740
Hungary,HUN,2022-04-17,2477.7,2535
Hungary,HUN,2022-04-24,2429.7,2608
Hungary,HUN,2022-05-01,2436.3,2610
Hungary,HUN,2022-05-08,2366.5,2438
Hungary,HUN,2022-05-15,2314.1,2380
Hungary,HUN,2022-05-22,2271.3,2238
Hungary,HUN,2022-05-29,2275.3,2175
Hungary,HUN,2022-06-05,2286.1,2337
Hungary,HUN,2022-06-12,2261.7,2326
Hungary,HUN,2022-06-19,2291.5,2073
Hungary,HUN,2022-06-26,2249.5,2319
Hungary,HUN,2022-07-03,2192.9,2736
Hungary,HUN,2022-07-10,2218.5,2272
Hungary,HUN,2022-07-17,2280.5,2181
Hungary,HUN,2022-07-24,2278.7,2641
Hungary,HUN,2022-07-31,2379.9,2516
Hungary,HUN,2022-08-07,2308.9,2346
Hungary,HUN,2022-08-14,2284.3,2392
Hungary,HUN,2022-08-21,2306.1,2575
Hungary,HUN,2022-08-28,2190.7,2343
Hungary,HUN,2022-09-04,2293.1,2220
Hungary,HUN,2022-09-11,2223.1,2339
Hungary,HUN,2022-09-18,2270.9,2271
Hungary,HUN,2022-09-25,2315.5,2503
Hungary,HUN,2022-10-02,2354.9,2770
Hungary,HUN,2022-10-09,2400.9,2585
Hungary,HUN,2022-10-16,2451.5,2623
Hungary,HUN,2022-10-23,2427.3,2522
Hungary,HUN,2022-10-30,2412.7,2582
Hungary,HUN,2022-11-06,2385.7,2507
Hungary,HUN,2022-11-13,2404.5,2521
Hungary,HUN,2022-11-20,2396.9,2560
Hungary,HUN,2022-11-27,2467.1,2617
Hungary,HUN,2022-12-04,2455.5,2647
Hungary,HUN,2022-12-11,2574.9,2849
Hungary,HUN,2022-12-18,2556.7,2803
Hungary,HUN,2022-12-25,2637.3,2882
Hungary,HUN,2023-01-01,2678.1,2994
Hungary,HUN,2023-01-08,2884.8,2796
Hungary,HUN,2023-01-15,2917.8,2652
Hungary,HUN,2023-01-22,2924,2648
Hungary,HUN,2023-01-29,3016,2496
Hungary,HUN,2023-02-05,3055.6,2674
Hungary,HUN,2023-02-12,3067.8,2698
Hungary,HUN,2023-02-19,2982.8,2854
Hungary,HUN,2023-02-26,2955.2,2832
Hungary,HUN,2023-03-05,2893.2,2714
Hungary,HUN,2023-03-12,2811.4,2759
Hungary,HUN,2023-03-19,2708.6,2775
Hungary,HUN,2023-03-26,2634.6,2713
Hungary,HUN,2023-04-02,2591,2590
Hungary,HUN,2023-04-09,2510,2464
Hungary,HUN,2023-04-16,2477.6,2513
Hungary,HUN,2023-04-23,2429.6,2432
Hungary,HUN,2023-04-30,2436.2,2322
Hungary,HUN,2023-05-07,2366.4,2371
Hungary,HUN,2023-05-14,2314,2228
Hungary,HUN,2023-05-21,2271.2,2310
Hungary,HUN,2023-05-28,2275.2,2276
Hungary,HUN,2023-06-04,2286,2201
Hungary,HUN,2023-06-11,2261.6,2190
Hungary,HUN,2023-06-18,2291.4,2168
Hungary,HUN,2023-06-25,2249.4,2327
Hungary,HUN,2023-07-02,2192.8,2074
Hungary,HUN,2023-07-09,2218.4,2149
Hungary,HUN,2023-07-16,2280.4,2385
Hungary,HUN,2023-07-23,2278.6,2215
Hungary,HUN,2023-07-30,2379.8,2142
Hungary,HUN,2023-08-06,2308.8,2004
Hungary,HUN,2023-08-13,2284.2,2029
Hungary,HUN,2023-08-20,2306,2378
Hungary,HUN,2023-08-27,2190.6,2446
Hungary,HUN,2023-09-03,2293,2137
Hungary,HUN,2023-09-10,2223,2175
Hungary,HUN,2023-09-17,2270.8,2239
Hungary,HUN,2023-09-24,2315.4,2173
Hungary,HUN,2023-10-01,2354.8,2101
Hungary,HUN,2023-10-08,2400.8,2325
Hungary,HUN,2023-10-15,2451.4,2534
Hungary,HUN,2023-10-22,2427.2,2504
Hungary,HUN,2023-10-29,2412.6,2587
Hungary,HUN,2023-11-05,2385.6,2490
Hungary,HUN,2023-11-12,2404.4,2418
Hungary,HUN,2023-11-19,2396.8,2463
Hungary,HUN,2023-11-26,2467,2599
Hungary,HUN,2023-12-03,2455.4,2660
Hungary,HUN,2023-12-10,2574.8,2827
Hungary,HUN,2023-12-17,2556.6,2871
Hungary,HUN,2023-12-24,2637.2,2988
Hungary,HUN,2023-12-31,2678,2830
Iceland,ISL,2020-01-05,46.6,57
Iceland,ISL,2020-01-12,48.6,55
Iceland,ISL,2020-01-19,45.2,52
Iceland,ISL,2020-01-26,45.4,55
Iceland,ISL,2020-02-02,46.4,39
Iceland,ISL,2020-02-09,48.6,47
Iceland,ISL,2020-02-16,48,49
Iceland,ISL,2020-02-23,47,48
Iceland,ISL,2020-03-01,44.4,43
Iceland,ISL,2020-03-08,45.2,50
Iceland,ISL,2020-03-15,46,42
Iceland,ISL,2020-03-22,42.4,39
Iceland,ISL,2020-03-29,48,43
Iceland,ISL,2020-04-05,44.2,50
Iceland,ISL,2020-04-12,45.2,50
Iceland,ISL,2020-04-19,49.4,60
Iceland,ISL,2020-04-26,45.2,35
Iceland,ISL,2020-05-03,41,44
Iceland,ISL,2020-05-10,42.4,37
Iceland,ISL,2020-05-17,43.2,42
Iceland,ISL,2020-05-24,44.4,50
Iceland,ISL,2020-05-31,43.4,50
Iceland,ISL,2020-06-07,45.8,34
Iceland,ISL,2020-06-14,40.4,40
Iceland,ISL,2020-06-21,38.2,31
Iceland,ISL,2020-06-28,48,35
Iceland,ISL,2020-07-05,43.8,35
Iceland,ISL,2020-07-12,39,46
Iceland,ISL,2020-07-19,40,42
Iceland,ISL,2020-07-26,45.8,35
Iceland,ISL,2020-08-02,36.8,36
Iceland,ISL,2020-08-09,39.6,37
Iceland,ISL,2020-08-16,39.8,43
Iceland,ISL,2020-08-23,44.4,34
Iceland,ISL,2020-08-30,36.8,28
Iceland,ISL,2020-09-06,40,55
Iceland,ISL,2020-09-13,43.4,41
Iceland,ISL,2020-09-20,42.8,45
Iceland,ISL,2020-09-27,50.8,37
Iceland,ISL,2020-10-04,43.2,38
Iceland,ISL,2020-10-11,43.2,53
Iceland,ISL,2020-10-18,43,47
Iceland,ISL,2020-10-25,46.8,50
Iceland,ISL,2020-11-01,42.2,56
Iceland,ISL,2020-11-08,39.2,50
Iceland,ISL,2020-11-15,47.8,53
Iceland,ISL,2020-11-22,45,45
Iceland,ISL,2020-11-29,44.8,35
Iceland,ISL,2020-12-06,42.6,39
Iceland,ISL,2020-12-13,43.2,46
Iceland,ISL,2020-12-20,44.6,43
Iceland,ISL,2020-12-27,42.8,53
Iceland,ISL,2021-01-03,42.8,46
Iceland,ISL,2021-01-10,46.8,45
Iceland,ISL,2021-01-17,48.8,57
Iceland,ISL,2021-01-24,45.4,48
Iceland,ISL,2021-01-31,45.6,42
Iceland,ISL,2021-02-07,46.6,42
Iceland,ISL,2021-02-14,48.8,46
Iceland,ISL,2021-02-21,48.2,55
Iceland,ISL,2021-02-28,47.2,46
Iceland,ISL,2021-03-07,44.6,46
Iceland,ISL,2021-03-14,45.4,40
Iceland,ISL,2021-03-21,46.2,42
Iceland,ISL,2021-03-28,42.6,37
Iceland,ISL,2021-04-04,48.2,52
Iceland,ISL,2021-04-11,44.4,40
Iceland,ISL,2021-04-18,45.4,54
Iceland,ISL,2021-04-25,49.6,45
Iceland,ISL,2021-05-02,45.4,47
Iceland,ISL,2021-05-09,41.2,54
Iceland,ISL,2021-05-16,42.6,41
Iceland,ISL,2021-05-23,43.4,42
Iceland,ISL,2021-05-30,44.6,35
Iceland,ISL,2021-06-06,43.6,38
Iceland,ISL,2021-06-13,46,45
Iceland,ISL,2021-06-20,40.6,52
Iceland,ISL,2021-06-27,38.4,44
Iceland,ISL,2021-07-04,48.2,45
Iceland,ISL,2021-07-11,44,43
Iceland,ISL,2021-07-18,39.2,47
Iceland,ISL,2021-07-25,40.2,38
Iceland,ISL,2021-08-01,46,56
Iceland,ISL,2021-08-08,37,47
Iceland,ISL,2021-08-15,39.8,47
Iceland,ISL,2021-08-22,40,44
Iceland,ISL,2021-08-29,44.6,45
Iceland,ISL,2021-09-05,37,36
Iceland,ISL,2021-09-12,40.2,43
Iceland,ISL,2021-09-19,43.6,43
Iceland,ISL,2021-09-26,43,32
Iceland,ISL,2021-10-03,51,35
Iceland,ISL,2021-10-10,43.4,42
Iceland,ISL,2021-10-17,43.4,43
Iceland,ISL,2021-10-24,43.2,31
Iceland,ISL,2021-10-31,47,39
Iceland,ISL,2021-11-07,42.4,50
Iceland,ISL,2021-11-14,39.4,58
Iceland,ISL,2021-11-21,48,41
Iceland,ISL,2021-11-28,45.2,43
Iceland,ISL,2021-12-05,45,43
Iceland,ISL,2021-12-12,42.8,45
Iceland,ISL,2021-12-19,43.4,61
Iceland,ISL,2021-12-26,44.8,50
Iceland,ISL,2022-01-02,43,56
Iceland,ISL,2022-01-09,47.1,51
Iceland,ISL,2022-01-16,49.1,54
Iceland,ISL,2022-01-23,45.7,64
Iceland,ISL,2022-01-30,45.9,42
Iceland,ISL,2022-02-06,46.9,50
Iceland,ISL,2022-02-13,49.1,49
Iceland,ISL,2022-02-20,48.5,55
Iceland,ISL,2022-02-27,47.5,70
Iceland,ISL,2022-03-06,44.9,78
Iceland,ISL,2022-03-13,45.7,72
Iceland,ISL,2022-03-20,46.5,67
Iceland,ISL,2022-03-27,42.9,58
Iceland,ISL,2022-04-03,48.5,67
Iceland,ISL,2022-04-10,44.7,56
Iceland,ISL,2022-04-17,45.7,49
Iceland,ISL,2022-04-24,49.9,47
Iceland,ISL,2022-05-01,45.7,49
Iceland,ISL,2022-05-08,41.5,51
Iceland,ISL,2022-05-15,42.9,46
Iceland,ISL,2022-05-22,43.7,46
Iceland,ISL,2022-05-29,44.9,46
Iceland,ISL,2022-06-05,43.9,42
Iceland,ISL,2022-06-12,46.3,44
Iceland,ISL,2022-06-19,40.9,57
Iceland,ISL,2022-06-26,38.7,47
Iceland,ISL,2022-07-03,48.5,50
Iceland,ISL,2022-07-10,44.3,65
Iceland,ISL,2022-07-17,39.5,55
Iceland,ISL,2022-07-24,40.5,51
Iceland,ISL,2022-07-31,46.3,56
Iceland,ISL,2022-08-07,37.3,42
Iceland,ISL,2022-08-14,40.1,51
Iceland,ISL,2022-08-21,40.3,40
Iceland,ISL,2022-08-28,44.9,43
Iceland,ISL,2022-09-04,37.3,35
Iceland,ISL,2022-09-11,40.5,50
Iceland,ISL,2022-09-18,43.9,42
Iceland,ISL,2022-09-25,43.3,54
Iceland,ISL,2022-10-02,51.3,48
Iceland,ISL,2022-10-09,43.7,50
Iceland,ISL,2022-10-16,43.7,48
Iceland,ISL,2022-10-23,43.5,37
Iceland,ISL,2022-10-30,47.3,42
Iceland,ISL,2022-11-06,42.7,39
Iceland,ISL,2022-11-13,39.7,57
Iceland,ISL,2022-11-20,48.3,52
Iceland,ISL,2022-11-27,45.5,52
Iceland,ISL,2022-12-04,45.3,36
Iceland,ISL,2022-12-11,43.1,53
Iceland,ISL,2022-12-18,43.7,49
Iceland,ISL,2022-12-25,45.1,74
Iceland,ISL,2023-01-01,43.3,62
Iceland,ISL,2023-01-08,47.4,67
Iceland,ISL,2023-01-15,49.4,55
Iceland,ISL,2023-01-22,46,56
Iceland,ISL,2023-01-29,46.2,62
Iceland,ISL,2023-02-05,47.2,45
Iceland,ISL,2023-02-12,49.4,60
Iceland,ISL,2023-02-19,48.8,50
Iceland,ISL,2023-02-26,47.8,48
Iceland,ISL,2023-03-05,45.2,50
Iceland,ISL,2023-03-12,46,43
Iceland,ISL,2023-03-19,46.8,55
Iceland,ISL,2023-03-26,43.2,39
Iceland,ISL,2023-04-02,48.8,48
Iceland,ISL,2023-04-09,45,41
Iceland,ISL,2023-04-16,46,44
Iceland,ISL,2023-04-23,50.2,34
Iceland,ISL,2023-04-30,46,56
Iceland,ISL,2023-05-07,41.8,35
Iceland,ISL,2023-05-14,43.2,42
Iceland,ISL,2023-05-21,44,50
Iceland,ISL,2023-05-28,45.2,51
Iceland,ISL,2023-06-04,44.2,41
Iceland,ISL,2023-06-11,46.6,36
Iceland,ISL,2023-06-18,41.2,49
Iceland,ISL,2023-06-25,39,53
Iceland,ISL,2023-07-02,48.8,54
Iceland,ISL,2023-07-09,44.6,53
Iceland,ISL,2023-07-16,39.8,39
Iceland,ISL,2023-07-23,40.8,48
Iceland,ISL,2023-07-30,46.6,51
Iceland,ISL,2023-08-06,37.6,50
Iceland,ISL,2023-08-13,40.4,44
Iceland,ISL,2023-08-20,40.6,44
Iceland,ISL,2023-08-27,45.2,39
Iceland,ISL,2023-09-03,37.6,47
Iceland,ISL,2023-09-10,40.8,64
Iceland,ISL,2023-09-17,44.2,52
Iceland,ISL,2023-09-24,43.6,42
Iceland,ISL,2023-10-01,51.6,45
Iceland,ISL,2023-10-08,44,51
Iceland,ISL,2023-10-15,44,38
Iceland,ISL,2023-10-22,43.8,61
Iceland,ISL,2023-10-29,47.6,64
Iceland,ISL,2023-11-05,43,58
Iceland,ISL,2023-11-12,40,46
Iceland,ISL,2023-11-19,48.6,54
Iceland,ISL,2023-11-26,45.8,44
Iceland,ISL,2023-12-03,45.6,50
Iceland,ISL,2023-12-10,43.4,55
Iceland,ISL,2023-12-17,44,50
Iceland,ISL,2023-12-24,45.4,51
Iceland,ISL,2023-12-31,43.6,61
Iran,IRN,2020-01-05,8400.2,7868.7
Iran,IRN,2020-01-12,8106.2,7527.1
Iran,IRN,2020-01-19,8205.6,7717.3
Iran,IRN,2020-01-26,8169.8,7509.4
Iran,IRN,2020-02-02,8005.4,7443.1
Iran,IRN,2020-02-09,7774.2,8022.6
Iran,IRN,2020-02-16,7649.6,7343.6
Iran,IRN,2020-02-23,7929.8,8151
Iran,IRN,2020-03-01,7696.8,7895.3
Iran,IRN,2020-03-08,7692.4,8737
Iran,IRN,2020-03-15,7134.6,9865.7
Iran,IRN,2020-03-22,6262.8,10799.7
Iran,IRN,2020-03-29,7701.6,8696.7
Iran,IRN,2020-04-05,7104.4,8087.9
Iran,IRN,2020-04-12,7834.2,10126.3
Iran,IRN,2020-04-19,7311.2,9272.4
Iran,IRN,2020-04-26,7431.8,8380.7
Iran,IRN,2020-05-03,7095,8146.1
Iran,IRN,2020-05-10,7171.4,7577.6
Iran,IRN,2020-05-17,6990.4,7311.3
Iran,IRN,2020-05-24,7073.2,7493.6
Iran,IRN,2020-05-31,6821.2,6933.6
Iran,IRN,2020-06-07,6327.2,7831.1
Iran,IRN,2020-06-14,7491.4,9429.4
Iran,IRN,2020-06-21,7030.4,8421
Iran,IRN,2020-06-28,7005,9823.3
Iran,IRN,2020-07-05,7122.4,9477.4
Iran,IRN,2020-07-12,7249.2,9826.1
Iran,IRN,2020-07-19,7213.4,10213.9
Iran,IRN,2020-07-26,7342.4,10512.1
Iran,IRN,2020-08-02,7270.6,11327.3
Iran,IRN,2020-08-09,7099.4,10651.7
Iran,IRN,2020-08-16,6859.6,9549.9
Iran,IRN,2020-08-23,7013.4,9726.1
Iran,IRN,2020-08-30,7224.6,9369.7
Iran,IRN,2020-09-06,7108.6,8351.4
Iran,IRN,2020-09-13,6669.2,9179.1
Iran,IRN,2020-09-20,6921.8,9046
Iran,IRN,2020-09-27,7514.2,9571.6
Iran,IRN,2020-10-04,7216.8,10081.1
Iran,IRN,2020-10-11,7154.6,10211.3
Iran,IRN,2020-10-18,7336,11648
Iran,IRN,2020-10-25,7452.4,11606.9
Iran,IRN,2020-11-01,7264.4,13075.6
Iran,IRN,2020-11-08,7513.6,14019.1
Iran,IRN,2020-11-15,7968,15608.4
Iran,IRN,2020-11-22,7744.6,14411.7
Iran,IRN,2020-11-29,8121.6,13887
Iran,IRN,2020-12-06,8232.8,12210.7
Iran,IRN,2020-12-13,8213.8,11198.1
Iran,IRN,2020-12-20,8280.8,10653.7
Iran,IRN,2020-12-27,8585.6,9764.3
Iran,IRN,2021-01-03,8585.6,9316
Iran,IRN,2021-01-10,8529.1,8929
Iran,IRN,2021-01-17,8235.1,8628.3
Iran,IRN,2021-01-24,8334.5,8651.4
Iran,IRN,2021-01-31,8298.7,8933.9
Iran,IRN,2021-02-07,8134.3,8426.1
Iran,IRN,2021-02-14,7903.1,7880.7
Iran,IRN,2021-02-21,7778.5,8528.4
Iran,IRN,2021-02-28,8058.7,8304.3
Iran,IRN,2021-03-07,7825.7,8672.1
Iran,IRN,2021-03-14,7821.3,8497.3
Iran,IRN,2021-03-21,7263.5,8648.3
Iran,IRN,2021-03-28,6391.7,5860.7
Iran,IRN,2021-04-04,7830.5,9754.9
Iran,IRN,2021-04-11,7233.3,10664.1
Iran,IRN,2021-04-18,7963.1,10997.9
Iran,IRN,2021-04-25,7440.1,12153.1
Iran,IRN,2021-05-02,7560.7,12372.7
Iran,IRN,2021-05-09,7223.9,10916.4
Iran,IRN,2021-05-16,7300.3,10800.3
Iran,IRN,2021-05-23,7119.3,11003.9
Iran,IRN,2021-05-30,7202.1,10225
Iran,IRN,2021-06-06,6950.1,9352
Iran,IRN,2021-06-13,6456.1,9142.4
Iran,IRN,2021-06-20,7620.3,9257.1
Iran,IRN,2021-06-27,7159.3,8625.9
Iran,IRN,2021-07-04,7133.9,8929.7
Iran,IRN,2021-07-11,7251.3,8708
Iran,IRN,2021-07-18,7378.1,9588.6
Iran,IRN,2021-07-25,7342.3,9209.3
Iran,IRN,2021-08-01,7471.3,11563.9
Iran,IRN,2021-08-08,7399.5,13007.6
Iran,IRN,2021-08-15,7228.3,12663.3
Iran,IRN,2021-08-22,6988.5,14426.4
Iran,IRN,2021-08-29,7142.3,18497.7
Iran,IRN,2021-09-05,7353.5,16214.1
Iran,IRN,2021-09-12,7237.5,15295
Iran,IRN,2021-09-19,6798.1,13196.3
Iran,IRN,2021-09-26,7050.7,11972.4
Iran,IRN,2021-10-03,7643.1,10955.1
Iran,IRN,2021-10-10,7345.7,9807.7
Iran,IRN,2021-10-17,7283.5,11203.6
Iran,IRN,2021-10-24,7464.9,10237
Iran,IRN,2021-10-31,7581.3,9756.4
Iran,IRN,2021-11-07,7393.3,9705.6
Iran,IRN,2021-11-14,7642.5,9219.1
Iran,IRN,2021-11-21,8096.9,8931.6
Iran,IRN,2021-11-28,7873.5,9013.4
Iran,IRN,2021-12-05,8250.5,9067.7
Iran,IRN,2021-12-12,8361.7,8492.4
Iran,IRN,2021-12-19,8342.7,8262.6
Iran,IRN,2021-12-26,8409.7,8391.7
Iran,IRN,2022-01-02,8714.5,8194.4
Iran,IRN,2022-01-09,8658,8076.9
Iran,IRN,2022-01-16,8364,8504
Iran,IRN,2022-01-23,8463.4,7958
Iran,IRN,2022-01-30,8427.6,8549
Iran,IRN,2022-02-06,8263.2,8609.9
Iran,IRN,2022-02-13,8032,9085
Iran,IRN,2022-02-20,7907.4,9876.7
Iran,IRN,2022-02-27,8187.6,11144.3
Iran,IRN,2022-03-06,7954.6,10155.6
Iran,IRN,2022-03-13,7950.2,10159.3
Iran,IRN,2022-03-20,7392.4,
Iran,IRN,2022-03-27,6520.6,5391.6
Iran,IRN,2022-04-03,7959.4,11806.3
Iran,IRN,2022-04-10,7362.2,7825.9
Iran,IRN,2022-04-17,8092,7892.4
Iran,IRN,2022-04-24,7569,7499.6
Iran,IRN,2022-05-01,7689.6,7016
Iran,IRN,2022-05-08,7352.8,6255
Iran,IRN,2022-05-15,7429.2,7980.9
Iran,IRN,2022-05-22,7248.2,7279.7
Iran,IRN,2022-05-29,7331,7633.9
Iran,IRN,2022-06-05,7079,7712.1
Iran,IRN,2022-06-12,6585,7111.3
Iran,IRN,2022-06-19,7749.2,7706.3
Iran,IRN,2022-06-26,7288.2,7362.3
Iran,IRN,2022-07-03,7262.8,7355
Iran,IRN,2022-07-10,7380.2,7204.3
Iran,IRN,2022-07-17,7507,7184.9
Iran,IRN,2022-07-24,7471.2,7660
Iran,IRN,2022-07-31,7600.2,8788
Iran,IRN,2022-08-07,7528.4,8142.9
Iran,IRN,2022-08-14,7357.2,7850.4
Iran,IRN,2022-08-21,7117.4,9391.7
Iran,IRN,2022-08-28,7271.2,8572.9
Iran,IRN,2022-09-04,7482.4,8411.4
Iran,IRN,2022-09-11,7366.4,7878.3
Iran,IRN,2022-09-18,6927,7330.7
Iran,IRN,2022-09-25,7179.6,7225.6
Iran,IRN,2022-10-02,7772,7154.1
Iran,IRN,2022-10-09,7474.6,7614.1
Iran,IRN,2022-10-16,7412.4,
Iran,IRN,2022-10-23,7593.8,
Iran,IRN,2022-10-30,7710.2,
Iran,IRN,2022-11-06,7522.2,
Iran,IRN,2022-11-13,7771.4,
Iran,IRN,2022-11-20,8225.8,
Iran,IRN,2022-11-27,8002.4,
Iran,IRN,2022-12-04,8379.4,
Iran,IRN,2022-12-11,8490.6,
Iran,IRN,2022-12-18,8471.6,
Iran,IRN,2022-12-25,8538.6,
Iran,IRN,2023-01-01,8843.4,
Iran,IRN,2023-01-08,8786.9,
Iran,IRN,2023-01-15,8492.9,
Iran,IRN,2023-01-22,8592.3,
Iran,IRN,2023-01-29,8556.5,
Iran,IRN,2023-02-05,8392.1,
Iran,IRN,2023-02-12,8160.9,
Iran,IRN,2023-02-19,8036.3,
Iran,IRN,2023-02-26,8316.5,
Iran,IRN,2023-03-05,8083.5,
Iran,IRN,2023-03-12,8079.1,
Iran,IRN,2023-03-19,7521.3,
Iran,IRN,2023-03-26,6649.5,
Iran,IRN,2023-04-02,8088.3,
Iran,IRN,2023-04-09,7491.1,
Iran,IRN,2023-04-16,8220.9,
Iran,IRN,2023-04-23,7697.9,
Iran,IRN,2023-04-30,7818.5,
Iran,IRN,2023-05-07,7481.7,
Iran,IRN,2023-05-14,7558.1,
Iran,IRN,2023-05-21,7377.1,
Iran,IRN,2023-05-28,7459.9,
Iran,IRN,2023-06-04,7207.9,
Iran,IRN,2023-06-11,6713.9,
Iran,IRN,2023-06-18,7878.1,
Iran,IRN,2023-06-25,7417.1,
Iran,IRN,2023-07-02,7391.7,
Iran,IRN,2023-07-09,7509.1,
Iran,IRN,2023-07-16,7635.9,
Iran,IRN,2023-07-23,7600.1,
Iran,IRN,2023-07-30,7729.1,
Iran,IRN,2023-08-06,7657.3,
Iran,IRN,2023-08-13,7486.1,
Iran,IRN,2023-08-20,7246.3,
Iran,IRN,2023-08-27,7400.1,
Iran,IRN,2023-09-03,7611.3,
Iran,IRN,2023-09-10,7495.3,
Iran,IRN,2023-09-17,7055.9,
Iran,IRN,2023-09-24,7308.5,
Iran,IRN,2023-10-01,7900.9,
Iran,IRN,2023-10-08,7603.5,
Iran,IRN,2023-10-15,7541.3,
Iran,IRN,2023-10-22,7722.7,
Iran,IRN,2023-10-29,7839.1,
Iran,IRN,2023-11-05,7651.1,
Iran,IRN,2023-11-12,7900.3,
Iran,IRN,2023-11-19,8354.7,
Iran,IRN,2023-11-26,8131.3,
Iran,IRN,2023-12-03,8508.3,
Iran,IRN,2023-12-10,8619.5,
Iran,IRN,2023-12-17,8600.5,
Iran,IRN,2023-12-24,8667.5,
Iran,IRN,2023-12-31,8972.3,
Ireland,IRL,2020-01-05,733.5,723
Ireland,IRL,2020-01-12,752.1,761
Ireland,IRL,2020-01-19,742.1,673
Ireland,IRL,2020-01-26,718.5,659
Ireland,IRL,2020-02-02,708.5,656
Ireland,IRL,2020-02-09,691.5,670
Ireland,IRL,2020-02-16,691.3,695
Ireland,IRL,2020-02-23,659.1,669
Ireland,IRL,2020-03-01,673.7,663
Ireland,IRL,2020-03-08,683.1,652
Ireland,IRL,2020-03-15,633.3,636
Ireland,IRL,2020-03-22,626.7,666
Ireland,IRL,2020-03-29,625.9,718
Ireland,IRL,2020-04-05,615.3,880
Ireland,IRL,2020-04-12,609.5,947
Ireland,IRL,2020-04-19,589.5,893
Ireland,IRL,2020-04-26,591.5,785
Ireland,IRL,2020-05-03,585.9,699
Ireland,IRL,2020-05-10,569.5,664
Ireland,IRL,2020-05-17,568.1,625
Ireland,IRL,2020-05-24,573.5,569
Ireland,IRL,2020-05-31,574.7,588
Ireland,IRL,2020-06-07,536.7,529
Ireland,IRL,2020-06-14,553.5,545
Ireland,IRL,2020-06-21,548.1,521
Ireland,IRL,2020-06-28,541.3,524
Ireland,IRL,2020-07-05,549.7,485
Ireland,IRL,2020-07-12,522.9,518
Ireland,IRL,2020-07-19,536.3,579
Ireland,IRL,2020-07-26,516.9,522
Ireland,IRL,2020-08-02,505.9,477
Ireland,IRL,2020-08-09,520.7,539
Ireland,IRL,2020-08-16,526.9,539
Ireland,IRL,2020-08-23,538.5,549
Ireland,IRL,2020-08-30,538.9,555
Ireland,IRL,2020-09-06,548.3,546
Ireland,IRL,2020-09-13,567.5,616
Ireland,IRL,2020-09-20,551.3,515
Ireland,IRL,2020-09-27,566.9,552
Ireland,IRL,2020-10-04,564.1,621
Ireland,IRL,2020-10-11,576.5,624
Ireland,IRL,2020-10-18,587.9,611
Ireland,IRL,2020-10-25,603.5,632
Ireland,IRL,2020-11-01,571.9,657
Ireland,IRL,2020-11-08,592.5,596
Ireland,IRL,2020-11-15,621.3,646
Ireland,IRL,2020-11-22,603.1,589
Ireland,IRL,2020-11-29,601.5,580
Ireland,IRL,2020-12-06,631.3,625
Ireland,IRL,2020-12-13,666.5,613
Ireland,IRL,2020-12-20,669.7,626
Ireland,IRL,2020-12-27,693.1,651
Ireland,IRL,2021-01-03,693.1,700
Ireland,IRL,2021-01-10,738.6,804
Ireland,IRL,2021-01-17,757.2,947
Ireland,IRL,2021-01-24,747.2,1028
Ireland,IRL,2021-01-31,723.6,999
Ireland,IRL,2021-02-07,713.6,915
Ireland,IRL,2021-02-14,696.6,876
Ireland,IRL,2021-02-21,696.4,779
Ireland,IRL,2021-02-28,664.2,691
Ireland,IRL,2021-03-07,678.8,650
Ireland,IRL,2021-03-14,688.2,577
Ireland,IRL,2021-03-21,638.4,578
Ireland,IRL,2021-03-28,631.8,602
Ireland,IRL,2021-04-04,631,632
Ireland,IRL,2021-04-11,620.4,577
Ireland,IRL,2021-04-18,614.6,614
Ireland,IRL,2021-04-25,594.6,600
Ireland,IRL,2021-05-02,596.6,604
Ireland,IRL,2021-05-09,591,638
Ireland,IRL,2021-05-16,574.6,608
Ireland,IRL,2021-05-23,573.2,580
Ireland,IRL,2021-05-30,578.6,608
Ireland,IRL,2021-06-06,579.8,585
Ireland,IRL,2021-06-13,541.8,573
Ireland,IRL,2021-06-20,558.6,522
Ireland,IRL,2021-06-27,553.2,532
Ireland,IRL,2021-07-04,546.4,593
Ireland,IRL,2021-07-11,554.8,540
Ireland,IRL,2021-07-18,528,606
Ireland,IRL,2021-07-25,541.4,668
Ireland,IRL,2021-08-01,522,563
Ireland,IRL,2021-08-08,511,570
Ireland,IRL,2021-08-15,525.8,620
Ireland,IRL,2021-08-22,532,595
Ireland,IRL,2021-08-29,543.6,586
Ireland,IRL,2021-09-05,544,617
Ireland,IRL,2021-09-12,553.4,649
Ireland,IRL,2021-09-19,572.6,586
Ireland,IRL,2021-09-26,556.4,620
Ireland,IRL,2021-10-03,572,702
Ireland,IRL,2021-10-10,569.2,630
Ireland,IRL,2021-10-17,581.6,668
Ireland,IRL,2021-10-24,593,692
Ireland,IRL,2021-10-31,608.6,672
Ireland,IRL,2021-11-07,577,746
Ireland,IRL,2021-11-14,597.6,717
Ireland,IRL,2021-11-21,626.4,676
Ireland,IRL,2021-11-28,608.2,733
Ireland,IRL,2021-12-05,606.6,701
Ireland,IRL,2021-12-12,636.4,726
Ireland,IRL,2021-12-19,671.6,695
Ireland,IRL,2021-12-26,674.8,762
Ireland,IRL,2022-01-02,698.2,692
Ireland,IRL,2022-01-09,743.6,754
Ireland,IRL,2022-01-16,762.2,693
Ireland,IRL,2022-01-23,752.2,753
Ireland,IRL,2022-01-30,728.6,702
Ireland,IRL,2022-02-06,718.6,706
Ireland,IRL,2022-02-13,701.6,709
Ireland,IRL,2022-02-20,701.4,691
Ireland,IRL,2022-02-27,669.2,698
Ireland,IRL,2022-03-06,683.8,687
Ireland,IRL,2022-03-13,693.2,699
Ireland,IRL,2022-03-20,643.4,662
Ireland,IRL,2022-03-27,636.8,686
Ireland,IRL,2022-04-03,636,680
Ireland,IRL,2022-04-10,625.4,741
Ireland,IRL,2022-04-17,619.6,782
Ireland,IRL,2022-04-24,599.6,694
Ireland,IRL,2022-05-01,601.6,683
Ireland,IRL,2022-05-08,596,616
Ireland,IRL,2022-05-15,579.6,674
Ireland,IRL,2022-05-22,578.2,675
Ireland,IRL,2022-05-29,583.6,677
Ireland,IRL,2022-06-05,584.8,620
Ireland,IRL,2022-06-12,546.8,624
Ireland,IRL,2022-06-19,563.6,646
Ireland,IRL,2022-06-26,558.2,639
Ireland,IRL,2022-07-03,551.4,642
Ireland,IRL,2022-07-10,559.8,632
Ireland,IRL,2022-07-17,533,639
Ireland,IRL,2022-07-24,546.4,616
Ireland,IRL,2022-07-31,527,645
Ireland,IRL,2022-08-07,516,617
Ireland,IRL,2022-08-14,530.8,633
Ireland,IRL,2022-08-21,537,603
Ireland,IRL,2022-08-28,548.6,622
Ireland,IRL,2022-09-04,549,588
Ireland,IRL,2022-09-11,558.4,627
Ireland,IRL,2022-09-18,577.6,589
Ireland,IRL,2022-09-25,561.4,618
Ireland,IRL,2022-10-02,577,680
Ireland,IRL,2022-10-09,574.2,640
Ireland,IRL,2022-10-16,586.6,698
Ireland,IRL,2022-10-23,598,673
Ireland,IRL,2022-10-30,613.6,702
Ireland,IRL,2022-11-06,582,681
Ireland,IRL,2022-11-13,602.6,700
Ireland,IRL,2022-11-20,631.4,707
Ireland,IRL,2022-11-27,613.2,718
Ireland,IRL,2022-12-04,611.6,714
Ireland,IRL,2022-12-11,641.4,763
Ireland,IRL,2022-12-18,676.6,826
Ireland,IRL,2022-12-25,679.8,950
Ireland,IRL,2023-01-01,703.2,1011
Ireland,IRL,2023-01-08,748.6,979
Ireland,IRL,2023-01-15,767.2,950
Ireland,IRL,2023-01-22,757.2,824
Ireland,IRL,2023-01-29,733.6,767
Ireland,IRL,2023-02-05,723.6,690
Ireland,IRL,2023-02-12,706.6,712
Ireland,IRL,2023-02-19,706.4,686
Ireland,IRL,2023-02-26,674.2,666
Ireland,IRL,2023-03-05,688.8,643
Ireland,IRL,2023-03-12,698.2,767
Ireland,IRL,2023-03-19,648.4,750
Ireland,IRL,2023-03-26,641.8,692
Ireland,IRL,2023-04-02,641,632
Ireland,IRL,2023-04-09,630.4,703
Ireland,IRL,2023-04-16,624.6,678
Ireland,IRL,2023-04-23,604.6,675
Ireland,IRL,2023-04-30,606.6,687
Ireland,IRL,2023-05-07,601,659
Ireland,IRL,2023-05-14,584.6,676
Ireland,IRL,2023-05-21,583.2,635
Ireland,IRL,2023-05-28,588.6,636
Ireland,IRL,2023-06-04,589.8,642
Ireland,IRL,2023-06-11,551.8,612
Ireland,IRL,2023-06-18,568.6,654
Ireland,IRL,2023-06-25,563.2,612
Ireland,IRL,2023-07-02,556.4,603
Ireland,IRL,2023-07-09,564.8,636
Ireland,IRL,2023-07-16,538,606
Ireland,IRL,2023-07-23,551.4,611
Ireland,IRL,2023-07-30,532,594
Ireland,IRL,2023-08-06,521,631
Ireland,IRL,2023-08-13,535.8,610
Ireland,IRL,2023-08-20,542,651
Ireland,IRL,2023-08-27,553.6,669
Ireland,IRL,2023-09-03,554,630
Ireland,IRL,2023-09-10,563.4,651
Ireland,IRL,2023-09-17,582.6,634
Ireland,IRL,2023-09-24,566.4,627
Ireland,IRL,2023-10-01,582,608
Ireland,IRL,2023-10-08,579.2,696
Ireland,IRL,2023-10-15,591.6,639
Ireland,IRL,2023-10-22,603,714
Ireland,IRL,2023-10-29,618.6,701
Ireland,IRL,2023-11-05,587,647
Ireland,IRL,2023-11-12,607.6,684
Ireland,IRL,2023-11-19,636.4,685
Ireland,IRL,2023-11-26,618.2,738
Ireland,IRL,2023-12-03,616.6,631
Ireland,IRL,2023-12-10,646.4,755
Ireland,IRL,2023-12-17,681.6,766
Ireland,IRL,2023-12-24,684.8,747
Ireland,IRL,2023-12-31,708.2,735
Israel,ISR,2020-01-05,1035.7,1092
Israel,ISR,2020-01-12,1078.5,1010
Israel,ISR,2020-01-19,1057.7,1099
Israel,ISR,2020-01-26,1073.5,1001
Israel,ISR,2020-02-02,1080.3,991
Israel,ISR,2020-02-09,1076.3,944
Israel,ISR,2020-02-16,1011.9,965
Israel,ISR,2020-02-23,1008.7,989
Israel,ISR,2020-03-01,985.3,905
Israel,ISR,2020-03-08,964.3,930
Israel,ISR,2020-03-15,946.3,965
Israel,ISR,2020-03-22,887.3,893
Israel,ISR,2020-03-29,913.3,983
Israel,ISR,2020-04-05,893.1,1029
Israel,ISR,2020-04-12,860.1,878
Israel,ISR,2020-04-19,848.9,928
Israel,ISR,2020-04-26,876.5,901
Israel,ISR,2020-05-03,840.1,831
Israel,ISR,2020-05-10,841.5,857
Israel,ISR,2020-05-17,825.5,847
Israel,ISR,2020-05-24,823.1,961
Israel,ISR,2020-05-31,812.3,837
Israel,ISR,2020-06-07,798.5,810
Israel,ISR,2020-06-14,777.3,785
Israel,ISR,2020-06-21,788.1,792
Israel,ISR,2020-06-28,783.1,779
Israel,ISR,2020-07-05,794.5,780
Israel,ISR,2020-07-12,782.9,838
Israel,ISR,2020-07-19,781.5,836
Israel,ISR,2020-07-26,814.3,817
Israel,ISR,2020-08-02,789.9,938
Israel,ISR,2020-08-09,808.1,858
Israel,ISR,2020-08-16,790.9,944
Israel,ISR,2020-08-23,799.9,913
Israel,ISR,2020-08-30,802.5,899
Israel,ISR,2020-09-06,793.1,897
Israel,ISR,2020-09-13,786.5,963
Israel,ISR,2020-09-20,796.5,1004
Israel,ISR,2020-09-27,804.9,1026
Israel,ISR,2020-10-04,810.3,1011
Israel,ISR,2020-10-11,822.3,1114
Israel,ISR,2020-10-18,846.3,1080
Israel,ISR,2020-10-25,842.7,1047
Israel,ISR,2020-11-01,855.7,932
Israel,ISR,2020-11-08,858.5,905
Israel,ISR,2020-11-15,876.7,814
Israel,ISR,2020-11-22,861.7,930
Israel,ISR,2020-11-29,922.9,930
Israel,ISR,2020-12-06,890.5,927
Israel,ISR,2020-12-13,964.3,966
Israel,ISR,2020-12-20,957.9,1007
Israel,ISR,2020-12-27,998.5,1016
Israel,ISR,2021-01-03,998.5,1137
Israel,ISR,2021-01-10,1043.8,1212
Israel,ISR,2021-01-17,1086.6,1264
Israel,ISR,2021-01-24,1065.8,1278
Israel,ISR,2021-01-31,1081.6,1298
Israel,ISR,2021-02-07,1088.4,1253
Israel,ISR,2021-02-14,1084.4,1182
Israel,ISR,2021-02-21,1020,1089
Israel,ISR,2021-02-28,1016.8,1011
Israel,ISR,2021-03-07,993.4,987
Israel,ISR,2021-03-14,972.4,1042
Israel,ISR,2021-03-21,954.4,1063
Israel,ISR,2021-03-28,895.4,998
Israel,ISR,2021-04-04,921.4,922
Israel,ISR,2021-04-11,901.2,1010
Israel,ISR,2021-04-18,868.2,928
Israel,ISR,2021-04-25,857,876
Israel,ISR,2021-05-02,884.6,895
Israel,ISR,2021-05-09,848.2,860
Israel,ISR,2021-05-16,849.6,907
Israel,ISR,2021-05-23,833.6,879
Israel,ISR,2021-05-30,831.2,839
Israel,ISR,2021-06-06,820.4,798
Israel,ISR,2021-06-13,806.6,785
Israel,ISR,2021-06-20,785.4,807
Israel,ISR,2021-06-27,796.2,867
Israel,ISR,2021-07-04,791.2,841
Israel,ISR,2021-07-11,802.6,837
Israel,ISR,2021-07-18,791,750
Israel,ISR,2021-07-25,789.6,903
Israel,ISR,2021-08-01,822.4,890
Israel,ISR,2021-08-08,798,948
Israel,ISR,2021-08-15,816.2,1021
Israel,ISR,2021-08-22,799,1045
Israel,ISR,2021-08-29,808,1048
Israel,ISR,2021-09-05,810.6,1083
Israel,ISR,2021-09-12,801.2,992
Israel,ISR,2021-09-19,794.6,1034
Israel,ISR,2021-09-26,804.6,955
Israel,ISR,2021-10-03,813,960
Israel,ISR,2021-10-10,818.4,962
Israel,ISR,2021-10-17,830.4,922
Israel,ISR,2021-10-24,854.4,977
Israel,ISR,2021-10-31,850.8,885
Israel,ISR,2021-11-07,863.8,908
Israel,ISR,2021-11-14,866.6,946
Israel,ISR,2021-11-21,884.8,859
Israel,ISR,2021-11-28,869.8,843
Israel,ISR,2021-12-05,931,895
Israel,ISR,2021-12-12,898.6,969
Israel,ISR,2021-12-19,972.4,1025
Israel,ISR,2021-12-26,966,1009
Israel,ISR,2022-01-02,1006.6,1104
Israel,ISR,2022-01-09,1051.9,1071
Israel,ISR,2022-01-16,1094.7,1212
Israel,ISR,2022-01-23,1073.9,1396
Israel,ISR,2022-01-30,1089.7,1488
Israel,ISR,2022-02-06,1096.5,1573
Israel,ISR,2022-02-13,1092.5,1460
Israel,ISR,2022-02-20,1028.1,1291
Israel,ISR,2022-02-27,1024.9,1197
Israel,ISR,2022-03-06,1001.5,1106
Israel,ISR,2022-03-13,980.5,1022
Israel,ISR,2022-03-20,962.5,1029
Israel,ISR,2022-03-27,903.5,1019
Israel,ISR,2022-04-03,929.5,1135
Israel,ISR,2022-04-10,909.3,1063
Israel,ISR,2022-04-17,876.3,891
Israel,ISR,2022-04-24,865.1,926
Israel,ISR,2022-05-01,892.7,928
Israel,ISR,2022-05-08,856.3,938
Israel,ISR,2022-05-15,857.7,872
Israel,ISR,2022-05-22,841.7,849
Israel,ISR,2022-05-29,839.3,883
Israel,ISR,2022-06-05,828.5,843
Israel,ISR,2022-06-12,814.7,869
Israel,ISR,2022-06-19,793.5,866
Israel,ISR,2022-06-26,804.3,836
Israel,ISR,2022-07-03,799.3,922
Israel,ISR,2022-07-10,810.7,963
Israel,ISR,2022-07-17,799.1,927
Israel,ISR,2022-07-24,797.7,941
Israel,ISR,2022-07-31,830.5,983
Israel,ISR,2022-08-07,806.1,900
Israel,ISR,2022-08-14,824.3,919
Israel,ISR,2022-08-21,807.1,877
Israel,ISR,2022-08-28,816.1,884
Israel,ISR,2022-09-04,818.7,858
Israel,ISR,2022-09-11,809.3,858
Israel,ISR,2022-09-18,802.7,845
Israel,ISR,2022-09-25,812.7,854
Israel,ISR,2022-10-02,821.1,903
Israel,ISR,2022-10-09,826.5,925
Israel,ISR,2022-10-16,838.5,869
Israel,ISR,2022-10-23,862.5,889
Israel,ISR,2022-10-30,858.9,887
Israel,ISR,2022-11-06,871.9,880
Israel,ISR,2022-11-13,874.7,902
Israel,ISR,2022-11-20,892.9,876
Israel,ISR,2022-11-27,877.9,931
Israel,ISR,2022-12-04,939.1,941
Israel,ISR,2022-12-11,906.7,951
Israel,ISR,2022-12-18,980.5,1068
Israel,ISR,2022-12-25,974.1,1024
Israel,ISR,2023-01-01,1014.7,1018
Israel,ISR,2023-01-08,1060,1105
Israel,ISR,2023-01-15,1102.8,1048
Israel,ISR,2023-01-22,1082,1069
Israel,ISR,2023-01-29,1097.8,1132
Israel,ISR,2023-02-05,1104.6,1019
Israel,ISR,2023-02-12,1100.6,1057
Israel,ISR,2023-02-19,1036.2,1075
Israel,ISR,2023-02-26,1033,1058
Israel,ISR,2023-03-05,1009.6,1084
Israel,ISR,2023-03-12,988.6,996
Israel,ISR,2023-03-19,970.6,1014
Israel,ISR,2023-03-26,911.6,1008
Israel,ISR,2023-04-02,937.6,901
Israel,ISR,2023-04-09,917.4,995
Israel,ISR,2023-04-16,884.4,960
Israel,ISR,2023-04-23,873.2,948
Israel,ISR,2023-04-30,900.8,909
Israel,ISR,2023-05-07,864.4,875
Israel,ISR,2023-05-14,865.8,922
Israel,ISR,2023-05-21,849.8,906
Israel,ISR,2023-05-28,847.4,927
Israel,ISR,2023-06-04,836.6,901
Israel,ISR,2023-06-11,822.8,819
Israel,ISR,2023-06-18,801.6,777
Israel,ISR,2023-06-25,812.4,855
Israel,ISR,2023-07-02,807.4,816
Israel,ISR,2023-07-09,818.8,832
Israel,ISR,2023-07-16,807.2,787
Israel,ISR,2023-07-23,805.8,808
Israel,ISR,2023-07-30,838.6,764
Israel,ISR,2023-08-06,814.2,875
Israel,ISR,2023-08-13,832.4,898
Israel,ISR,2023-08-20,815.2,845
Israel,ISR,2023-08-27,824.2,818
Israel,ISR,2023-09-03,826.8,845
Israel,ISR,2023-09-10,817.4,865
Israel,ISR,2023-09-17,810.8,850
Israel,ISR,2023-09-24,820.8,912
Israel,ISR,2023-10-01,829.2,907
Israel,ISR,2023-10-08,834.6,1974
Israel,ISR,2023-10-15,846.6,939
Israel,ISR,2023-10-22,870.6,945
Israel,ISR,2023-10-29,867,947
Israel,ISR,2023-11-05,880,880
Israel,ISR,2023-11-12,882.8,873
Israel,ISR,2023-11-19,901,866
Israel,ISR,2023-11-26,886,860
Israel,ISR,2023-12-03,947.2,942
Israel,ISR,2023-12-10,914.8,1013
Israel,ISR,2023-12-17,988.6,976
Israel,ISR,2023-12-24,982.2,1034
Israel,ISR,2023-12-31,1022.8,1062
Italy,ITA,2020-01-05,15387.1,13483
Italy,ITA,2020-01-12,15684.3,13974
Italy,ITA,2020-01-19,15462.5,14049
Italy,ITA,2020-01-26,14922.1,13989
Italy,ITA,2020-02-02,14817.1,13900
Italy,ITA,2020-02-09,14343.3,13537
Italy,ITA,2020-02-16,14181.7,13641
Italy,ITA,2020-02-23,13920.7,13257
Italy,ITA,2020-03-01,13846.1,13696
Italy,ITA,2020-03-08,13550.5,14706
Italy,ITA,2020-03-15,13184.3,18234
Italy,ITA,2020-03-22,12681.9,21929
Italy,ITA,2020-03-29,12637.1,23457
Italy,ITA,2020-04-05,12368.9,20901
Italy,ITA,2020-04-12,12143.9,18949
Italy,ITA,2020-04-19,11953.5,16757
Italy,ITA,2020-04-26,11766.1,14725
Italy,ITA,2020-05-03,11585.7,13156
Italy,ITA,2020-05-10,11588.5,12604
Italy,ITA,2020-05-17,11253.5,11976
Italy,ITA,2020-05-24,11361.7,11447
Italy,ITA,2020-05-31,11133.3,10982
Italy,ITA,2020-06-07,11396.1,11144
Italy,ITA,2020-06-14,11307.1,10708
Italy,ITA,2020-06-21,11173.3,11123
Italy,ITA,2020-06-28,11238.3,12070
Italy,ITA,2020-07-05,11501.5,12396
Italy,ITA,2020-07-12,11744.9,11484
Italy,ITA,2020-07-19,11508.9,10923
Italy,ITA,2020-07-26,11919.9,11393
Italy,ITA,2020-08-02,11809.5,12724
Italy,ITA,2020-08-09,12162.7,12115
Italy,ITA,2020-08-16,11349.7,12410
Italy,ITA,2020-08-23,10944.9,11914
Italy,ITA,2020-08-30,10897.7,11761
Italy,ITA,2020-09-06,10716.9,11262
Italy,ITA,2020-09-13,10775.7,11627
Italy,ITA,2020-09-20,10898.9,11821
Italy,ITA,2020-09-27,10976.3,11179
Italy,ITA,2020-10-04,11228.3,12017
Italy,ITA,2020-10-11,11761.3,12246
Italy,ITA,2020-10-18,11642.9,12746
Italy,ITA,2020-10-25,11798.9,14547
Italy,ITA,2020-11-01,11553.5,15659
Italy,ITA,2020-11-08,11855.5,17335
Italy,ITA,2020-11-15,12054.9,18647
Italy,ITA,2020-11-22,12101.7,18784
Italy,ITA,2020-11-29,12133.7,18887
Italy,ITA,2020-12-06,12497.3,17995
Italy,ITA,2020-12-13,12900.5,17482
Italy,ITA,2020-12-20,13366.7,17073
Italy,ITA,2020-12-27,13916.9,15703
Italy,ITA,2021-01-03,13916.9,16338
Italy,ITA,2021-01-10,15370.8,16831
Italy,ITA,2021-01-17,15668,16921
Italy,ITA,2021-01-24,15446.2,17209
Italy,ITA,2021-01-31,14905.8,16383
Italy,ITA,2021-02-07,14800.8,15657
Italy,ITA,2021-02-14,14327,14324
Italy,ITA,2021-02-21,14165.4,14965
Italy,ITA,2021-02-28,13904.4,14443
Italy,ITA,2021-03-07,13829.8,14751
Italy,ITA,2021-03-14,13534.2,15259
Italy,ITA,2021-03-21,13168,15559
Italy,ITA,2021-03-28,12665.6,15982
Italy,ITA,2021-04-04,12620.8,15929
Italy,ITA,2021-04-11,12352.6,15219
Italy,ITA,2021-04-18,12127.6,14646
Italy,ITA,2021-04-25,11937.2,14576
Italy,ITA,2021-05-02,11749.8,13761
Italy,ITA,2021-05-09,11569.4,12813
Italy,ITA,2021-05-16,11572.2,12428
Italy,ITA,2021-05-23,11237.2,12188
Italy,ITA,2021-05-30,11345.4,12005
Italy,ITA,2021-06-06,11117,11957
Italy,ITA,2021-06-13,11379.8,11874
Italy,ITA,2021-06-20,11290.8,11716
Italy,ITA,2021-06-27,11157,12871
Italy,ITA,2021-07-04,11222,12419
Italy,ITA,2021-07-11,11485.2,12039
Italy,ITA,2021-07-18,11728.6,11693
Italy,ITA,2021-07-25,11492.6,11999
Italy,ITA,2021-08-01,11903.6,12850
Italy,ITA,2021-08-08,11793.2,12646
Italy,ITA,2021-08-15,12146.4,13752
Italy,ITA,2021-08-22,11333.4,12889
Italy,ITA,2021-08-29,10928.6,12075
Italy,ITA,2021-09-05,10881.4,12021
Italy,ITA,2021-09-12,10700.6,12142
Italy,ITA,2021-09-19,10759.4,12231
Italy,ITA,2021-09-26,10882.6,11633
Italy,ITA,2021-10-03,10960,11534
Italy,ITA,2021-10-10,11212,11378
Italy,ITA,2021-10-17,11745,12515
Italy,ITA,2021-10-24,11626.6,13072
Italy,ITA,2021-10-31,11782.6,12703
Italy,ITA,2021-11-07,11537.2,12743
Italy,ITA,2021-11-14,11839.2,12794
Italy,ITA,2021-11-21,12038.6,12781
Italy,ITA,2021-11-28,12085.4,12751
Italy,ITA,2021-12-05,12117.4,13879
Italy,ITA,2021-12-12,12481,14237
Italy,ITA,2021-12-19,12884.2,14972
Italy,ITA,2021-12-26,13350.4,15214
Italy,ITA,2022-01-02,13900.6,15021
Italy,ITA,2022-01-09,15354.5,15960
Italy,ITA,2022-01-16,15651.7,16909
Italy,ITA,2022-01-23,15429.9,17035
Italy,ITA,2022-01-30,14889.5,17347
Italy,ITA,2022-02-06,14784.5,16852
Italy,ITA,2022-02-13,14310.7,15581
Italy,ITA,2022-02-20,14149.1,14667
Italy,ITA,2022-02-27,13888.1,13896
Italy,ITA,2022-03-06,13813.5,13932
Italy,ITA,2022-03-13,13517.9,14089
Italy,ITA,2022-03-20,13151.7,14045
Italy,ITA,2022-03-27,12649.3,13686
Italy,ITA,2022-04-03,12604.5,13824
Italy,ITA,2022-04-10,12336.3,13739
Italy,ITA,2022-04-17,12111.3,13541
Italy,ITA,2022-04-24,11920.9,13064
Italy,ITA,2022-05-01,11733.5,12801
Italy,ITA,2022-05-08,11553.1,12648
Italy,ITA,2022-05-15,11555.9,12725
Italy,ITA,2022-05-22,11220.9,12495
Italy,ITA,2022-05-29,11329.1,12295
Italy,ITA,2022-06-05,11100.7,11661
Italy,ITA,2022-06-12,11363.5,11671
Italy,ITA,2022-06-19,11274.5,12022
Italy,ITA,2022-06-26,11140.7,12443
Italy,ITA,2022-07-03,11205.7,13308
Italy,ITA,2022-07-10,11468.9,14052
Italy,ITA,2022-07-17,11712.3,13535
Italy,ITA,2022-07-24,11476.3,15706
Italy,ITA,2022-07-31,11887.3,16109
Italy,ITA,2022-08-07,11776.9,14636
Italy,ITA,2022-08-14,12130.1,13141
Italy,ITA,2022-08-21,11317.1,12569
Italy,ITA,2022-08-28,10912.3,11943
Italy,ITA,2022-09-04,10865.1,11679
Italy,ITA,2022-09-11,10684.3,11896
Italy,ITA,2022-09-18,10743.1,11643
Italy,ITA,2022-09-25,10866.3,11480
Italy,ITA,2022-10-02,10943.7,12133
Italy,ITA,2022-10-09,11195.7,12442
Italy,ITA,2022-10-16,11728.7,12392
Italy,ITA,2022-10-23,11610.3,12536
Italy,ITA,2022-10-30,11766.3,12520
Italy,ITA,2022-11-06,11520.9,12112
Italy,ITA,2022-11-13,11822.9,12908
Italy,ITA,2022-11-20,12022.3,13558
Italy,ITA,2022-11-27,12069.1,13720
Italy,ITA,2022-12-04,12101.1,14704
Italy,ITA,2022-12-11,12464.7,15180
Italy,ITA,2022-12-18,12867.9,15497
Italy,ITA,2022-12-25,13334.1,15433
Italy,ITA,2023-01-01,13884.3,15515
Italy,ITA,2023-01-08,15338.2,15520
Italy,ITA,2023-01-15,15635.4,15133
Italy,ITA,2023-01-22,15413.6,14908
Italy,ITA,2023-01-29,14873.2,15051
Italy,ITA,2023-02-05,14768.2,14967
Italy,ITA,2023-02-12,14294.4,14913
Italy,ITA,2023-02-19,14132.8,15190
Italy,ITA,2023-02-26,13871.8,14239
Italy,ITA,2023-03-05,13797.2,13252
Italy,ITA,2023-03-12,13501.6,13500
Italy,ITA,2023-03-19,13135.4,12616
Italy,ITA,2023-03-26,12633,12483
Italy,ITA,2023-04-02,12588.2,12222
Italy,ITA,2023-04-09,12320,12204
Italy,ITA,2023-04-16,12095,12684
Italy,ITA,2023-04-23,11904.6,12633
Italy,ITA,2023-04-30,11717.2,12083
Italy,ITA,2023-05-07,11536.8,11658
Italy,ITA,2023-05-14,11539.6,11323
Italy,ITA,2023-05-21,11204.6,11082
Italy,ITA,2023-05-28,11312.8,11858
Italy,ITA,2023-06-04,11084.4,11093
Italy,ITA,2023-06-11,11347.2,11007
Italy,ITA,2023-06-18,11258.2,10806
Italy,ITA,2023-06-25,11124.4,11695
Italy,ITA,2023-07-02,11189.4,10926
Italy,ITA,2023-07-09,11452.6,11119
Italy,ITA,2023-07-16,11696,11960
Italy,ITA,2023-07-23,11460,13693
Italy,ITA,2023-07-30,11871,13353
Italy,ITA,2023-08-06,11760.6,11455
Italy,ITA,2023-08-13,12113.8,10915
Italy,ITA,2023-08-20,11300.8,11693
Italy,ITA,2023-08-27,10896,12976
Italy,ITA,2023-09-03,10848.8,11114
Italy,ITA,2023-09-10,10668,11307
Italy,ITA,2023-09-17,10726.8,11354
Italy,ITA,2023-09-24,10850,11100
Italy,ITA,2023-10-01,10927.4,11284
Italy,ITA,2023-10-08,11179.4,11440
Italy,ITA,2023-10-15,11712.4,11417
Italy,ITA,2023-10-22,11594,11522
Italy,ITA,2023-10-29,11750,11842
Italy,ITA,2023-11-05,11504.6,11684
Italy,ITA,2023-11-12,11806.6,12230
Italy,ITA,2023-11-19,12006,12981
Italy,ITA,2023-11-26,12052.8,13116
Italy,ITA,2023-12-03,12084.8,14017
Italy,ITA,2023-12-10,12448.4,13994
Italy,ITA,2023-12-17,12851.6,14596
Italy,ITA,2023-12-24,13317.8,15367
Italy,ITA,2023-12-31,13868,15828
Jamaica,JAM,2020-01-31,1830.3,1881
Jamaica,JAM,2020-02-29,1745.3,1504
Jamaica,JAM,2020-03-31,1848.3,1523
Jamaica,JAM,2020-04-30,1697.5,1501
Jamaica,JAM,2020-05-31,1733.7,1550
Jamaica,JAM,2020-06-30,1738.5,1664
Jamaica,JAM,2020-07-31,1812.3,1735
Jamaica,JAM,2020-08-31,1736.9,1639
Jamaica,JAM,2020-09-30,1683.3,1788
Jamaica,JAM,2020-10-31,1719.5,1868
Jamaica,JAM,2020-11-30,1715.1,1746
Jamaica,JAM,2020-12-31,1627.1,1837
Jamaica,JAM,2021-01-31,1858.4,1843
Jamaica,JAM,2021-02-28,1773.4,1808
Jamaica,JAM,2021-03-31,1876.4,2440
Jamaica,JAM,2021-04-30,1725.6,2510
Jamaica,JAM,2021-05-31,1761.8,1776
Jamaica,JAM,2021-06-30,1766.6,1957
Jamaica,JAM,2021-07-31,1840.4,1738
Jamaica,JAM,2021-08-31,1765,2001
Jamaica,JAM,2021-09-30,1711.4,4445
Jamaica,JAM,2021-10-31,1747.6,2698
Jamaica,JAM,2021-11-30,1743.2,2026
Jamaica,JAM,2021-12-31,1655.2,1730
Jamaica,JAM,2022-01-31,1886.6,2401
Jamaica,JAM,2022-02-28,1801.6,2187
Jamaica,JAM,2022-03-31,1904.6,1848
Jamaica,JAM,2022-04-30,1753.8,1602
Jamaica,JAM,2022-05-31,1790,1791
Jamaica,JAM,2022-06-30,1794.8,1879
Jamaica,JAM,2022-07-31,1868.6,1697
Jamaica,JAM,2022-08-31,1793.2,1968
Jamaica,JAM,2022-09-30,1739.6,1817
Jamaica,JAM,2022-10-31,1775.8,1680
Jamaica,JAM,2022-11-30,1771.4,1770
Jamaica,JAM,2022-12-31,1683.4,1598
Jamaica,JAM,2023-01-31,1914.7,2011
Jamaica,JAM,2023-02-28,1829.7,1438
Jamaica,JAM,2023-03-31,1932.7,2076
Jamaica,JAM,2023-04-30,1781.9,1617
Jamaica,JAM,2023-05-31,1818.1,1946
Jamaica,JAM,2023-06-30,1822.9,1902
Jamaica,JAM,2023-07-31,1896.7,1911
Jamaica,JAM,2023-08-31,1821.3,2017
Jamaica,JAM,2023-09-30,1767.7,1764
Jamaica,JAM,2023-10-31,1803.9,1800
Jamaica,JAM,2023-11-30,1799.5,1769
Jamaica,JAM,2023-12-31,1711.5,1641
Japan,JPN,2020-01-31,140439.8,132622
Japan,JPN,2020-02-29,122475,117010
Japan,JPN,2020-03-31,123993.2,119161
Japan,JPN,2020-04-30,114288.8,113362
Japan,JPN,2020-05-31,111925.2,108380
Japan,JPN,2020-06-30,103944.2,100423
Japan,JPN,2020-07-31,109103.8,104849
Japan,JPN,2020-08-31,111308,111591
Japan,JPN,2020-09-30,108570.6,107468
Japan,JPN,2020-10-31,117133.4,118038
Japan,JPN,2020-11-30,120136.4,118455
Japan,JPN,2020-12-31,129229.6,133185
Japan,JPN,2021-01-31,142513.5,140844
Japan,JPN,2021-02-28,124548.7,118984
Japan,JPN,2021-03-31,126066.9,123579
Japan,JPN,2021-04-30,116362.5,118169
Japan,JPN,2021-05-31,113998.9,118634
Japan,JPN,2021-06-30,106017.9,108734
Japan,JPN,2021-07-31,111177.5,112222
Japan,JPN,2021-08-31,113381.7,117804
Japan,JPN,2021-09-30,110644.3,115706
Japan,JPN,2021-10-31,119207.1,120781
Japan,JPN,2021-11-30,122210.1,122806
Japan,JPN,2021-12-31,131303.3,134026
Japan,JPN,2022-01-31,144587.2,143992
Japan,JPN,2022-02-28,126622.4,138474
Japan,JPN,2022-03-31,128140.6,139571
Japan,JPN,2022-04-30,118436.2,121799
Japan,JPN,2022-05-31,116072.6,121473
Japan,JPN,2022-06-30,108091.6,111904
Japan,JPN,2022-07-31,113251.2,117568
Japan,JPN,2022-08-31,115455.4,135649
Japan,JPN,2022-09-30,112718,127040
Japan,JPN,2022-10-31,121280.8,131840
Japan,JPN,2022-11-30,124283.8,134336
Japan,JPN,2022-12-31,133377,158387
Japan,JPN,2023-01-31,146660.9,168970
Japan,JPN,2023-02-28,128696.1,135857
Japan,JPN,2023-03-31,130214.3,134156
Japan,JPN,2023-04-30,120509.9,123040
Japan,JPN,2023-05-31,118146.3,122193
Japan,JPN,2023-06-30,110165.3,113500
Japan,JPN,2023-07-31,115324.9,120524
Japan,JPN,2023-08-31,117529.1,130848
Japan,JPN,2023-09-30,114791.7,127242
Japan,JPN,2023-10-31,123354.5,133993
Japan,JPN,2023-11-30,126357.5,133823
Japan,JPN,2023-12-31,135450.7,146357
Jordan,JOR,2020-01-31,2896.1,3226
Jordan,JOR,2020-02-29,2372.3,2490
Jordan,JOR,2020-03-31,2440.6,2486
Jordan,JOR,2020-04-30,2242.3,2084
Jordan,JOR,2020-05-31,2213.1,2350
Jordan,JOR,2020-06-30,2091.1,2068
Jordan,JOR,2020-07-31,2212.3,2113
Jordan,JOR,2020-08-31,2251.1,2202
Jordan,JOR,2020-09-30,2210.6,2290
Jordan,JOR,2020-10-31,2402.3,3414
Jordan,JOR,2020-11-30,2467.3,4960
Jordan,JOR,2020-12-31,2704.8,3390
Jordan,JOR,2021-01-31,2925.7,3184
Jordan,JOR,2021-02-28,2402,2840
Jordan,JOR,2021-03-31,2470.2,5482
Jordan,JOR,2021-04-30,2272,4688
Jordan,JOR,2021-05-31,2242.7,3130
Jordan,JOR,2021-06-30,2120.7,2512
Jordan,JOR,2021-07-31,2242,2635
Jordan,JOR,2021-08-31,2280.7,2773
Jordan,JOR,2021-09-30,2240.2,2415
Jordan,JOR,2021-10-31,2432,2610
Jordan,JOR,2021-11-30,2497,3130
Jordan,JOR,2021-12-31,2734.5,3934
Jordan,JOR,2022-01-31,2955.4,3599
Jordan,JOR,2022-02-28,2431.6,3350
Jordan,JOR,2022-03-31,2499.9,2963
Jordan,JOR,2022-04-30,2301.6,2362
Jordan,JOR,2022-05-31,2272.4,2213
Jordan,JOR,2022-06-30,2150.4,2119
Jordan,JOR,2022-07-31,2271.6,2256
Jordan,JOR,2022-08-31,2310.4,2341
Jordan,JOR,2022-09-30,2269.9,2139
Jordan,JOR,2022-10-31,2461.6,2238
Jordan,JOR,2022-11-30,2526.6,2493
Jordan,JOR,2022-12-31,2764.1,2750
Jordan,JOR,2023-01-31,2985,2795
Jordan,JOR,2023-02-28,2461.3,2555
Jordan,JOR,2023-03-31,2529.5,2665
Jordan,JOR,2023-04-30,2331.3,2423
Jordan,JOR,2023-05-31,2302,2302
Jordan,JOR,2023-06-30,2180,2118
Jordan,JOR,2023-07-31,2301.3,2350
Jordan,JOR,2023-08-31,2340,2341
Jordan,JOR,2023-09-30,2299.5,2125
Jordan,JOR,2023-10-31,2491.3,2153
Jordan,JOR,2023-11-30,2556.3,2304
Jordan,JOR,2023-12-31,2793.8,2973
Kazakhstan,KAZ,2020-01-31,12272.7,11867
Kazakhstan,KAZ,2020-02-29,10566.3,10842
Kazakhstan,KAZ,2020-03-31,11053.9,8511
Kazakhstan,KAZ,2020-04-30,11122.1,4441
Kazakhstan,KAZ,2020-05-31,11189.1,14358
Kazakhstan,KAZ,2020-06-30,10863.7,14949
Kazakhstan,KAZ,2020-07-31,11641.3,28178
Kazakhstan,KAZ,2020-08-31,10570.9,17835
Kazakhstan,KAZ,2020-09-30,10610.7,13672
Kazakhstan,KAZ,2020-10-31,11110.7,12489
Kazakhstan,KAZ,2020-11-30,10724.3,12388
Kazakhstan,KAZ,2020-12-31,10747.5,13083
Kazakhstan,KAZ,2021-01-31,12300.8,12478
Kazakhstan,KAZ,2021-02-28,10594.4,11186
Kazakhstan,KAZ,2021-03-31,11082,12476
Kazakhstan,KAZ,2021-04-30,11150.2,13317
Kazakhstan,KAZ,2021-05-31,11217.2,14202
Kazakhstan,KAZ,2021-06-30,10891.8,12904
Kazakhstan,KAZ,2021-07-31,11669.4,16700
Kazakhstan,KAZ,2021-08-31,10599,24342
Kazakhstan,KAZ,2021-09-30,10638.8,19975
Kazakhstan,KAZ,2021-10-31,11138.8,16002
Kazakhstan,KAZ,2021-11-30,10752.4,15862
Kazakhstan,KAZ,2021-12-31,10775.6,13913
Kazakhstan,KAZ,2022-01-31,12328.9,13262
Kazakhstan,KAZ,2022-02-28,10622.5,13793
Kazakhstan,KAZ,2022-03-31,11110.1,11034
Kazakhstan,KAZ,2022-04-30,11178.3,9572
Kazakhstan,KAZ,2022-05-31,11245.3,10764
Kazakhstan,KAZ,2022-06-30,10919.9,10722
Kazakhstan,KAZ,2022-07-31,11697.5,10628
Kazakhstan,KAZ,2022-08-31,10627.1,11644
Kazakhstan,KAZ,2022-09-30,10666.9,10247
Kazakhstan,KAZ,2022-10-31,11166.9,10473
Kazakhstan,KAZ,2022-11-30,10780.5,10857
Kazakhstan,KAZ,2022-12-31,10803.7,11713
Kazakhstan,KAZ,2023-01-31,12357,12147
Kazakhstan,KAZ,2023-02-28,10650.6,9667
Kazakhstan,KAZ,2023-03-31,11138.2,10810
Kazakhstan,KAZ,2023-04-30,11206.4,9504
Kazakhstan,KAZ,2023-05-31,11273.4,11127
Kazakhstan,KAZ,2023-06-30,10948,10346
Kazakhstan,KAZ,2023-07-31,11725.6,11243
Kazakhstan,KAZ,2023-08-31,10655.2,11145
Kazakhstan,KAZ,2023-09-30,10695,10152
Kazakhstan,KAZ,2023-10-31,11195,11148
Kazakhstan,KAZ,2023-11-30,10808.6,10716
Kazakhstan,KAZ,2023-12-31,10831.8,12591
Kosovo,OWID_KOS,2020-01-31,889.8,906
Kosovo,OWID_KOS,2020-02-29,814,805
Kosovo,OWID_KOS,2020-03-31,848,831
Kosovo,OWID_KOS,2020-04-30,791.6,739
Kosovo,OWID_KOS,2020-05-31,791.8,841
Kosovo,OWID_KOS,2020-06-30,747.8,854
Kosovo,OWID_KOS,2020-07-31,748.4,1426
Kosovo,OWID_KOS,2020-08-31,786.8,1426
Kosovo,OWID_KOS,2020-09-30,756.4,915
Kosovo,OWID_KOS,2020-10-31,811.6,984
Kosovo,OWID_KOS,2020-11-30,793,1610
Kosovo,OWID_KOS,2020-12-31,878,1650
Kosovo,OWID_KOS,2021-01-31,914.4,1252
Kosovo,OWID_KOS,2021-02-28,838.6,1007
Kosovo,OWID_KOS,2021-03-31,872.6,1350
Kosovo,OWID_KOS,2021-04-30,816.2,1338
Kosovo,OWID_KOS,2021-05-31,816.4,943
Kosovo,OWID_KOS,2021-06-30,772.4,814
Kosovo,OWID_KOS,2021-07-31,773,777
Kosovo,OWID_KOS,2021-08-31,811.4,1284
Kosovo,OWID_KOS,2021-09-30,781,1535
Kosovo,OWID_KOS,2021-10-31,836.2,893
Kosovo,OWID_KOS,2021-11-30,817.6,802
Kosovo,OWID_KOS,2021-12-31,902.6,1024
Kosovo,OWID_KOS,2022-01-31,939.1,900
Kosovo,OWID_KOS,2022-02-28,863.3,987
Kosovo,OWID_KOS,2022-03-31,897.3,763
Kosovo,OWID_KOS,2022-04-30,840.9,742
Kosovo,OWID_KOS,2022-05-31,841.1,746
Kosovo,OWID_KOS,2022-06-30,797.1,640
Kosovo,OWID_KOS,2022-07-31,797.7,736
Kosovo,OWID_KOS,2022-08-31,836.1,717
Kosovo,OWID_KOS,2022-09-30,805.7,663
Kosovo,OWID_KOS,2022-10-31,860.9,737
Kosovo,OWID_KOS,2022-11-30,842.3,748
Kosovo,OWID_KOS,2022-12-31,927.3,758
Kosovo,OWID_KOS,2023-01-31,963.7,871
Kosovo,OWID_KOS,2023-02-28,887.9,786
Kosovo,OWID_KOS,2023-03-31,921.9,763
Kosovo,OWID_KOS,2023-04-30,865.5,749
Kosovo,OWID_KOS,2023-05-31,865.7,727
Kosovo,OWID_KOS,2023-06-30,821.7,662
Kosovo,OWID_KOS,2023-07-31,822.3,754
Kosovo,OWID_KOS,2023-08-31,860.7,742
Kosovo,OWID_KOS,2023-09-30,830.3,726
Kosovo,OWID_KOS,2023-10-31,885.5,718
Kosovo,OWID_KOS,2023-11-30,866.9,749
Kosovo,OWID_KOS,2023-12-31,951.9,770
Kuwait,KWT,2020-01-31,721.8,599
Kuwait,KWT,2020-02-29,597.8,607
Kuwait,KWT,2020-03-31,635.4,636
Kuwait,KWT,2020-04-30,591,702
Kuwait,KWT,2020-05-31,596.2,1347
Kuwait,KWT,2020-06-30,585.2,1235
Kuwait,KWT,2020-07-31,583.6,1047
Kuwait,KWT,2020-08-31,560.6,907
Kuwait,KWT,2020-09-30,566.4,878
Kuwait,KWT,2020-10-31,577.4,906
Kuwait,KWT,2020-11-30,642.4,903
Kuwait,KWT,2020-12-31,700.4,802
Kuwait,KWT,2021-01-31,739.4,764
Kuwait,KWT,2021-02-28,615.4,749
Kuwait,KWT,2021-03-31,653,1037
Kuwait,KWT,2021-04-30,608.6,1098
Kuwait,KWT,2021-05-31,613.8,991
Kuwait,KWT,2021-06-30,602.8,1032
Kuwait,KWT,2021-07-31,601.2,1461
Kuwait,KWT,2021-08-31,578.2,1135
Kuwait,KWT,2021-09-30,584,738
Kuwait,KWT,2021-10-31,595,602
Kuwait,KWT,2021-11-30,660,634
Kuwait,KWT,2021-12-31,718,697
Kuwait,KWT,2022-01-31,757.1,872
Kuwait,KWT,2022-02-28,633.1,854
Kuwait,KWT,2022-03-31,670.7,680
Kuwait,KWT,2022-04-30,626.3,593
Kuwait,KWT,2022-05-31,631.5,608
Kuwait,KWT,2022-06-30,620.5,631
Kuwait,KWT,2022-07-31,618.9,643
Kuwait,KWT,2022-08-31,595.9,644
Kuwait,KWT,2022-09-30,601.7,561
Kuwait,KWT,2022-10-31,612.7,621
Kuwait,KWT,2022-11-30,677.7,646
Kuwait,KWT,2022-12-31,735.7,688
Kuwait,KWT,2023-01-31,774.7,714
Kuwait,KWT,2023-02-28,650.7,656
Kuwait,KWT,2023-03-31,688.3,678
Kuwait,KWT,2023-04-30,643.9,599
Kuwait,KWT,2023-05-31,649.1,612
Kuwait,KWT,2023-06-30,638.1,577
Kuwait,KWT,2023-07-31,636.5,600
Kuwait,KWT,2023-08-31,613.5,585
Kuwait,KWT,2023-09-30,619.3,542
Kuwait,KWT,2023-10-31,630.3,611
Kuwait,KWT,2023-11-30,695.3,629
Kuwait,KWT,2023-12-31,753.3,633
Kyrgyzstan,KGZ,2020-01-31,2962.8,3082
Kyrgyzstan,KGZ,2020-02-29,2539.2,2900
Kyrgyzstan,KGZ,2020-03-31,2710.4,2390
Kyrgyzstan,KGZ,2020-04-30,2636.6,1263
Kyrgyzstan,KGZ,2020-05-31,2732,2919
Kyrgyzstan,KGZ,2020-06-30,2566.2,3559
Kyrgyzstan,KGZ,2020-07-31,2835.6,4045
Kyrgyzstan,KGZ,2020-08-31,2586.4,4572
Kyrgyzstan,KGZ,2020-09-30,2483.2,3411
Kyrgyzstan,KGZ,2020-10-31,2718.8,3423
Kyrgyzstan,KGZ,2020-11-30,2707.6,4154
Kyrgyzstan,KGZ,2020-12-31,3016,4259
Kyrgyzstan,KGZ,2021-01-31,2933.5,2988
Kyrgyzstan,KGZ,2021-02-28,2509.9,2621
Kyrgyzstan,KGZ,2021-03-31,2681.1,3137
Kyrgyzstan,KGZ,2021-04-30,2607.3,3024
Kyrgyzstan,KGZ,2021-05-31,2702.7,2868
Kyrgyzstan,KGZ,2021-06-30,2536.9,3375
Kyrgyzstan,KGZ,2021-07-31,2806.3,3835
Kyrgyzstan,KGZ,2021-08-31,2557.1,3810
Kyrgyzstan,KGZ,2021-09-30,2453.9,3307
Kyrgyzstan,KGZ,2021-10-31,2689.5,3257
Kyrgyzstan,KGZ,2021-11-30,2678.3,3381
Kyrgyzstan,KGZ,2021-12-31,2986.7,3590
Kyrgyzstan,KGZ,2022-01-31,2904.3,2871
Kyrgyzstan,KGZ,2022-02-28,2480.7,2977
Kyrgyzstan,KGZ,2022-03-31,2651.9,2955
Kyrgyzstan,KGZ,2022-04-30,2578.1,2568
Kyrgyzstan,KGZ,2022-05-31,2673.5,2307
Kyrgyzstan,KGZ,2022-06-30,2507.7,3683
Kyrgyzstan,KGZ,2022-07-31,2777.1,2578
Kyrgyzstan,KGZ,2022-08-31,2527.9,2907
Kyrgyzstan,KGZ,2022-09-30,2424.7,2799
Kyrgyzstan,KGZ,2022-10-31,2660.3,1656
Kyrgyzstan,KGZ,2022-11-30,2649.1,931
Kyrgyzstan,KGZ,2022-12-31,2957.5,3169
Kyrgyzstan,KGZ,2023-01-31,2875.1,2817
Kyrgyzstan,KGZ,2023-02-28,2451.5,2513
Kyrgyzstan,KGZ,2023-03-31,2622.7,2734
Kyrgyzstan,KGZ,2023-04-30,2548.9,2162
Kyrgyzstan,KGZ,2023-05-31,2644.3,2680
Kyrgyzstan,KGZ,2023-06-30,2478.5,2592
Kyrgyzstan,KGZ,2023-07-31,2747.9,2575
Kyrgyzstan,KGZ,2023-08-31,2498.7,2681
Kyrgyzstan,KGZ,2023-09-30,2395.5,2350
Kyrgyzstan,KGZ,2023-10-31,2631.1,2692
Kyrgyzstan,KGZ,2023-11-30,2619.9,2786
Kyrgyzstan,KGZ,2023-12-31,2928.3,2918
Latvia,LVA,2020-01-05,605,603
Latvia,LVA,2020-01-12,612.4,591
Latvia,LVA,2020-01-19,623.8,537
Latvia,LVA,2020-01-26,607.6,555
Latvia,LVA,2020-02-02,598.6,560
Latvia,LVA,2020-02-09,581,534
Latvia,LVA,2020-02-16,598.8,545
Latvia,LVA,2020-02-23,617.6,543
Latvia,LVA,2020-03-01,622.2,523
Latvia,LVA,2020-03-08,613.4,507
Latvia,LVA,2020-03-15,586.6,549
Latvia,LVA,2020-03-22,596.8,546
Latvia,LVA,2020-03-29,589,532
Latvia,LVA,2020-04-05,575.6,571
Latvia,LVA,2020-04-12,568.4,567
Latvia,LVA,2020-04-19,544.8,514
Latvia,LVA,2020-04-26,539.4,554
Latvia,LVA,2020-05-03,503.6,522
Latvia,LVA,2020-05-10,534.2,453
Latvia,LVA,2020-05-17,523.8,587
Latvia,LVA,2020-05-24,515,538
Latvia,LVA,2020-05-31,519,506
Latvia,LVA,2020-06-07,495.8,505
Latvia,LVA,2020-06-14,473.6,523
Latvia,LVA,2020-06-21,522.2,514
Latvia,LVA,2020-06-28,492.6,560
Latvia,LVA,2020-07-05,489,516
Latvia,LVA,2020-07-12,500.4,472
Latvia,LVA,2020-07-19,523.6,526
Latvia,LVA,2020-07-26,489.8,494
Latvia,LVA,2020-08-02,488,493
Latvia,LVA,2020-08-09,470.8,501
Latvia,LVA,2020-08-16,486.8,524
Latvia,LVA,2020-08-23,489.4,530
Latvia,LVA,2020-08-30,473.6,473
Latvia,LVA,2020-09-06,469,481
Latvia,LVA,2020-09-13,496,481
Latvia,LVA,2020-09-20,498,487
Latvia,LVA,2020-09-27,522.8,536
Latvia,LVA,2020-10-04,530.2,543
Latvia,LVA,2020-10-11,515.4,508
Latvia,LVA,2020-10-18,530.2,557
Latvia,LVA,2020-10-25,514.8,575
Latvia,LVA,2020-11-01,532.2,559
Latvia,LVA,2020-11-08,504.8,558
Latvia,LVA,2020-11-15,521,572
Latvia,LVA,2020-11-22,530,600
Latvia,LVA,2020-11-29,530.4,618
Latvia,LVA,2020-12-06,540.8,669
Latvia,LVA,2020-12-13,542.4,711
Latvia,LVA,2020-12-20,582.4,730
Latvia,LVA,2020-12-27,577,820
Latvia,LVA,2021-01-03,577,763
Latvia,LVA,2021-01-10,602.6,840
Latvia,LVA,2021-01-17,610,825
Latvia,LVA,2021-01-24,621.4,795
Latvia,LVA,2021-01-31,605.2,791
Latvia,LVA,2021-02-07,596.2,765
Latvia,LVA,2021-02-14,578.6,709
Latvia,LVA,2021-02-21,596.4,682
Latvia,LVA,2021-02-28,615.2,668
Latvia,LVA,2021-03-07,619.8,603
Latvia,LVA,2021-03-14,611,610
Latvia,LVA,2021-03-21,584.2,631
Latvia,LVA,2021-03-28,594.4,586
Latvia,LVA,2021-04-04,586.6,611
Latvia,LVA,2021-04-11,573.2,558
Latvia,LVA,2021-04-18,566,596
Latvia,LVA,2021-04-25,542.4,603
Latvia,LVA,2021-05-02,537,630
Latvia,LVA,2021-05-09,501.2,609
Latvia,LVA,2021-05-16,531.8,657
Latvia,LVA,2021-05-23,521.4,609
Latvia,LVA,2021-05-30,512.6,572
Latvia,LVA,2021-06-06,516.6,570
Latvia,LVA,2021-06-13,493.4,640
Latvia,LVA,2021-06-20,471.2,526
Latvia,LVA,2021-06-27,519.8,714
Latvia,LVA,2021-07-04,490.2,618
Latvia,LVA,2021-07-11,486.6,589
Latvia,LVA,2021-07-18,498,632
Latvia,LVA,2021-07-25,521.2,513
Latvia,LVA,2021-08-01,487.4,552
Latvia,LVA,2021-08-08,485.6,552
Latvia,LVA,2021-08-15,468.4,496
Latvia,LVA,2021-08-22,484.4,553
Latvia,LVA,2021-08-29,487,503
Latvia,LVA,2021-09-05,471.2,535
Latvia,LVA,2021-09-12,466.6,605
Latvia,LVA,2021-09-19,493.6,561
Latvia,LVA,2021-09-26,495.6,624
Latvia,LVA,2021-10-03,520.4,654
Latvia,LVA,2021-10-10,527.8,665
Latvia,LVA,2021-10-17,513,779
Latvia,LVA,2021-10-24,527.8,925
Latvia,LVA,2021-10-31,512.4,921
Latvia,LVA,2021-11-07,529.8,927
Latvia,LVA,2021-11-14,502.4,895
Latvia,LVA,2021-11-21,518.6,840
Latvia,LVA,2021-11-28,527.6,726
Latvia,LVA,2021-12-05,528,682
Latvia,LVA,2021-12-12,538.4,697
Latvia,LVA,2021-12-19,540,655
Latvia,LVA,2021-12-26,580,669
Latvia,LVA,2022-01-02,574.6,706
Latvia,LVA,2022-01-09,600.3,692
Latvia,LVA,2022-01-16,607.7,692
Latvia,LVA,2022-01-23,619.1,661
Latvia,LVA,2022-01-30,602.9,599
Latvia,LVA,2022-02-06,593.9,673
Latvia,LVA,2022-02-13,576.3,681
Latvia,LVA,2022-02-20,594.1,736
Latvia,LVA,2022-02-27,612.9,676
Latvia,LVA,2022-03-06,617.5,707
Latvia,LVA,2022-03-13,608.7,663
Latvia,LVA,2022-03-20,581.9,697
Latvia,LVA,2022-03-27,592.1,676
Latvia,LVA,2022-04-03,584.3,612
Latvia,LVA,2022-04-10,570.9,610
Latvia,LVA,2022-04-17,563.7,574
Latvia,LVA,2022-04-24,540.1,568
Latvia,LVA,2022-05-01,534.7,569
Latvia,LVA,2022-05-08,498.9,533
Latvia,LVA,2022-05-15,529.5,537
Latvia,LVA,2022-05-22,519.1,545
Latvia,LVA,2022-05-29,510.3,530
Latvia,LVA,2022-06-05,514.3,538
Latvia,LVA,2022-06-12,491.1,528
Latvia,LVA,2022-06-19,468.9,513
Latvia,LVA,2022-06-26,517.5,558
Latvia,LVA,2022-07-03,487.9,609
Latvia,LVA,2022-07-10,484.3,477
Latvia,LVA,2022-07-17,495.7,484
Latvia,LVA,2022-07-24,518.9,512
Latvia,LVA,2022-07-31,485.1,527
Latvia,LVA,2022-08-07,483.3,540
Latvia,LVA,2022-08-14,466.1,513
Latvia,LVA,2022-08-21,482.1,573
Latvia,LVA,2022-08-28,484.7,498
Latvia,LVA,2022-09-04,468.9,494
Latvia,LVA,2022-09-11,464.3,519
Latvia,LVA,2022-09-18,491.3,534
Latvia,LVA,2022-09-25,493.3,547
Latvia,LVA,2022-10-02,518.1,586
Latvia,LVA,2022-10-09,525.5,588
Latvia,LVA,2022-10-16,510.7,591
Latvia,LVA,2022-10-23,525.5,551
Latvia,LVA,2022-10-30,510.1,558
Latvia,LVA,2022-11-06,527.5,534
Latvia,LVA,2022-11-13,500.1,510
Latvia,LVA,2022-11-20,516.3,590
Latvia,LVA,2022-11-27,525.3,593
Latvia,LVA,2022-12-04,525.7,569
Latvia,LVA,2022-12-11,536.1,600
Latvia,LVA,2022-12-18,537.7,680
Latvia,LVA,2022-12-25,577.7,717
Latvia,LVA,2023-01-01,572.3,791
Latvia,LVA,2023-01-08,597.9,717
Latvia,LVA,2023-01-15,605.3,750
Latvia,LVA,2023-01-22,616.7,642
Latvia,LVA,2023-01-29,600.5,602
Latvia,LVA,2023-02-05,591.5,582
Latvia,LVA,2023-02-12,573.9,571
Latvia,LVA,2023-02-19,591.7,617
Latvia,LVA,2023-02-26,610.5,623
Latvia,LVA,2023-03-05,615.1,564
Latvia,LVA,2023-03-12,606.3,537
Latvia,LVA,2023-03-19,579.5,503
Latvia,LVA,2023-03-26,589.7,571
Latvia,LVA,2023-04-02,581.9,498
Latvia,LVA,2023-04-09,568.5,511
Latvia,LVA,2023-04-16,561.3,552
Latvia,LVA,2023-04-23,537.7,594
Latvia,LVA,2023-04-30,532.3,540
Latvia,LVA,2023-05-07,496.5,518
Latvia,LVA,2023-05-14,527.1,515
Latvia,LVA,2023-05-21,516.7,516
Latvia,LVA,2023-05-28,507.9,463
Latvia,LVA,2023-06-04,511.9,494
Latvia,LVA,2023-06-11,488.7,452
Latvia,LVA,2023-06-18,466.5,515
Latvia,LVA,2023-06-25,515.1,535
Latvia,LVA,2023-07-02,485.5,498
Latvia,LVA,2023-07-09,481.9,424
Latvia,LVA,2023-07-16,493.3,430
Latvia,LVA,2023-07-23,516.5,476
Latvia,LVA,2023-07-30,482.7,437
Latvia,LVA,2023-08-06,480.9,479
Latvia,LVA,2023-08-13,463.7,483
Latvia,LVA,2023-08-20,479.7,498
Latvia,LVA,2023-08-27,482.3,452
Latvia,LVA,2023-09-03,466.5,439
Latvia,LVA,2023-09-10,461.9,453
Latvia,LVA,2023-09-17,488.9,484
Latvia,LVA,2023-09-24,490.9,474
Latvia,LVA,2023-10-01,515.7,492
Latvia,LVA,2023-10-08,523.1,490
Latvia,LVA,2023-10-15,508.3,497
Latvia,LVA,2023-10-22,523.1,562
Latvia,LVA,2023-10-29,507.7,567
Latvia,LVA,2023-11-05,525.1,577
Latvia,LVA,2023-11-12,497.7,505
Latvia,LVA,2023-11-19,513.9,568
Latvia,LVA,2023-11-26,522.9,595
Latvia,LVA,2023-12-03,523.3,595
Latvia,LVA,2023-12-10,533.7,638
Latvia,LVA,2023-12-17,535.3,621
Latvia,LVA,2023-12-24,575.3,614
Latvia,LVA,2023-12-31,569.9,587
Lebanon,LBN,2020-01-31,2449.3,2803
Lebanon,LBN,2020-02-29,2295.5,2506
Lebanon,LBN,2020-03-31,2452.5,2241
Lebanon,LBN,2020-04-30,2083.9,1852
Lebanon,LBN,2020-05-31,2125.9,2202
Lebanon,LBN,2020-06-30,1930.1,1841
Lebanon,LBN,2020-07-31,1910.1,1955
Lebanon,LBN,2020-08-31,1883.9,2158
Lebanon,LBN,2020-09-30,1751.7,2237
Lebanon,LBN,2020-10-31,2149.7,2788
Lebanon,LBN,2020-11-30,2007.9,2882
Lebanon,LBN,2020-12-31,2064.7,3171
Lebanon,LBN,2021-01-31,2447.8,4116
Lebanon,LBN,2021-02-28,2294,3947
Lebanon,LBN,2021-03-31,2451,4299
Lebanon,LBN,2021-04-30,2082.4,3368
Lebanon,LBN,2021-05-31,2124.4,2335
Lebanon,LBN,2021-06-30,1928.6,1912
Lebanon,LBN,2021-07-31,1908.6,2064
Lebanon,LBN,2021-08-31,1882.4,2475
Lebanon,LBN,2021-09-30,1750.2,2369
Lebanon,LBN,2021-10-31,2148.2,2229
Lebanon,LBN,2021-11-30,2006.4,2557
Lebanon,LBN,2021-12-31,2063.2,3054
Lebanon,LBN,2022-01-31,2446.4,
Lebanon,LBN,2022-02-28,2292.6,
Lebanon,LBN,2022-03-31,2449.6,
Lebanon,LBN,2022-04-30,2081,
Lebanon,LBN,2022-05-31,2123,
Lebanon,LBN,2022-06-30,1927.2,
Lebanon,LBN,2022-07-31,1907.2,
Lebanon,LBN,2022-08-31,1881,
Lebanon,LBN,2022-09-30,1748.8,
Lebanon,LBN,2022-10-31,2146.8,
Lebanon,LBN,2022-11-30,2005,
Lebanon,LBN,2022-12-31,2061.8,
Lebanon,LBN,2023-01-31,2445,
Lebanon,LBN,2023-02-28,2291.2,
Lebanon,LBN,2023-03-31,2448.2,
Lebanon,LBN,2023-04-30,2079.6,
Lebanon,LBN,2023-05-31,2121.6,
Lebanon,LBN,2023-06-30,1925.8,
Lebanon,LBN,2023-07-31,1905.8,
Lebanon,LBN,2023-08-31,1879.6,
Lebanon,LBN,2023-09-30,1747.4,
Lebanon,LBN,2023-10-31,2145.4,
Lebanon,LBN,2023-11-30,2003.6,
Lebanon,LBN,2023-12-31,2060.4,
Liechtenstein,LIE,2020-01-31,25.6,19
Liechtenstein,LIE,2020-02-29,20.8,30
Liechtenstein,LIE,2020-03-31,28,23
Liechtenstein,LIE,2020-04-30,20.8,22
Liechtenstein,LIE,2020-05-31,19,21
Liechtenstein,LIE,2020-06-30,20,18
Liechtenstein,LIE,2020-07-31,22.2,19
Liechtenstein,LIE,2020-08-31,23.2,23
Liechtenstein,LIE,2020-09-30,21.4,30
Liechtenstein,LIE,2020-10-31,23,23
Liechtenstein,LIE,2020-11-30,22.6,39
Liechtenstein,LIE,2020-12-31,22.4,52
Liechtenstein,LIE,2021-01-31,25.8,31
Liechtenstein,LIE,2021-02-28,21,23
Liechtenstein,LIE,2021-03-31,28.2,16
Liechtenstein,LIE,2021-04-30,21,29
Liechtenstein,LIE,2021-05-31,19.2,24
Liechtenstein,LIE,2021-06-30,20.2,11
Liechtenstein,LIE,2021-07-31,22.4,26
Liechtenstein,LIE,2021-08-31,23.4,20
Liechtenstein,LIE,2021-09-30,21.6,18
Liechtenstein,LIE,2021-10-31,23.2,20
Liechtenstein,LIE,2021-11-30,22.8,25
Liechtenstein,LIE,2021-12-31,22.6,28
Liechtenstein,LIE,2022-01-31,26,35
Liechtenstein,LIE,2022-02-28,21.2,28
Liechtenstein,LIE,2022-03-31,28.4,28
Liechtenstein,LIE,2022-04-30,21.2,19
Liechtenstein,LIE,2022-05-31,19.4,19
Liechtenstein,LIE,2022-06-30,20.4,19
Liechtenstein,LIE,2022-07-31,22.6,28
Liechtenstein,LIE,2022-08-31,23.6,17
Liechtenstein,LIE,2022-09-30,21.8,23
Liechtenstein,LIE,2022-10-31,23.4,17
Liechtenstein,LIE,2022-11-30,23,24
Liechtenstein,LIE,2022-12-31,22.8,22
Liechtenstein,LIE,2023-01-31,26.2,31
Liechtenstein,LIE,2023-02-28,21.4,21
Liechtenstein,LIE,2023-03-31,28.6,26
Liechtenstein,LIE,2023-04-30,21.4,21
Liechtenstein,LIE,2023-05-31,19.6,22
Liechtenstein,LIE,2023-06-30,20.6,21
Liechtenstein,LIE,2023-07-31,22.8,11
Liechtenstein,LIE,2023-08-31,23.8,22
Liechtenstein,LIE,2023-09-30,22,17
Liechtenstein,LIE,2023-10-31,23.6,18
Liechtenstein,LIE,2023-11-30,23.2,33
Liechtenstein,LIE,2023-12-31,23,27
Lithuania,LTU,2020-01-05,815.1,812
Lithuania,LTU,2020-01-12,825.7,803
Lithuania,LTU,2020-01-19,872.1,787
Lithuania,LTU,2020-01-26,863.3,786
Lithuania,LTU,2020-02-02,863.7,762
Lithuania,LTU,2020-02-09,851.7,764
Lithuania,LTU,2020-02-16,828.3,809
Lithuania,LTU,2020-02-23,848.3,707
Lithuania,LTU,2020-03-01,816.7,807
Lithuania,LTU,2020-03-08,793.5,773
Lithuania,LTU,2020-03-15,771.5,773
Lithuania,LTU,2020-03-22,756.5,804
Lithuania,LTU,2020-03-29,738.5,816
Lithuania,LTU,2020-04-05,747.7,775
Lithuania,LTU,2020-04-12,741.1,803
Lithuania,LTU,2020-04-19,737.3,784
Lithuania,LTU,2020-04-26,715.3,786
Lithuania,LTU,2020-05-03,701.1,769
Lithuania,LTU,2020-05-10,714.9,717
Lithuania,LTU,2020-05-17,688.3,733
Lithuania,LTU,2020-05-24,728.5,715
Lithuania,LTU,2020-05-31,702.5,745
Lithuania,LTU,2020-06-07,694.1,735
Lithuania,LTU,2020-06-14,663.7,820
Lithuania,LTU,2020-06-21,662.9,760
Lithuania,LTU,2020-06-28,681.1,811
Lithuania,LTU,2020-07-05,648.7,689
Lithuania,LTU,2020-07-12,654.1,703
Lithuania,LTU,2020-07-19,656.7,764
Lithuania,LTU,2020-07-26,691.1,757
Lithuania,LTU,2020-08-02,648.5,723
Lithuania,LTU,2020-08-09,671.1,726
Lithuania,LTU,2020-08-16,649.5,746
Lithuania,LTU,2020-08-23,629.3,763
Lithuania,LTU,2020-08-30,653.1,721
Lithuania,LTU,2020-09-06,628.7,673
Lithuania,LTU,2020-09-13,605.3,729
Lithuania,LTU,2020-09-20,647.7,721
Lithuania,LTU,2020-09-27,668.5,784
Lithuania,LTU,2020-10-04,688.9,744
Lithuania,LTU,2020-10-11,688.5,785
Lithuania,LTU,2020-10-18,729.9,836
Lithuania,LTU,2020-10-25,723.7,845
Lithuania,LTU,2020-11-01,705.1,853
Lithuania,LTU,2020-11-08,691.9,877
Lithuania,LTU,2020-11-15,699.9,952
Lithuania,LTU,2020-11-22,698.5,1099
Lithuania,LTU,2020-11-29,701.9,1109
Lithuania,LTU,2020-12-06,722.5,1238
Lithuania,LTU,2020-12-13,696.9,1220
Lithuania,LTU,2020-12-20,734.7,1371
Lithuania,LTU,2020-12-27,774.5,1395
Lithuania,LTU,2021-01-03,774.5,1343
Lithuania,LTU,2021-01-10,799.1,1200
Lithuania,LTU,2021-01-17,809.7,1195
Lithuania,LTU,2021-01-24,856.1,1095
Lithuania,LTU,2021-01-31,847.3,1089
Lithuania,LTU,2021-02-07,847.7,974
Lithuania,LTU,2021-02-14,835.7,984
Lithuania,LTU,2021-02-21,812.3,933
Lithuania,LTU,2021-02-28,832.3,784
Lithuania,LTU,2021-03-07,800.7,873
Lithuania,LTU,2021-03-14,777.5,898
Lithuania,LTU,2021-03-21,755.5,825
Lithuania,LTU,2021-03-28,740.5,832
Lithuania,LTU,2021-04-04,722.5,771
Lithuania,LTU,2021-04-11,731.7,896
Lithuania,LTU,2021-04-18,725.1,842
Lithuania,LTU,2021-04-25,721.3,870
Lithuania,LTU,2021-05-02,699.3,823
Lithuania,LTU,2021-05-09,685.1,881
Lithuania,LTU,2021-05-16,698.9,866
Lithuania,LTU,2021-05-23,672.3,837
Lithuania,LTU,2021-05-30,712.5,817
Lithuania,LTU,2021-06-06,686.5,832
Lithuania,LTU,2021-06-13,678.1,816
Lithuania,LTU,2021-06-20,647.7,804
Lithuania,LTU,2021-06-27,646.9,917
Lithuania,LTU,2021-07-04,665.1,687
Lithuania,LTU,2021-07-11,632.7,825
Lithuania,LTU,2021-07-18,638.1,883
Lithuania,LTU,2021-07-25,640.7,700
Lithuania,LTU,2021-08-01,675.1,752
Lithuania,LTU,2021-08-08,632.5,722
Lithuania,LTU,2021-08-15,655.1,788
Lithuania,LTU,2021-08-22,633.5,804
Lithuania,LTU,2021-08-29,613.3,789
Lithuania,LTU,2021-09-05,637.1,771
Lithuania,LTU,2021-09-12,612.7,866
Lithuania,LTU,2021-09-19,589.3,916
Lithuania,LTU,2021-09-26,631.7,973
Lithuania,LTU,2021-10-03,652.5,1014
Lithuania,LTU,2021-10-10,672.9,1009
Lithuania,LTU,2021-10-17,672.5,1081
Lithuania,LTU,2021-10-24,713.9,1087
Lithuania,LTU,2021-10-31,707.7,1110
Lithuania,LTU,2021-11-07,689.1,1049
Lithuania,LTU,2021-11-14,675.9,1032
Lithuania,LTU,2021-11-21,683.9,973
Lithuania,LTU,2021-11-28,682.5,993
Lithuania,LTU,2021-12-05,685.9,964
Lithuania,LTU,2021-12-12,706.5,965
Lithuania,LTU,2021-12-19,680.9,998
Lithuania,LTU,2021-12-26,718.7,1075
Lithuania,LTU,2022-01-02,758.5,983
Lithuania,LTU,2022-01-09,783.2,956
Lithuania,LTU,2022-01-16,793.8,941
Lithuania,LTU,2022-01-23,840.2,972
Lithuania,LTU,2022-01-30,831.4,917
Lithuania,LTU,2022-02-06,831.8,886
Lithuania,LTU,2022-02-13,819.8,1036
Lithuania,LTU,2022-02-20,796.4,981
Lithuania,LTU,2022-02-27,816.4,947
Lithuania,LTU,2022-03-06,784.8,891
Lithuania,LTU,2022-03-13,761.6,897
Lithuania,LTU,2022-03-20,739.6,891
Lithuania,LTU,2022-03-27,724.6,887
Lithuania,LTU,2022-04-03,706.6,840
Lithuania,LTU,2022-04-10,715.8,814
Lithuania,LTU,2022-04-17,709.2,792
Lithuania,LTU,2022-04-24,705.4,884
Lithuania,LTU,2022-05-01,683.4,802
Lithuania,LTU,2022-05-08,669.2,771
Lithuania,LTU,2022-05-15,683,717
Lithuania,LTU,2022-05-22,656.4,737
Lithuania,LTU,2022-05-29,696.6,733
Lithuania,LTU,2022-06-05,670.6,628
Lithuania,LTU,2022-06-12,662.2,757
Lithuania,LTU,2022-06-19,631.8,735
Lithuania,LTU,2022-06-26,631,745
Lithuania,LTU,2022-07-03,649.2,884
Lithuania,LTU,2022-07-10,616.8,688
Lithuania,LTU,2022-07-17,622.2,653
Lithuania,LTU,2022-07-24,624.8,692
Lithuania,LTU,2022-07-31,659.2,722
Lithuania,LTU,2022-08-07,616.6,770
Lithuania,LTU,2022-08-14,639.2,689
Lithuania,LTU,2022-08-21,617.6,875
Lithuania,LTU,2022-08-28,597.4,784
Lithuania,LTU,2022-09-04,621.2,670
Lithuania,LTU,2022-09-11,596.8,679
Lithuania,LTU,2022-09-18,573.4,783
Lithuania,LTU,2022-09-25,615.8,708
Lithuania,LTU,2022-10-02,636.6,826
Lithuania,LTU,2022-10-09,657,839
Lithuania,LTU,2022-10-16,656.6,784
Lithuania,LTU,2022-10-23,698,852
Lithuania,LTU,2022-10-30,691.8,742
Lithuania,LTU,2022-11-06,673.2,699
Lithuania,LTU,2022-11-13,660,744
Lithuania,LTU,2022-11-20,668,735
Lithuania,LTU,2022-11-27,666.6,801
Lithuania,LTU,2022-12-04,670,788
Lithuania,LTU,2022-12-11,690.6,879
Lithuania,LTU,2022-12-18,665,930
Lithuania,LTU,2022-12-25,702.8,966
Lithuania,LTU,2023-01-01,742.6,1041
Lithuania,LTU,2023-01-08,767.2,993
Lithuania,LTU,2023-01-15,777.8,914
Lithuania,LTU,2023-01-22,824.2,814
Lithuania,LTU,2023-01-29,815.4,846
Lithuania,LTU,2023-02-05,815.8,757
Lithuania,LTU,2023-02-12,803.8,701
Lithuania,LTU,2023-02-19,780.4,555
Lithuania,LTU,2023-02-26,800.4,760
Lithuania,LTU,2023-03-05,768.8,746
Lithuania,LTU,2023-03-12,745.6,781
Lithuania,LTU,2023-03-19,723.6,746
Lithuania,LTU,2023-03-26,708.6,758
Lithuania,LTU,2023-04-02,690.6,682
Lithuania,LTU,2023-04-09,699.8,703
Lithuania,LTU,2023-04-16,693.2,739
Lithuania,LTU,2023-04-23,689.4,715
Lithuania,LTU,2023-04-30,667.4,682
Lithuania,LTU,2023-05-07,653.2,700
Lithuania,LTU,2023-05-14,667,782
Lithuania,LTU,2023-05-21,640.4,703
Lithuania,LTU,2023-05-28,680.6,707
Lithuania,LTU,2023-06-04,654.6,678
Lithuania,LTU,2023-06-11,646.2,664
Lithuania,LTU,2023-06-18,615.8,724
Lithuania,LTU,2023-06-25,615,699
Lithuania,LTU,2023-07-02,633.2,619
Lithuania,LTU,2023-07-09,600.8,665
Lithuania,LTU,2023-07-16,606.2,635
Lithuania,LTU,2023-07-23,608.8,655
Lithuania,LTU,2023-07-30,643.2,683
Lithuania,LTU,2023-08-06,600.6,634
Lithuania,LTU,2023-08-13,623.2,628
Lithuania,LTU,2023-08-20,601.6,696
Lithuania,LTU,2023-08-27,581.4,666
Lithuania,LTU,2023-09-03,605.2,633
Lithuania,LTU,2023-09-10,580.8,633
Lithuania,LTU,2023-09-17,557.4,691
Lithuania,LTU,2023-09-24,599.8,676
Lithuania,LTU,2023-10-01,620.6,693
Lithuania,LTU,2023-10-08,641,640
Lithuania,LTU,2023-10-15,640.6,708
Lithuania,LTU,2023-10-22,682,712
Lithuania,LTU,2023-10-29,675.8,774
Lithuania,LTU,2023-11-05,657.2,793
Lithuania,LTU,2023-11-12,644,745
Lithuania,LTU,2023-11-19,652,741
Lithuania,LTU,2023-11-26,650.6,823
Lithuania,LTU,2023-12-03,654,770
Lithuania,LTU,2023-12-10,674.6,836
Lithuania,LTU,2023-12-17,649,832
Lithuania,LTU,2023-12-24,686.8,831
Lithuania,LTU,2023-12-31,726.6,841
Luxembourg,LUX,2020-01-05,92.6,62
Luxembourg,LUX,2020-01-12,100.4,85
Luxembourg,LUX,2020-01-19,93.2,92
Luxembourg,LUX,2020-01-26,95,86
Luxembourg,LUX,2020-02-02,103,89
Luxembourg,LUX,2020-02-09,102.8,90
Luxembourg,LUX,2020-02-16,103,70
Luxembourg,LUX,2020-02-23,96.2,85
Luxembourg,LUX,2020-03-01,93.4,74
Luxembourg,LUX,2020-03-08,107.8,92
Luxembourg,LUX,2020-03-15,87.4,87
Luxembourg,LUX,2020-03-22,91.8,87
Luxembourg,LUX,2020-03-29,92,113
Luxembourg,LUX,2020-04-05,89.4,91
Luxembourg,LUX,2020-04-12,77.4,116
Luxembourg,LUX,2020-04-19,84.8,88
Luxembourg,LUX,2020-04-26,80,83
Luxembourg,LUX,2020-05-03,77.6,69
Luxembourg,LUX,2020-05-10,76.2,87
Luxembourg,LUX,2020-05-17,77.2,80
Luxembourg,LUX,2020-05-24,82.2,77
Luxembourg,LUX,2020-05-31,75,77
Luxembourg,LUX,2020-06-07,79.6,73
Luxembourg,LUX,2020-06-14,80.4,70
Luxembourg,LUX,2020-06-21,72.4,78
Luxembourg,LUX,2020-06-28,74.6,67
Luxembourg,LUX,2020-07-05,81,70
Luxembourg,LUX,2020-07-12,86.2,73
Luxembourg,LUX,2020-07-19,78,73
Luxembourg,LUX,2020-07-26,80.6,71
Luxembourg,LUX,2020-08-02,80.8,91
Luxembourg,LUX,2020-08-09,80.4,93
Luxembourg,LUX,2020-08-16,79.8,99
Luxembourg,LUX,2020-08-23,73,72
Luxembourg,LUX,2020-08-30,81.8,61
Luxembourg,LUX,2020-09-06,81.8,86
Luxembourg,LUX,2020-09-13,79.6,73
Luxembourg,LUX,2020-09-20,73.2,87
Luxembourg,LUX,2020-09-27,86.6,75
Luxembourg,LUX,2020-10-04,83,82
Luxembourg,LUX,2020-10-11,90.6,69
Luxembourg,LUX,2020-10-18,80.6,87
Luxembourg,LUX,2020-10-25,80.2,93
Luxembourg,LUX,2020-11-01,91,98
Luxembourg,LUX,2020-11-08,88.8,113
Luxembourg,LUX,2020-11-15,85,117
Luxembourg,LUX,2020-11-22,90.8,126
Luxembourg,LUX,2020-11-29,80,134
Luxembourg,LUX,2020-12-06,84.4,110
Luxembourg,LUX,2020-12-13,88.6,126
Luxembourg,LUX,2020-12-20,89.6,105
Luxembourg,LUX,2020-12-27,90,117
Luxembourg,LUX,2021-01-03,90,98
Luxembourg,LUX,2021-01-10,94.5,102
Luxembourg,LUX,2021-01-17,102.3,94
Luxembourg,LUX,2021-01-24,95.1,89
Luxembourg,LUX,2021-01-31,96.9,109
Luxembourg,LUX,2021-02-07,104.9,93
Luxembourg,LUX,2021-02-14,104.7,89
Luxembourg,LUX,2021-02-21,104.9,92
Luxembourg,LUX,2021-02-28,98.1,87
Luxembourg,LUX,2021-03-07,95.3,86
Luxembourg,LUX,2021-03-14,109.7,114
Luxembourg,LUX,2021-03-21,89.3,116
Luxembourg,LUX,2021-03-28,93.7,78
Luxembourg,LUX,2021-04-04,93.9,77
Luxembourg,LUX,2021-04-11,91.3,89
Luxembourg,LUX,2021-04-18,79.3,73
Luxembourg,LUX,2021-04-25,86.7,82
Luxembourg,LUX,2021-05-02,81.9,93
Luxembourg,LUX,2021-05-09,79.5,79
Luxembourg,LUX,2021-05-16,78.1,63
Luxembourg,LUX,2021-05-23,79.1,85
Luxembourg,LUX,2021-05-30,84.1,68
Luxembourg,LUX,2021-06-06,76.9,64
Luxembourg,LUX,2021-06-13,81.5,80
Luxembourg,LUX,2021-06-20,82.3,85
Luxembourg,LUX,2021-06-27,74.3,69
Luxembourg,LUX,2021-07-04,76.5,87
Luxembourg,LUX,2021-07-11,82.9,78
Luxembourg,LUX,2021-07-18,88.1,85
Luxembourg,LUX,2021-07-25,79.9,67
Luxembourg,LUX,2021-08-01,82.5,64
Luxembourg,LUX,2021-08-08,82.7,75
Luxembourg,LUX,2021-08-15,82.3,75
Luxembourg,LUX,2021-08-22,81.7,63
Luxembourg,LUX,2021-08-29,74.9,72
Luxembourg,LUX,2021-09-05,83.7,84
Luxembourg,LUX,2021-09-12,83.7,92
Luxembourg,LUX,2021-09-19,81.5,72
Luxembourg,LUX,2021-09-26,75.1,69
Luxembourg,LUX,2021-10-03,88.5,90
Luxembourg,LUX,2021-10-10,84.9,95
Luxembourg,LUX,2021-10-17,92.5,67
Luxembourg,LUX,2021-10-24,82.5,79
Luxembourg,LUX,2021-10-31,82.1,113
Luxembourg,LUX,2021-11-07,92.9,102
Luxembourg,LUX,2021-11-14,90.7,101
Luxembourg,LUX,2021-11-21,86.9,89
Luxembourg,LUX,2021-11-28,92.7,100
Luxembourg,LUX,2021-12-05,81.9,105
Luxembourg,LUX,2021-12-12,86.3,90
Luxembourg,LUX,2021-12-19,90.5,89
Luxembourg,LUX,2021-12-26,91.5,109
Luxembourg,LUX,2022-01-02,91.9,122
Luxembourg,LUX,2022-01-09,96.5,98
Luxembourg,LUX,2022-01-16,104.3,89
Luxembourg,LUX,2022-01-23,97.1,82
Luxembourg,LUX,2022-01-30,98.9,93
Luxembourg,LUX,2022-02-06,106.9,90
Luxembourg,LUX,2022-02-13,106.7,96
Luxembourg,LUX,2022-02-20,106.9,98
Luxembourg,LUX,2022-02-27,100.1,109
Luxembourg,LUX,2022-03-06,97.3,91
Luxembourg,LUX,2022-03-13,111.7,89
Luxembourg,LUX,2022-03-20,91.3,84
Luxembourg,LUX,2022-03-27,95.7,84
Luxembourg,LUX,2022-04-03,95.9,91
Luxembourg,LUX,2022-04-10,93.3,92
Luxembourg,LUX,2022-04-17,81.3,86
Luxembourg,LUX,2022-04-24,88.7,97
Luxembourg,LUX,2022-05-01,83.9,94
Luxembourg,LUX,2022-05-08,81.5,73
Luxembourg,LUX,2022-05-15,80.1,79
Luxembourg,LUX,2022-05-22,81.1,77
Luxembourg,LUX,2022-05-29,86.1,63
Luxembourg,LUX,2022-06-05,78.9,95
Luxembourg,LUX,2022-06-12,83.5,72
Luxembourg,LUX,2022-06-19,84.3,87
Luxembourg,LUX,2022-06-26,76.3,73
Luxembourg,LUX,2022-07-03,78.5,60
Luxembourg,LUX,2022-07-10,84.9,85
Luxembourg,LUX,2022-07-17,90.1,85
Luxembourg,LUX,2022-07-24,81.9,80
Luxembourg,LUX,2022-07-31,84.5,94
Luxembourg,LUX,2022-08-07,84.7,87
Luxembourg,LUX,2022-08-14,84.3,85
Luxembourg,LUX,2022-08-21,83.7,89
Luxembourg,LUX,2022-08-28,76.9,67
Luxembourg,LUX,2022-09-04,85.7,68
Luxembourg,LUX,2022-09-11,85.7,74
Luxembourg,LUX,2022-09-18,83.5,81
Luxembourg,LUX,2022-09-25,77.1,72
Luxembourg,LUX,2022-10-02,90.5,83
Luxembourg,LUX,2022-10-09,86.9,85
Luxembourg,LUX,2022-10-16,94.5,93
Luxembourg,LUX,2022-10-23,84.5,90
Luxembourg,LUX,2022-10-30,84.1,77
Luxembourg,LUX,2022-11-06,94.9,84
Luxembourg,LUX,2022-11-13,92.7,81
Luxembourg,LUX,2022-11-20,88.9,81
Luxembourg,LUX,2022-11-27,94.7,92
Luxembourg,LUX,2022-12-04,83.9,96
Luxembourg,LUX,2022-12-11,88.3,86
Luxembourg,LUX,2022-12-18,92.5,76
Luxembourg,LUX,2022-12-25,93.5,92
Luxembourg,LUX,2023-01-01,93.9,118
Luxembourg,LUX,2023-01-08,98.4,136
Luxembourg,LUX,2023-01-15,106.2,103
Luxembourg,LUX,2023-01-22,99,89
Luxembourg,LUX,2023-01-29,100.8,91
Luxembourg,LUX,2023-02-05,108.8,75
Luxembourg,LUX,2023-02-12,108.6,91
Luxembourg,LUX,2023-02-19,108.8,82
Luxembourg,LUX,2023-02-26,102,81
Luxembourg,LUX,2023-03-05,99.2,80
Luxembourg,LUX,2023-03-12,113.6,85
Luxembourg,LUX,2023-03-19,93.2,96
Luxembourg,LUX,2023-03-26,97.6,73
Luxembourg,LUX,2023-04-02,97.8,89
Luxembourg,LUX,2023-04-09,95.2,91
Luxembourg,LUX,2023-04-16,83.2,86
Luxembourg,LUX,2023-04-23,90.6,92
Luxembourg,LUX,2023-04-30,85.8,72
Luxembourg,LUX,2023-05-07,83.4,101
Luxembourg,LUX,2023-05-14,82,94
Luxembourg,LUX,2023-05-21,83,82
Luxembourg,LUX,2023-05-28,88,73
Luxembourg,LUX,2023-06-04,80.8,74
Luxembourg,LUX,2023-06-11,85.4,71
Luxembourg,LUX,2023-06-18,86.2,75
Luxembourg,LUX,2023-06-25,78.2,76
Luxembourg,LUX,2023-07-02,80.4,67
Luxembourg,LUX,2023-07-09,86.8,74
Luxembourg,LUX,2023-07-16,92,60
Luxembourg,LUX,2023-07-23,83.8,72
Luxembourg,LUX,2023-07-30,86.4,84
Luxembourg,LUX,2023-08-06,86.6,79
Luxembourg,LUX,2023-08-13,86.2,71
Luxembourg,LUX,2023-08-20,85.6,84
Luxembourg,LUX,2023-08-27,78.8,80
Luxembourg,LUX,2023-09-03,87.6,77
Luxembourg,LUX,2023-09-10,87.6,78
Luxembourg,LUX,2023-09-17,85.4,87
Luxembourg,LUX,2023-09-24,79,63
Luxembourg,LUX,2023-10-01,92.4,95
Luxembourg,LUX,2023-10-08,88.8,85
Luxembourg,LUX,2023-10-15,96.4,99
Luxembourg,LUX,2023-10-22,86.4,90
Luxembourg,LUX,2023-10-29,86,81
Luxembourg,LUX,2023-11-05,96.8,100
Luxembourg,LUX,2023-11-12,94.6,101
Luxembourg,LUX,2023-11-19,90.8,92
Luxembourg,LUX,2023-11-26,96.6,76
Luxembourg,LUX,2023-12-03,85.8,87
Luxembourg,LUX,2023-12-10,90.2,96
Luxembourg,LUX,2023-12-17,94.4,96
Luxembourg,LUX,2023-12-24,95.4,95
Luxembourg,LUX,2023-12-31,95.8,86
Macao,MAC,2020-01-31,218.1,201
Macao,MAC,2020-02-29,184.3,187
Macao,MAC,2020-03-31,195.7,167
Macao,MAC,2020-04-30,182.9,189
Macao,MAC,2020-05-31,182.3,165
Macao,MAC,2020-06-30,181.9,178
Macao,MAC,2020-07-31,193.1,187
Macao,MAC,2020-08-31,188.1,206
Macao,MAC,2020-09-30,171.5,184
Macao,MAC,2020-10-31,174.9,184
Macao,MAC,2020-11-30,177.3,192
Macao,MAC,2020-12-31,208.1,190
Macao,MAC,2021-01-31,221.3,212
Macao,MAC,2021-02-28,187.5,193
Macao,MAC,2021-03-31,198.9,188
Macao,MAC,2021-04-30,186.1,187
Macao,MAC,2021-05-31,185.5,181
Macao,MAC,2021-06-30,185.1,194
Macao,MAC,2021-07-31,196.3,178
Macao,MAC,2021-08-31,191.3,201
Macao,MAC,2021-09-30,174.7,178
Macao,MAC,2021-10-31,178.1,196
Macao,MAC,2021-11-30,180.5,181
Macao,MAC,2021-12-31,211.3,231
Macao,MAC,2022-01-31,224.5,206
Macao,MAC,2022-02-28,190.7,191
Macao,MAC,2022-03-31,202.1,218
Macao,MAC,2022-04-30,189.3,210
Macao,MAC,2022-05-31,188.7,203
Macao,MAC,2022-06-30,188.3,228
Macao,MAC,2022-07-31,199.5,205
Macao,MAC,2022-08-31,194.5,202
Macao,MAC,2022-09-30,177.9,163
Macao,MAC,2022-10-31,181.3,190
Macao,MAC,2022-11-30,183.7,203
Macao,MAC,2022-12-31,214.5,785
Macao,MAC,2023-01-31,227.6,818
Macao,MAC,2023-02-28,193.8,199
Macao,MAC,2023-03-31,205.2,208
Macao,MAC,2023-04-30,192.4,203
Macao,MAC,2023-05-31,191.8,211
Macao,MAC,2023-06-30,191.4,197
Macao,MAC,2023-07-31,202.6,177
Macao,MAC,2023-08-31,197.6,177
Macao,MAC,2023-09-30,181,197
Macao,MAC,2023-10-31,184.4,183
Macao,MAC,2023-11-30,186.8,193
Macao,MAC,2023-12-31,217.6,218
Malaysia,MYS,2020-01-31,15447.5,16028
Malaysia,MYS,2020-02-29,14331.5,13827
Malaysia,MYS,2020-03-31,15593.7,14676
Malaysia,MYS,2020-04-30,14791.9,13038
Malaysia,MYS,2020-05-31,15222.9,13886
Malaysia,MYS,2020-06-30,14868.5,13317
Malaysia,MYS,2020-07-31,15424.3,13659
Malaysia,MYS,2020-08-31,15023.7,13950
Malaysia,MYS,2020-09-30,14266.9,13249
Malaysia,MYS,2020-10-31,14820.9,13880
Malaysia,MYS,2020-11-30,14685.9,12846
Malaysia,MYS,2020-12-31,15633.1,14151
Malaysia,MYS,2021-01-31,15828.8,16184
Malaysia,MYS,2021-02-28,14712.8,14332
Malaysia,MYS,2021-03-31,15975,15391
Malaysia,MYS,2021-04-30,15173.2,14895
Malaysia,MYS,2021-05-31,15604.2,18089
Malaysia,MYS,2021-06-30,15249.8,17756
Malaysia,MYS,2021-07-31,15805.6,24520
Malaysia,MYS,2021-08-31,15405,26799
Malaysia,MYS,2021-09-30,14648.2,22287
Malaysia,MYS,2021-10-31,15202.2,19439
Malaysia,MYS,2021-11-30,15067.2,17165
Malaysia,MYS,2021-12-31,16014.4,17712
Malaysia,MYS,2022-01-31,16210,16799
Malaysia,MYS,2022-02-28,15094,15934
Malaysia,MYS,2022-03-31,16356.2,21611
Malaysia,MYS,2022-04-30,15554.4,16577
Malaysia,MYS,2022-05-31,15985.4,17013
Malaysia,MYS,2022-06-30,15631,16376
Malaysia,MYS,2022-07-31,16186.8,19112
Malaysia,MYS,2022-08-31,15786.2,16380
Malaysia,MYS,2022-09-30,15029.4,16349
Malaysia,MYS,2022-10-31,15583.4,16405
Malaysia,MYS,2022-11-30,15448.4,16684
Malaysia,MYS,2022-12-31,16395.6,17285
Malaysia,MYS,2023-01-31,16591.3,16767
Malaysia,MYS,2023-02-28,15475.3,15324
Malaysia,MYS,2023-03-31,16737.5,16602
Malaysia,MYS,2023-04-30,15935.7,16752
Malaysia,MYS,2023-05-31,16366.7,18206
Malaysia,MYS,2023-06-30,16012.3,16276
Malaysia,MYS,2023-07-31,16568.1,16742
Malaysia,MYS,2023-08-31,16167.5,16389
Malaysia,MYS,2023-09-30,15410.7,14307
Malaysia,MYS,2023-10-31,15964.7,15891
Malaysia,MYS,2023-11-30,15829.7,15969
Malaysia,MYS,2023-12-31,16776.9,17473
Maldives,MDV,2020-01-31,102.7,114
Maldives,MDV,2020-02-29,93.7,96
Maldives,MDV,2020-03-31,112.9,109
Maldives,MDV,2020-04-30,96.5,91
Maldives,MDV,2020-05-31,92.7,109
Maldives,MDV,2020-06-30,86.9,91
Maldives,MDV,2020-07-31,87.1,115
Maldives,MDV,2020-08-31,88.1,129
Maldives,MDV,2020-09-30,84.7,112
Maldives,MDV,2020-10-31,90.1,103
Maldives,MDV,2020-11-30,86.5,110
Maldives,MDV,2020-12-31,92.5,96
Maldives,MDV,2021-01-31,101.1,98
Maldives,MDV,2021-02-28,92.1,102
Maldives,MDV,2021-03-31,111.3,104
Maldives,MDV,2021-04-30,94.9,129
Maldives,MDV,2021-05-31,91.1,186
Maldives,MDV,2021-06-30,85.3,178
Maldives,MDV,2021-07-31,85.5,115
Maldives,MDV,2021-08-31,86.5,106
Maldives,MDV,2021-09-30,83.1,114
Maldives,MDV,2021-10-31,88.5,149
Maldives,MDV,2021-11-30,84.9,116
Maldives,MDV,2021-12-31,90.9,116
Maldives,MDV,2022-01-31,99.6,
Maldives,MDV,2022-02-28,90.6,
Maldives,MDV,2022-03-31,109.8,
Maldives,MDV,2022-04-30,93.4,
Maldives,MDV,2022-05-31,89.6,
Maldives,MDV,2022-06-30,83.8,
Maldives,MDV,2022-07-31,84,
Maldives,MDV,2022-08-31,85,
Maldives,MDV,2022-09-30,81.6,
Maldives,MDV,2022-10-31,87,
Maldives,MDV,2022-11-30,83.4,
Maldives,MDV,2022-12-31,89.4,
Maldives,MDV,2023-01-31,98,
Maldives,MDV,2023-02-28,89,
Maldives,MDV,2023-03-31,108.2,
Maldives,MDV,2023-04-30,91.8,
Maldives,MDV,2023-05-31,88,
Maldives,MDV,2023-06-30,82.2,
Maldives,MDV,2023-07-31,82.4,
Maldives,MDV,2023-08-31,83.4,
Maldives,MDV,2023-09-30,80,
Maldives,MDV,2023-10-31,85.4,
Maldives,MDV,2023-11-30,81.8,
Maldives,MDV,2023-12-31,87.8,
Malta,MLT,2020-01-05,101.2,73
Malta,MLT,2020-01-12,89.2,93
Malta,MLT,2020-01-19,103.8,107
Malta,MLT,2020-01-26,92.4,88
Malta,MLT,2020-02-02,91,77
Malta,MLT,2020-02-09,92.2,90
Malta,MLT,2020-02-16,87,72
Malta,MLT,2020-02-23,93.2,74
Malta,MLT,2020-03-01,86.6,69
Malta,MLT,2020-03-08,84.2,70
Malta,MLT,2020-03-15,77.8,90
Malta,MLT,2020-03-22,81.2,105
Malta,MLT,2020-03-29,72.6,81
Malta,MLT,2020-04-05,76.8,75
Malta,MLT,2020-04-12,71.6,79
Malta,MLT,2020-04-19,72,93
Malta,MLT,2020-04-26,65.8,57
Malta,MLT,2020-05-03,71.2,75
Malta,MLT,2020-05-10,70.2,72
Malta,MLT,2020-05-17,65.4,71
Malta,MLT,2020-05-24,66.2,53
Malta,MLT,2020-05-31,70.6,68
Malta,MLT,2020-06-07,62.8,65
Malta,MLT,2020-06-14,69.2,58
Malta,MLT,2020-06-21,60.8,62
Malta,MLT,2020-06-28,63.8,49
Malta,MLT,2020-07-05,64.4,71
Malta,MLT,2020-07-12,65.2,66
Malta,MLT,2020-07-19,59.2,66
Malta,MLT,2020-07-26,67.2,62
Malta,MLT,2020-08-02,68,70
Malta,MLT,2020-08-09,68,71
Malta,MLT,2020-08-16,63,80
Malta,MLT,2020-08-23,61.2,83
Malta,MLT,2020-08-30,65,73
Malta,MLT,2020-09-06,66.8,71
Malta,MLT,2020-09-13,65.6,64
Malta,MLT,2020-09-20,58.8,64
Malta,MLT,2020-09-27,60.2,80
Malta,MLT,2020-10-04,61.6,84
Malta,MLT,2020-10-11,65.8,71
Malta,MLT,2020-10-18,68.6,62
Malta,MLT,2020-10-25,65.2,67
Malta,MLT,2020-11-01,65.4,90
Malta,MLT,2020-11-08,63.2,86
Malta,MLT,2020-11-15,72.2,97
Malta,MLT,2020-11-22,69.4,90
Malta,MLT,2020-11-29,73.8,93
Malta,MLT,2020-12-06,73,108
Malta,MLT,2020-12-13,75,102
Malta,MLT,2020-12-20,74.8,111
Malta,MLT,2020-12-27,91.2,114
Malta,MLT,2021-01-03,91.2,90
Malta,MLT,2021-01-10,102.9,93
Malta,MLT,2021-01-17,90.9,85
Malta,MLT,2021-01-24,105.5,118
Malta,MLT,2021-01-31,94.1,93
Malta,MLT,2021-02-07,92.7,90
Malta,MLT,2021-02-14,93.9,94
Malta,MLT,2021-02-21,88.7,110
Malta,MLT,2021-02-28,94.9,109
Malta,MLT,2021-03-07,88.3,108
Malta,MLT,2021-03-14,85.9,105
Malta,MLT,2021-03-21,79.5,94
Malta,MLT,2021-03-28,82.9,86
Malta,MLT,2021-04-04,74.3,77
Malta,MLT,2021-04-11,78.5,66
Malta,MLT,2021-04-18,73.3,70
Malta,MLT,2021-04-25,73.7,65
Malta,MLT,2021-05-02,67.5,59
Malta,MLT,2021-05-09,72.9,70
Malta,MLT,2021-05-16,71.9,77
Malta,MLT,2021-05-23,67.1,75
Malta,MLT,2021-05-30,67.9,78
Malta,MLT,2021-06-06,72.3,53
Malta,MLT,2021-06-13,64.5,59
Malta,MLT,2021-06-20,70.9,69
Malta,MLT,2021-06-27,62.5,57
Malta,MLT,2021-07-04,65.5,94
Malta,MLT,2021-07-11,66.1,68
Malta,MLT,2021-07-18,66.9,79
Malta,MLT,2021-07-25,60.9,64
Malta,MLT,2021-08-01,68.9,62
Malta,MLT,2021-08-08,69.7,97
Malta,MLT,2021-08-15,69.7,97
Malta,MLT,2021-08-22,64.7,74
Malta,MLT,2021-08-29,62.9,77
Malta,MLT,2021-09-05,66.7,70
Malta,MLT,2021-09-12,68.5,72
Malta,MLT,2021-09-19,67.3,73
Malta,MLT,2021-09-26,60.5,50
Malta,MLT,2021-10-03,61.9,85
Malta,MLT,2021-10-10,63.3,66
Malta,MLT,2021-10-17,67.5,54
Malta,MLT,2021-10-24,70.3,87
Malta,MLT,2021-10-31,66.9,57
Malta,MLT,2021-11-07,67.1,72
Malta,MLT,2021-11-14,64.9,64
Malta,MLT,2021-11-21,73.9,82
Malta,MLT,2021-11-28,71.1,82
Malta,MLT,2021-12-05,75.5,80
Malta,MLT,2021-12-12,74.7,77
Malta,MLT,2021-12-19,76.7,88
Malta,MLT,2021-12-26,76.5,109
Malta,MLT,2022-01-02,92.9,100
Malta,MLT,2022-01-09,104.5,97
Malta,MLT,2022-01-16,92.5,93
Malta,MLT,2022-01-23,107.1,124
Malta,MLT,2022-01-30,95.7,121
Malta,MLT,2022-02-06,94.3,112
Malta,MLT,2022-02-13,95.5,115
Malta,MLT,2022-02-20,90.3,103
Malta,MLT,2022-02-27,96.5,82
Malta,MLT,2022-03-06,89.9,104
Malta,MLT,2022-03-13,87.5,100
Malta,MLT,2022-03-20,81.1,84
Malta,MLT,2022-03-27,84.5,80
Malta,MLT,2022-04-03,75.9,81
Malta,MLT,2022-04-10,80.1,106
Malta,MLT,2022-04-17,74.9,77
Malta,MLT,2022-04-24,75.3,85
Malta,MLT,2022-05-01,69.1,87
Malta,MLT,2022-05-08,74.5,73
Malta,MLT,2022-05-15,73.5,72
Malta,MLT,2022-05-22,68.7,71
Malta,MLT,2022-05-29,69.5,56
Malta,MLT,2022-06-05,73.9,63
Malta,MLT,2022-06-12,66.1,79
Malta,MLT,2022-06-19,72.5,80
Malta,MLT,2022-06-26,64.1,68
Malta,MLT,2022-07-03,67.1,61
Malta,MLT,2022-07-10,67.7,88
Malta,MLT,2022-07-17,68.5,76
Malta,MLT,2022-07-24,62.5,83
Malta,MLT,2022-07-31,70.5,67
Malta,MLT,2022-08-07,71.3,67
Malta,MLT,2022-08-14,71.3,79
Malta,MLT,2022-08-21,66.3,64
Malta,MLT,2022-08-28,64.5,55
Malta,MLT,2022-09-04,68.3,67
Malta,MLT,2022-09-11,70.1,75
Malta,MLT,2022-09-18,68.9,77
Malta,MLT,2022-09-25,62.1,56
Malta,MLT,2022-10-02,63.5,66
Malta,MLT,2022-10-09,64.9,75
Malta,MLT,2022-10-16,69.1,70
Malta,MLT,2022-10-23,71.9,83
Malta,MLT,2022-10-30,68.5,73
Malta,MLT,2022-11-06,68.7,80
Malta,MLT,2022-11-13,66.5,76
Malta,MLT,2022-11-20,75.5,77
Malta,MLT,2022-11-27,72.7,81
Malta,MLT,2022-12-04,77.1,66
Malta,MLT,2022-12-11,76.3,81
Malta,MLT,2022-12-18,78.3,79
Malta,MLT,2022-12-25,78.1,99
Malta,MLT,2023-01-01,94.5,86
Malta,MLT,2023-01-08,106.2,100
Malta,MLT,2023-01-15,94.2,96
Malta,MLT,2023-01-22,108.8,84
Malta,MLT,2023-01-29,97.4,116
Malta,MLT,2023-02-05,96,90
Malta,MLT,2023-02-12,97.2,87
Malta,MLT,2023-02-19,92,82
Malta,MLT,2023-02-26,98.2,91
Malta,MLT,2023-03-05,91.6,90
Malta,MLT,2023-03-12,89.2,91
Malta,MLT,2023-03-19,82.8,93
Malta,MLT,2023-03-26,86.2,68
Malta,MLT,2023-04-02,77.6,69
Malta,MLT,2023-04-09,81.8,80
Malta,MLT,2023-04-16,76.6,66
Malta,MLT,2023-04-23,77,75
Malta,MLT,2023-04-30,70.8,75
Malta,MLT,2023-05-07,76.2,80
Malta,MLT,2023-05-14,75.2,80
Malta,MLT,2023-05-21,70.4,67
Malta,MLT,2023-05-28,71.2,58
Malta,MLT,2023-06-04,75.6,67
Malta,MLT,2023-06-11,67.8,75
Malta,MLT,2023-06-18,74.2,61
Malta,MLT,2023-06-25,65.8,79
Malta,MLT,2023-07-02,68.8,61
Malta,MLT,2023-07-09,69.4,77
Malta,MLT,2023-07-16,70.2,84
Malta,MLT,2023-07-23,64.2,90
Malta,MLT,2023-07-30,72.2,133
Malta,MLT,2023-08-06,73,72
Malta,MLT,2023-08-13,73,72
Malta,MLT,2023-08-20,68,73
Malta,MLT,2023-08-27,66.2,73
Malta,MLT,2023-09-03,70,70
Malta,MLT,2023-09-10,71.8,70
Malta,MLT,2023-09-17,70.6,75
Malta,MLT,2023-09-24,63.8,63
Malta,MLT,2023-10-01,65.2,51
Malta,MLT,2023-10-08,66.6,64
Malta,MLT,2023-10-15,70.8,83
Malta,MLT,2023-10-22,73.6,61
Malta,MLT,2023-10-29,70.2,74
Malta,MLT,2023-11-05,70.4,58
Malta,MLT,2023-11-12,68.2,73
Malta,MLT,2023-11-19,77.2,62
Malta,MLT,2023-11-26,74.4,66
Malta,MLT,2023-12-03,78.8,64
Malta,MLT,2023-12-10,78,71
Malta,MLT,2023-12-17,80,84
Malta,MLT,2023-12-24,79.8,85
Malta,MLT,2023-12-31,96.2,93
Martinique,MTQ,2020-01-05,66.9,51
Martinique,MTQ,2020-01-12,74.5,66
Martinique,MTQ,2020-01-19,72.5,70
Martinique,MTQ,2020-01-26,67.3,50
Martinique,MTQ,2020-02-02,67.9,72
Martinique,MTQ,2020-02-09,69.9,69
Martinique,MTQ,2020-02-16,72.7,59
Martinique,MTQ,2020-02-23,72.3,69
Martinique,MTQ,2020-03-01,75.5,56
Martinique,MTQ,2020-03-08,70.1,77
Martinique,MTQ,2020-03-15,70.7,62
Martinique,MTQ,2020-03-22,73.1,73
Martinique,MTQ,2020-03-29,67.7,66
Martinique,MTQ,2020-04-05,67.7,79
Martinique,MTQ,2020-04-12,64.1,72
Martinique,MTQ,2020-04-19,62.9,66
Martinique,MTQ,2020-04-26,70.7,60
Martinique,MTQ,2020-05-03,65.1,64
Martinique,MTQ,2020-05-10,63.3,79
Martinique,MTQ,2020-05-17,66.3,67
Martinique,MTQ,2020-05-24,71.3,61
Martinique,MTQ,2020-05-31,66.7,72
Martinique,MTQ,2020-06-07,71.5,51
Martinique,MTQ,2020-06-14,71.7,71
Martinique,MTQ,2020-06-21,64.7,79
Martinique,MTQ,2020-06-28,68.1,62
Martinique,MTQ,2020-07-05,74.1,66
Martinique,MTQ,2020-07-12,69.1,68
Martinique,MTQ,2020-07-19,69.9,65
Martinique,MTQ,2020-07-26,68.9,62
Martinique,MTQ,2020-08-02,71.1,65
Martinique,MTQ,2020-08-09,67.9,60
Martinique,MTQ,2020-08-16,71.3,75
Martinique,MTQ,2020-08-23,74.3,74
Martinique,MTQ,2020-08-30,64.3,68
Martinique,MTQ,2020-09-06,76.3,74
Martinique,MTQ,2020-09-13,66.1,93
Martinique,MTQ,2020-09-20,67.9,103
Martinique,MTQ,2020-09-27,62.9,82
Martinique,MTQ,2020-10-04,70.5,77
Martinique,MTQ,2020-10-11,63.3,74
Martinique,MTQ,2020-10-18,66.9,70
Martinique,MTQ,2020-10-25,63.3,67
Martinique,MTQ,2020-11-01,61.7,67
Martinique,MTQ,2020-11-08,65.5,66
Martinique,MTQ,2020-11-15,63.5,85
Martinique,MTQ,2020-11-22,62.5,68
Martinique,MTQ,2020-11-29,66.9,66
Martinique,MTQ,2020-12-06,67.5,59
Martinique,MTQ,2020-12-13,66.9,70
Martinique,MTQ,2020-12-20,74.7,60
Martinique,MTQ,2020-12-27,75.5,68
Martinique,MTQ,2021-01-03,75.5,59
Martinique,MTQ,2021-01-10,68.8,74
Martinique,MTQ,2021-01-17,76.4,71
Martinique,MTQ,2021-01-24,74.4,65
Martinique,MTQ,2021-01-31,69.2,60
Martinique,MTQ,2021-02-07,69.8,70
Martinique,MTQ,2021-02-14,71.8,56
Martinique,MTQ,2021-02-21,74.6,69
Martinique,MTQ,2021-02-28,74.2,63
Martinique,MTQ,2021-03-07,77.4,62
Martinique,MTQ,2021-03-14,72,75
Martinique,MTQ,2021-03-21,72.6,69
Martinique,MTQ,2021-03-28,75,66
Martinique,MTQ,2021-04-04,69.6,67
Martinique,MTQ,2021-04-11,69.6,74
Martinique,MTQ,2021-04-18,66,61
Martinique,MTQ,2021-04-25,64.8,70
Martinique,MTQ,2021-05-02,72.6,70
Martinique,MTQ,2021-05-09,67,75
Martinique,MTQ,2021-05-16,65.2,51
Martinique,MTQ,2021-05-23,68.2,65
Martinique,MTQ,2021-05-30,73.2,86
Martinique,MTQ,2021-06-06,68.6,80
Martinique,MTQ,2021-06-13,73.4,75
Martinique,MTQ,2021-06-20,73.6,74
Martinique,MTQ,2021-06-27,66.6,84
Martinique,MTQ,2021-07-04,70,64
Martinique,MTQ,2021-07-11,76,82
Martinique,MTQ,2021-07-18,71,74
Martinique,MTQ,2021-07-25,71.8,84
Martinique,MTQ,2021-08-01,70.8,120
Martinique,MTQ,2021-08-08,73,181
Martinique,MTQ,2021-08-15,69.8,206
Martinique,MTQ,2021-08-22,73.2,219
Martinique,MTQ,2021-08-29,76.2,183
Martinique,MTQ,2021-09-05,66.2,182
Martinique,MTQ,2021-09-12,78.2,157
Martinique,MTQ,2021-09-19,68,107
Martinique,MTQ,2021-09-26,69.8,111
Martinique,MTQ,2021-10-03,64.8,88
Martinique,MTQ,2021-10-10,72.4,88
Martinique,MTQ,2021-10-17,65.2,95
Martinique,MTQ,2021-10-24,68.8,81
Martinique,MTQ,2021-10-31,65.2,80
Martinique,MTQ,2021-11-07,63.6,67
Martinique,MTQ,2021-11-14,67.4,75
Martinique,MTQ,2021-11-21,65.4,65
Martinique,MTQ,2021-11-28,64.4,89
Martinique,MTQ,2021-12-05,68.8,78
Martinique,MTQ,2021-12-12,69.4,81
Martinique,MTQ,2021-12-19,68.8,65
Martinique,MTQ,2021-12-26,76.6,93
Martinique,MTQ,2022-01-02,77.4,66
Martinique,MTQ,2022-01-09,70.7,84
Martinique,MTQ,2022-01-16,78.3,99
Martinique,MTQ,2022-01-23,76.3,96
Martinique,MTQ,2022-01-30,71.1,85
Martinique,MTQ,2022-02-06,71.7,101
Martinique,MTQ,2022-02-13,73.7,93
Martinique,MTQ,2022-02-20,76.5,86
Martinique,MTQ,2022-02-27,76.1,87
Martinique,MTQ,2022-03-06,79.3,96
Martinique,MTQ,2022-03-13,73.9,82
Martinique,MTQ,2022-03-20,74.5,81
Martinique,MTQ,2022-03-27,76.9,79
Martinique,MTQ,2022-04-03,71.5,71
Martinique,MTQ,2022-04-10,71.5,74
Martinique,MTQ,2022-04-17,67.9,57
Martinique,MTQ,2022-04-24,66.7,70
Martinique,MTQ,2022-05-01,74.5,71
Martinique,MTQ,2022-05-08,68.9,65
Martinique,MTQ,2022-05-15,67.1,85
Martinique,MTQ,2022-05-22,70.1,85
Martinique,MTQ,2022-05-29,75.1,95
Martinique,MTQ,2022-06-05,70.5,97
Martinique,MTQ,2022-06-12,75.3,98
Martinique,MTQ,2022-06-19,75.5,101
Martinique,MTQ,2022-06-26,68.5,99
Martinique,MTQ,2022-07-03,71.9,100
Martinique,MTQ,2022-07-10,77.9,95
Martinique,MTQ,2022-07-17,72.9,78
Martinique,MTQ,2022-07-24,73.7,52
Martinique,MTQ,2022-07-31,72.7,73
Martinique,MTQ,2022-08-07,74.9,83
Martinique,MTQ,2022-08-14,71.7,94
Martinique,MTQ,2022-08-21,75.1,66
Martinique,MTQ,2022-08-28,78.1,72
Martinique,MTQ,2022-09-04,68.1,83
Martinique,MTQ,2022-09-11,80.1,84
Martinique,MTQ,2022-09-18,69.9,86
Martinique,MTQ,2022-09-25,71.7,82
Martinique,MTQ,2022-10-02,66.7,69
Martinique,MTQ,2022-10-09,74.3,61
Martinique,MTQ,2022-10-16,67.1,69
Martinique,MTQ,2022-10-23,70.7,81
Martinique,MTQ,2022-10-30,67.1,69
Martinique,MTQ,2022-11-06,65.5,76
Martinique,MTQ,2022-11-13,69.3,89
Martinique,MTQ,2022-11-20,67.3,57
Martinique,MTQ,2022-11-27,66.3,78
Martinique,MTQ,2022-12-04,70.7,60
Martinique,MTQ,2022-12-11,71.3,70
Martinique,MTQ,2022-12-18,70.7,76
Martinique,MTQ,2022-12-25,78.5,73
Martinique,MTQ,2023-01-01,79.3,80
Martinique,MTQ,2023-01-08,72.6,77
Martinique,MTQ,2023-01-15,80.2,62
Martinique,MTQ,2023-01-22,78.2,74
Martinique,MTQ,2023-01-29,73,75
Martinique,MTQ,2023-02-05,73.6,55
Martinique,MTQ,2023-02-12,75.6,55
Martinique,MTQ,2023-02-19,78.4,68
Martinique,MTQ,2023-02-26,78,57
Martinique,MTQ,2023-03-05,81.2,76
Martinique,MTQ,2023-03-12,75.8,72
Martinique,MTQ,2023-03-19,76.4,72
Martinique,MTQ,2023-03-26,78.8,64
Martinique,MTQ,2023-04-02,73.4,60
Martinique,MTQ,2023-04-09,73.4,77
Martinique,MTQ,2023-04-16,69.8,68
Martinique,MTQ,2023-04-23,68.6,77
Martinique,MTQ,2023-04-30,76.4,80
Martinique,MTQ,2023-05-07,70.8,59
Martinique,MTQ,2023-05-14,69,84
Martinique,MTQ,2023-05-21,72,78
Martinique,MTQ,2023-05-28,77,62
Martinique,MTQ,2023-06-04,72.4,83
Martinique,MTQ,2023-06-11,77.2,76
Martinique,MTQ,2023-06-18,77.4,86
Martinique,MTQ,2023-06-25,70.4,68
Martinique,MTQ,2023-07-02,73.8,70
Martinique,MTQ,2023-07-09,79.8,63
Martinique,MTQ,2023-07-16,74.8,69
Martinique,MTQ,2023-07-23,75.6,71
Martinique,MTQ,2023-07-30,74.6,83
Martinique,MTQ,2023-08-06,76.8,84
Martinique,MTQ,2023-08-13,73.6,102
Martinique,MTQ,2023-08-20,77,77
Martinique,MTQ,2023-08-27,80,112
Martinique,MTQ,2023-09-03,70,99
Martinique,MTQ,2023-09-10,82,89
Martinique,MTQ,2023-09-17,71.8,88
Martinique,MTQ,2023-09-24,73.6,82
Martinique,MTQ,2023-10-01,68.6,85
Martinique,MTQ,2023-10-08,76.2,71
Martinique,MTQ,2023-10-15,69,72
Martinique,MTQ,2023-10-22,72.6,61
Martinique,MTQ,2023-10-29,69,75
Martinique,MTQ,2023-11-05,67.4,81
Martinique,MTQ,2023-11-12,71.2,65
Martinique,MTQ,2023-11-19,69.2,58
Martinique,MTQ,2023-11-26,68.2,69
Martinique,MTQ,2023-12-03,72.6,53
Martinique,MTQ,2023-12-10,73.2,64
Martinique,MTQ,2023-12-17,72.6,63
Martinique,MTQ,2023-12-24,80.4,75
Martinique,MTQ,2023-12-31,81.2,58
Mauritius,MUS,2020-01-31,989.1,965
Mauritius,MUS,2020-02-29,872.9,845
Mauritius,MUS,2020-03-31,974.3,929
Mauritius,MUS,2020-04-30,890.3,850
Mauritius,MUS,2020-05-31,930.7,893
Mauritius,MUS,2020-06-30,897.7,910
Mauritius,MUS,2020-07-31,1076.9,1006
Mauritius,MUS,2020-08-31,1017.9,1002
Mauritius,MUS,2020-09-30,993.3,906
Mauritius,MUS,2020-10-31,948.7,932
Mauritius,MUS,2020-11-30,898.7,899
Mauritius,MUS,2020-12-31,954.3,923
Mauritius,MUS,2021-01-31,1018,955
Mauritius,MUS,2021-02-28,901.8,853
Mauritius,MUS,2021-03-31,1003.2,952
Mauritius,MUS,2021-04-30,919.2,864
Mauritius,MUS,2021-05-31,959.6,888
Mauritius,MUS,2021-06-30,926.6,952
Mauritius,MUS,2021-07-31,1105.8,1012
Mauritius,MUS,2021-08-31,1046.8,1178
Mauritius,MUS,2021-09-30,1022.2,1203
Mauritius,MUS,2021-10-31,977.6,1220
Mauritius,MUS,2021-11-30,927.6,1761
Mauritius,MUS,2021-12-31,983.2,1436
Mauritius,MUS,2022-01-31,1046.9,1134
Mauritius,MUS,2022-02-28,930.7,1071
Mauritius,MUS,2022-03-31,1032.1,1306
Mauritius,MUS,2022-04-30,948.1,980
Mauritius,MUS,2022-05-31,988.5,1008
Mauritius,MUS,2022-06-30,955.5,1020
Mauritius,MUS,2022-07-31,1134.7,1252
Mauritius,MUS,2022-08-31,1075.7,1201
Mauritius,MUS,2022-09-30,1051.1,1002
Mauritius,MUS,2022-10-31,1006.5,1002
Mauritius,MUS,2022-11-30,956.5,970
Mauritius,MUS,2022-12-31,1012.1,992
Mauritius,MUS,2023-01-31,1075.7,1004
Mauritius,MUS,2023-02-28,959.5,930
Mauritius,MUS,2023-03-31,1060.9,931
Mauritius,MUS,2023-04-30,976.9,907
Mauritius,MUS,2023-05-31,1017.3,1054
Mauritius,MUS,2023-06-30,984.3,912
Mauritius,MUS,2023-07-31,1163.5,1003
Mauritius,MUS,2023-08-31,1104.5,991
Mauritius,MUS,2023-09-30,1079.9,943
Mauritius,MUS,2023-10-31,1035.3,1015
Mauritius,MUS,2023-11-30,985.3,995
Mauritius,MUS,2023-12-31,1040.9,1154
Mayotte,MYT,2020-01-05,13.8,13
Mayotte,MYT,2020-01-12,15.8,17
Mayotte,MYT,2020-01-19,14.8,16
Mayotte,MYT,2020-01-26,18.8,14
Mayotte,MYT,2020-02-02,15.4,10
Mayotte,MYT,2020-02-09,15.8,28
Mayotte,MYT,2020-02-16,16.8,14
Mayotte,MYT,2020-02-23,13.8,23
Mayotte,MYT,2020-03-01,15,22
Mayotte,MYT,2020-03-08,17.8,16
Mayotte,MYT,2020-03-15,16,20
Mayotte,MYT,2020-03-22,14.4,23
Mayotte,MYT,2020-03-29,17.8,20
Mayotte,MYT,2020-04-05,13,29
Mayotte,MYT,2020-04-12,16,23
Mayotte,MYT,2020-04-19,14,33
Mayotte,MYT,2020-04-26,15.8,12
Mayotte,MYT,2020-05-03,17.2,26
Mayotte,MYT,2020-05-10,17.2,19
Mayotte,MYT,2020-05-17,10.6,24
Mayotte,MYT,2020-05-24,15.4,20
Mayotte,MYT,2020-05-31,11.2,21
Mayotte,MYT,2020-06-07,15.8,13
Mayotte,MYT,2020-06-14,15.6,22
Mayotte,MYT,2020-06-21,13.6,9
Mayotte,MYT,2020-06-28,14,13
Mayotte,MYT,2020-07-05,14.2,17
Mayotte,MYT,2020-07-12,12.8,18
Mayotte,MYT,2020-07-19,14.2,11
Mayotte,MYT,2020-07-26,16.8,18
Mayotte,MYT,2020-08-02,16.4,20
Mayotte,MYT,2020-08-09,13.6,15
Mayotte,MYT,2020-08-16,16.2,20
Mayotte,MYT,2020-08-23,14,19
Mayotte,MYT,2020-08-30,14,14
Mayotte,MYT,2020-09-06,19.6,16
Mayotte,MYT,2020-09-13,13.4,10
Mayotte,MYT,2020-09-20,12.2,16
Mayotte,MYT,2020-09-27,11.8,23
Mayotte,MYT,2020-10-04,18,14
Mayotte,MYT,2020-10-11,11.4,10
Mayotte,MYT,2020-10-18,14.6,14
Mayotte,MYT,2020-10-25,18.4,12
Mayotte,MYT,2020-11-01,18,14
Mayotte,MYT,2020-11-08,14.2,18
Mayotte,MYT,2020-11-15,14.2,15
Mayotte,MYT,2020-11-22,16.2,21
Mayotte,MYT,2020-11-29,14.4,11
Mayotte,MYT,2020-12-06,16.8,24
Mayotte,MYT,2020-12-13,14,19
Mayotte,MYT,2020-12-20,16.8,17
Mayotte,MYT,2020-12-27,14,22
Mayotte,MYT,2021-01-03,14,14
Mayotte,MYT,2021-01-10,14.4,26
Mayotte,MYT,2021-01-17,16.4,19
Mayotte,MYT,2021-01-24,15.4,20
Mayotte,MYT,2021-01-31,19.4,23
Mayotte,MYT,2021-02-07,16,22
Mayotte,MYT,2021-02-14,16.4,49
Mayotte,MYT,2021-02-21,17.4,48
Mayotte,MYT,2021-02-28,14.4,46
Mayotte,MYT,2021-03-07,15.6,38
Mayotte,MYT,2021-03-14,18.4,34
Mayotte,MYT,2021-03-21,16.6,21
Mayotte,MYT,2021-03-28,15,20
Mayotte,MYT,2021-04-04,18.4,22
Mayotte,MYT,2021-04-11,13.6,15
Mayotte,MYT,2021-04-18,16.6,18
Mayotte,MYT,2021-04-25,14.6,18
Mayotte,MYT,2021-05-02,16.4,15
Mayotte,MYT,2021-05-09,17.8,8
Mayotte,MYT,2021-05-16,17.8,28
Mayotte,MYT,2021-05-23,11.2,13
Mayotte,MYT,2021-05-30,16,17
Mayotte,MYT,2021-06-06,11.8,21
Mayotte,MYT,2021-06-13,16.4,11
Mayotte,MYT,2021-06-20,16.2,13
Mayotte,MYT,2021-06-27,14.2,13
Mayotte,MYT,2021-07-04,14.6,16
Mayotte,MYT,2021-07-11,14.8,18
Mayotte,MYT,2021-07-18,13.4,14
Mayotte,MYT,2021-07-25,14.8,16
Mayotte,MYT,2021-08-01,17.4,16
Mayotte,MYT,2021-08-08,17,10
Mayotte,MYT,2021-08-15,14.2,18
Mayotte,MYT,2021-08-22,16.8,22
Mayotte,MYT,2021-08-29,14.6,21
Mayotte,MYT,2021-09-05,14.6,13
Mayotte,MYT,2021-09-12,20.2,21
Mayotte,MYT,2021-09-19,14,23
Mayotte,MYT,2021-09-26,12.8,22
Mayotte,MYT,2021-10-03,12.4,23
Mayotte,MYT,2021-10-10,18.6,18
Mayotte,MYT,2021-10-17,12,22
Mayotte,MYT,2021-10-24,15.2,15
Mayotte,MYT,2021-10-31,19,18
Mayotte,MYT,2021-11-07,18.6,18
Mayotte,MYT,2021-11-14,14.8,21
Mayotte,MYT,2021-11-21,14.8,18
Mayotte,MYT,2021-11-28,16.8,15
Mayotte,MYT,2021-12-05,15,15
Mayotte,MYT,2021-12-12,17.4,21
Mayotte,MYT,2021-12-19,14.6,21
Mayotte,MYT,2021-12-26,17.4,36
Mayotte,MYT,2022-01-02,14.6,29
Mayotte,MYT,2022-01-09,15,27
Mayotte,MYT,2022-01-16,17,29
Mayotte,MYT,2022-01-23,16,31
Mayotte,MYT,2022-01-30,20,23
Mayotte,MYT,2022-02-06,16.6,16
Mayotte,MYT,2022-02-13,17,13
Mayotte,MYT,2022-02-20,18,11
Mayotte,MYT,2022-02-27,15,17
Mayotte,MYT,2022-03-06,16.2,19
Mayotte,MYT,2022-03-13,19,24
Mayotte,MYT,2022-03-20,17.2,15
Mayotte,MYT,2022-03-27,15.6,19
Mayotte,MYT,2022-04-03,19,18
Mayotte,MYT,2022-04-10,14.2,15
Mayotte,MYT,2022-04-17,17.2,16
Mayotte,MYT,2022-04-24,15.2,17
Mayotte,MYT,2022-05-01,17,16
Mayotte,MYT,2022-05-08,18.4,17
Mayotte,MYT,2022-05-15,18.4,15
Mayotte,MYT,2022-05-22,11.8,18
Mayotte,MYT,2022-05-29,16.6,14
Mayotte,MYT,2022-06-05,12.4,16
Mayotte,MYT,2022-06-12,17,12
Mayotte,MYT,2022-06-19,16.8,19
Mayotte,MYT,2022-06-26,14.8,22
Mayotte,MYT,2022-07-03,15.2,15
Mayotte,MYT,2022-07-10,15.4,14
Mayotte,MYT,2022-07-17,14,18
Mayotte,MYT,2022-07-24,15.4,12
Mayotte,MYT,2022-07-31,18,12
Mayotte,MYT,2022-08-07,17.6,13
Mayotte,MYT,2022-08-14,14.8,15
Mayotte,MYT,2022-08-21,17.4,20
Mayotte,MYT,2022-08-28,15.2,17
Mayotte,MYT,2022-09-04,15.2,21
Mayotte,MYT,2022-09-11,20.8,20
Mayotte,MYT,2022-09-18,14.6,28
Mayotte,MYT,2022-09-25,13.4,25
Mayotte,MYT,2022-10-02,13,15
Mayotte,MYT,2022-10-09,19.2,16
Mayotte,MYT,2022-10-16,12.6,23
Mayotte,MYT,2022-10-23,15.8,16
Mayotte,MYT,2022-10-30,19.6,12
Mayotte,MYT,2022-11-06,19.2,14
Mayotte,MYT,2022-11-13,15.4,19
Mayotte,MYT,2022-11-20,15.4,24
Mayotte,MYT,2022-11-27,17.4,15
Mayotte,MYT,2022-12-04,15.6,12
Mayotte,MYT,2022-12-11,18,22
Mayotte,MYT,2022-12-18,15.2,22
Mayotte,MYT,2022-12-25,18,18
Mayotte,MYT,2023-01-01,15.2,18
Mayotte,MYT,2023-01-08,15.6,14
Mayotte,MYT,2023-01-15,17.6,18
Mayotte,MYT,2023-01-22,16.6,20
Mayotte,MYT,2023-01-29,20.6,14
Mayotte,MYT,2023-02-05,17.2,18
Mayotte,MYT,2023-02-12,17.6,22
Mayotte,MYT,2023-02-19,18.6,16
Mayotte,MYT,2023-02-26,15.6,14
Mayotte,MYT,2023-03-05,16.8,10
Mayotte,MYT,2023-03-12,19.6,22
Mayotte,MYT,2023-03-19,17.8,21
Mayotte,MYT,2023-03-26,16.2,15
Mayotte,MYT,2023-04-02,19.6,22
Mayotte,MYT,2023-04-09,14.8,16
Mayotte,MYT,2023-04-16,17.8,13
Mayotte,MYT,2023-04-23,15.8,25
Mayotte,MYT,2023-04-30,17.6,13
Mayotte,MYT,2023-05-07,19,16
Mayotte,MYT,2023-05-14,19,14
Mayotte,MYT,2023-05-21,12.4,11
Mayotte,MYT,2023-05-28,17.2,20
Mayotte,MYT,2023-06-04,13,18
Mayotte,MYT,2023-06-11,17.6,19
Mayotte,MYT,2023-06-18,17.4,12
Mayotte,MYT,2023-06-25,15.4,14
Mayotte,MYT,2023-07-02,15.8,13
Mayotte,MYT,2023-07-09,16,14
Mayotte,MYT,2023-07-16,14.6,18
Mayotte,MYT,2023-07-23,16,14
Mayotte,MYT,2023-07-30,18.6,12
Mayotte,MYT,2023-08-06,18.2,11
Mayotte,MYT,2023-08-13,15.4,14
Mayotte,MYT,2023-08-20,18,16
Mayotte,MYT,2023-08-27,15.8,17
Mayotte,MYT,2023-09-03,15.8,18
Mayotte,MYT,2023-09-10,21.4,24
Mayotte,MYT,2023-09-17,15.2,21
Mayotte,MYT,2023-09-24,14,17
Mayotte,MYT,2023-10-01,13.6,18
Mayotte,MYT,2023-10-08,19.8,13
Mayotte,MYT,2023-10-15,13.2,19
Mayotte,MYT,2023-10-22,16.4,15
Mayotte,MYT,2023-10-29,20.2,17
Mayotte,MYT,2023-11-05,19.8,9
Mayotte,MYT,2023-11-12,16,22
Mayotte,MYT,2023-11-19,16,17
Mayotte,MYT,2023-11-26,18,16
Mayotte,MYT,2023-12-03,16.2,23
Mayotte,MYT,2023-12-10,18.6,29
Mayotte,MYT,2023-12-17,15.8,26
Mayotte,MYT,2023-12-24,18.6,33
Mayotte,MYT,2023-12-31,15.8,24
Mexico,MEX,2020-01-05,16767,16958
Mexico,MEX,2020-01-12,16604.6,17054
Mexico,MEX,2020-01-19,16441.8,16527
Mexico,MEX,2020-01-26,16155.2,15902
Mexico,MEX,2020-02-02,16108.6,15525
Mexico,MEX,2020-02-09,16121.8,16029
Mexico,MEX,2020-02-16,15830.4,15186
Mexico,MEX,2020-02-23,15548.8,14772
Mexico,MEX,2020-03-01,15325.2,14301
Mexico,MEX,2020-03-08,14959.2,14299
Mexico,MEX,2020-03-15,14679.2,14118
Mexico,MEX,2020-03-22,14604.4,13398
Mexico,MEX,2020-03-29,14311.4,13942
Mexico,MEX,2020-04-05,14392.4,13737
Mexico,MEX,2020-04-12,14023.8,14238
Mexico,MEX,2020-04-19,13889.8,15244
Mexico,MEX,2020-04-26,14060.2,17339
Mexico,MEX,2020-05-03,13983.8,19079
Mexico,MEX,2020-05-10,13932,20880
Mexico,MEX,2020-05-17,14003.4,22581
Mexico,MEX,2020-05-24,14200.8,23508
Mexico,MEX,2020-05-31,13804.8,23452
Mexico,MEX,2020-06-07,13745.2,24494
Mexico,MEX,2020-06-14,13591,25135
Mexico,MEX,2020-06-21,13790.8,25443
Mexico,MEX,2020-06-28,13582,25169
Mexico,MEX,2020-07-05,13708.8,26160
Mexico,MEX,2020-07-12,13708,27180
Mexico,MEX,2020-07-19,13824,27162
Mexico,MEX,2020-07-26,13880.2,26404
Mexico,MEX,2020-08-02,13955.6,25351
Mexico,MEX,2020-08-09,13679.4,24155
Mexico,MEX,2020-08-16,13738.8,23015
Mexico,MEX,2020-08-23,13564.4,22055
Mexico,MEX,2020-08-30,13500.4,21159
Mexico,MEX,2020-09-06,13621.4,20504
Mexico,MEX,2020-09-13,13808,19733
Mexico,MEX,2020-09-20,13967,19113
Mexico,MEX,2020-09-27,13694.2,19199
Mexico,MEX,2020-10-04,14010.6,18785
Mexico,MEX,2020-10-11,13995.6,19164
Mexico,MEX,2020-10-18,14069.6,19212
Mexico,MEX,2020-10-25,14133.6,20018
Mexico,MEX,2020-11-01,14367.2,20698
Mexico,MEX,2020-11-08,14378,21865
Mexico,MEX,2020-11-15,14556,22089
Mexico,MEX,2020-11-22,15095.6,22669
Mexico,MEX,2020-11-29,14925.4,22905
Mexico,MEX,2020-12-06,15020.4,23890
Mexico,MEX,2020-12-13,15675.6,25674
Mexico,MEX,2020-12-20,15709.4,26873
Mexico,MEX,2020-12-27,16576.8,29989
Mexico,MEX,2021-01-03,16576.8,33169
Mexico,MEX,2021-01-10,17145.6,36896
Mexico,MEX,2021-01-17,16983.2,44109
Mexico,MEX,2021-01-24,16820.4,45318
Mexico,MEX,2021-01-31,16533.8,37251
Mexico,MEX,2021-02-07,16487.2,32443
Mexico,MEX,2021-02-14,16500.4,27377
Mexico,MEX,2021-02-21,16209,25816
Mexico,MEX,2021-02-28,15927.4,24498
Mexico,MEX,2021-03-07,15703.8,21004
Mexico,MEX,2021-03-14,15337.8,20241
Mexico,MEX,2021-03-21,15057.8,18975
Mexico,MEX,2021-03-28,14983,18225
Mexico,MEX,2021-04-04,14690,17407
Mexico,MEX,2021-04-11,14771,17797
Mexico,MEX,2021-04-18,14402.4,17398
Mexico,MEX,2021-04-25,14268.4,16418
Mexico,MEX,2021-05-02,14438.8,15945
Mexico,MEX,2021-05-09,14362.4,15569
Mexico,MEX,2021-05-16,14310.6,15205
Mexico,MEX,2021-05-23,14382,14765
Mexico,MEX,2021-05-30,14579.4,14853
Mexico,MEX,2021-06-06,14183.4,14475
Mexico,MEX,2021-06-13,14123.8,14675
Mexico,MEX,2021-06-20,13969.6,14898
Mexico,MEX,2021-06-27,14169.4,14948
Mexico,MEX,2021-07-04,13960.6,15223
Mexico,MEX,2021-07-11,14087.4,16134
Mexico,MEX,2021-07-18,14086.6,17250
Mexico,MEX,2021-07-25,14202.6,19260
Mexico,MEX,2021-08-01,14258.8,21777
Mexico,MEX,2021-08-08,14334.2,24788
Mexico,MEX,2021-08-15,14058,26958
Mexico,MEX,2021-08-22,14117.4,28630
Mexico,MEX,2021-08-29,13943,27792
Mexico,MEX,2021-09-05,13879,27428
Mexico,MEX,2021-09-12,14000,25488
Mexico,MEX,2021-09-19,14186.6,24215
Mexico,MEX,2021-09-26,14345.6,22297
Mexico,MEX,2021-10-03,14072.8,20815
Mexico,MEX,2021-10-10,14389.2,19658
Mexico,MEX,2021-10-17,14374.2,18423
Mexico,MEX,2021-10-24,14448.2,17245
Mexico,MEX,2021-10-31,14512.2,16700
Mexico,MEX,2021-11-07,14745.8,16755
Mexico,MEX,2021-11-14,14756.6,16681
Mexico,MEX,2021-11-21,14934.6,16865
Mexico,MEX,2021-11-28,15474.2,16361
Mexico,MEX,2021-12-05,15304,16595
Mexico,MEX,2021-12-12,15399,16406
Mexico,MEX,2021-12-19,16054.2,16708
Mexico,MEX,2021-12-26,16088,17278
Mexico,MEX,2022-01-02,16955.4,17875
Mexico,MEX,2022-01-09,17524.2,18378
Mexico,MEX,2022-01-16,17361.8,20392
Mexico,MEX,2022-01-23,17199,24684
Mexico,MEX,2022-01-30,16912.4,33466
Mexico,MEX,2022-02-06,16865.8,28189
Mexico,MEX,2022-02-13,16879,23865
Mexico,MEX,2022-02-20,16587.6,21140
Mexico,MEX,2022-02-27,16306,18203
Mexico,MEX,2022-03-06,16082.4,16446
Mexico,MEX,2022-03-13,15716.4,15856
Mexico,MEX,2022-03-20,15436.4,14828
Mexico,MEX,2022-03-27,15361.6,14139
Mexico,MEX,2022-04-03,15068.6,14532
Mexico,MEX,2022-04-10,15149.6,13911
Mexico,MEX,2022-04-17,14781,13983
Mexico,MEX,2022-04-24,14647,13776
Mexico,MEX,2022-05-01,14817.4,13133
Mexico,MEX,2022-05-08,14741,14189
Mexico,MEX,2022-05-15,14689.2,14327
Mexico,MEX,2022-05-22,14760.6,14272
Mexico,MEX,2022-05-29,14958,13638
Mexico,MEX,2022-06-05,14562,13560
Mexico,MEX,2022-06-12,14502.4,14191
Mexico,MEX,2022-06-19,14348.2,13919
Mexico,MEX,2022-06-26,14548,13894
Mexico,MEX,2022-07-03,14339.2,14558
Mexico,MEX,2022-07-10,14466,14735
Mexico,MEX,2022-07-17,14465.2,15741
Mexico,MEX,2022-07-24,14581.2,16081
Mexico,MEX,2022-07-31,14637.4,15636
Mexico,MEX,2022-08-07,14712.8,15742
Mexico,MEX,2022-08-14,14436.6,15111
Mexico,MEX,2022-08-21,14496,14631
Mexico,MEX,2022-08-28,14321.6,14145
Mexico,MEX,2022-09-04,14257.6,13965
Mexico,MEX,2022-09-11,14378.6,13967
Mexico,MEX,2022-09-18,14565.2,14047
Mexico,MEX,2022-09-25,14724.2,14261
Mexico,MEX,2022-10-02,14451.4,14005
Mexico,MEX,2022-10-09,14767.8,14211
Mexico,MEX,2022-10-16,14752.8,14383
Mexico,MEX,2022-10-23,14826.8,13858
Mexico,MEX,2022-10-30,14890.8,14286
Mexico,MEX,2022-11-06,15124.4,14439
Mexico,MEX,2022-11-13,15135.2,14534
Mexico,MEX,2022-11-20,15313.2,14744
Mexico,MEX,2022-11-27,15852.8,15860
Mexico,MEX,2022-12-04,15682.6,16035
Mexico,MEX,2022-12-11,15777.6,16051
Mexico,MEX,2022-12-18,16432.8,16488
Mexico,MEX,2022-12-25,16466.6,17540
Mexico,MEX,2023-01-01,17334,18918
Mexico,MEX,2023-01-08,17902.8,18245
Mexico,MEX,2023-01-15,17740.4,16868
Mexico,MEX,2023-01-22,17577.6,16727
Mexico,MEX,2023-01-29,17291,15964
Mexico,MEX,2023-02-05,17244.4,15558
Mexico,MEX,2023-02-12,17257.6,15718
Mexico,MEX,2023-02-19,16966.2,15576
Mexico,MEX,2023-02-26,16684.6,15000
Mexico,MEX,2023-03-05,16461,14787
Mexico,MEX,2023-03-12,16095,14455
Mexico,MEX,2023-03-19,15815,13887
Mexico,MEX,2023-03-26,15740.2,14550
Mexico,MEX,2023-04-02,15447.2,14314
Mexico,MEX,2023-04-09,15528.2,14421
Mexico,MEX,2023-04-16,15159.6,14058
Mexico,MEX,2023-04-23,15025.6,15539
Mexico,MEX,2023-04-30,15196,13893
Mexico,MEX,2023-05-07,15119.6,14568
Mexico,MEX,2023-05-14,15067.8,14423
Mexico,MEX,2023-05-21,15139.2,14209
Mexico,MEX,2023-05-28,15336.6,14218
Mexico,MEX,2023-06-04,14940.6,14345
Mexico,MEX,2023-06-11,14881,14243
Mexico,MEX,2023-06-18,14726.8,16593
Mexico,MEX,2023-06-25,14926.6,17101
Mexico,MEX,2023-07-02,14717.8,13973
Mexico,MEX,2023-07-09,14844.6,13849
Mexico,MEX,2023-07-16,14843.8,14189
Mexico,MEX,2023-07-23,14959.8,14407
Mexico,MEX,2023-07-30,15016,13610
Mexico,MEX,2023-08-06,15091.4,15576
Mexico,MEX,2023-08-13,14815.2,14439
Mexico,MEX,2023-08-20,14874.6,13730
Mexico,MEX,2023-08-27,14700.2,13422
Mexico,MEX,2023-09-03,14636.2,13831
Mexico,MEX,2023-09-10,14757.2,13750
Mexico,MEX,2023-09-17,14943.8,14045
Mexico,MEX,2023-09-24,15102.8,14456
Mexico,MEX,2023-10-01,14830,17340
Mexico,MEX,2023-10-08,15146.4,13430
Mexico,MEX,2023-10-15,15131.4,13296
Mexico,MEX,2023-10-22,15205.4,13524
Mexico,MEX,2023-10-29,15269.4,13908
Mexico,MEX,2023-11-05,15503,14156
Mexico,MEX,2023-11-12,15513.8,14518
Mexico,MEX,2023-11-19,15691.8,14209
Mexico,MEX,2023-11-26,16231.4,14587
Mexico,MEX,2023-12-03,16061.2,15583
Mexico,MEX,2023-12-10,16156.2,14990
Mexico,MEX,2023-12-17,16811.4,15818
Mexico,MEX,2023-12-24,16845.2,
Mexico,MEX,2023-12-31,17712.6,
Moldova,MDA,2020-01-31,3793.5,3477
Moldova,MDA,2020-02-29,3131.3,3098
Moldova,MDA,2020-03-31,3199.3,2708
Moldova,MDA,2020-04-30,2909.5,2275
Moldova,MDA,2020-05-31,3011.5,3873
Moldova,MDA,2020-06-30,2769.7,3339
Moldova,MDA,2020-07-31,2570.1,3355
Moldova,MDA,2020-08-31,2475.1,2707
Moldova,MDA,2020-09-30,2633.3,3467
Moldova,MDA,2020-10-31,2961.3,3829
Moldova,MDA,2020-11-30,3068.5,3736
Moldova,MDA,2020-12-31,3051.3,4852
Moldova,MDA,2021-01-31,3731.1,4128
Moldova,MDA,2021-02-28,3068.9,3691
Moldova,MDA,2021-03-31,3136.9,4908
Moldova,MDA,2021-04-30,2847.1,4345
Moldova,MDA,2021-05-31,2949.1,3378
Moldova,MDA,2021-06-30,2707.3,3024
Moldova,MDA,2021-07-31,2507.7,2946
Moldova,MDA,2021-08-31,2412.7,2499
Moldova,MDA,2021-09-30,2570.9,3574
Moldova,MDA,2021-10-31,2898.9,4764
Moldova,MDA,2021-11-30,3006.1,4713
Moldova,MDA,2021-12-31,2988.9,3416
Moldova,MDA,2022-01-31,3668.7,3906
Moldova,MDA,2022-02-28,3006.5,3786
Moldova,MDA,2022-03-31,3074.5,3320
Moldova,MDA,2022-04-30,2784.7,2932
Moldova,MDA,2022-05-31,2886.7,2769
Moldova,MDA,2022-06-30,2644.9,2543
Moldova,MDA,2022-07-31,2445.3,2693
Moldova,MDA,2022-08-31,2350.3,2665
Moldova,MDA,2022-09-30,2508.5,2556
Moldova,MDA,2022-10-31,2836.5,2898
Moldova,MDA,2022-11-30,2943.7,2854
Moldova,MDA,2022-12-31,2926.5,3235
Moldova,MDA,2023-01-31,3606.3,3436
Moldova,MDA,2023-02-28,2944.1,2836
Moldova,MDA,2023-03-31,3012.1,3079
Moldova,MDA,2023-04-30,2722.3,2865
Moldova,MDA,2023-05-31,2824.3,2813
Moldova,MDA,2023-06-30,2582.5,2486
Moldova,MDA,2023-07-31,2382.9,2500
Moldova,MDA,2023-08-31,2287.9,2631
Moldova,MDA,2023-09-30,2446.1,2442
Moldova,MDA,2023-10-31,2774.1,2760
Moldova,MDA,2023-11-30,2881.3,2861
Moldova,MDA,2023-12-31,2864.1,3072
Monaco,MCO,2020-01-31,50.1,46
Monaco,MCO,2020-02-29,43.3,36
Monaco,MCO,2020-03-31,41.9,54
Monaco,MCO,2020-04-30,39.9,46
Monaco,MCO,2020-05-31,37.3,38
Monaco,MCO,2020-06-30,35.9,40
Monaco,MCO,2020-07-31,40.1,38
Monaco,MCO,2020-08-31,36.1,44
Monaco,MCO,2020-09-30,38.3,45
Monaco,MCO,2020-10-31,42.3,50
Monaco,MCO,2020-11-30,49.5,43
Monaco,MCO,2020-12-31,40.7,54
Monaco,MCO,2021-01-31,49.2,67
Monaco,MCO,2021-02-28,42.4,71
Monaco,MCO,2021-03-31,41,66
Monaco,MCO,2021-04-30,39,40
Monaco,MCO,2021-05-31,36.4,59
Monaco,MCO,2021-06-30,35,27
Monaco,MCO,2021-07-31,39.2,41
Monaco,MCO,2021-08-31,35.2,46
Monaco,MCO,2021-09-30,37.4,46
Monaco,MCO,2021-10-31,41.4,50
Monaco,MCO,2021-11-30,48.6,36
Monaco,MCO,2021-12-31,39.8,58
Monaco,MCO,2022-01-31,48.3,53
Monaco,MCO,2022-02-28,41.5,34
Monaco,MCO,2022-03-31,40.1,50
Monaco,MCO,2022-04-30,38.1,49
Monaco,MCO,2022-05-31,35.5,42
Monaco,MCO,2022-06-30,34.1,40
Monaco,MCO,2022-07-31,38.3,42
Monaco,MCO,2022-08-31,34.3,40
Monaco,MCO,2022-09-30,36.5,47
Monaco,MCO,2022-10-31,40.5,47
Monaco,MCO,2022-11-30,47.7,38
Monaco,MCO,2022-12-31,38.9,46
Monaco,MCO,2023-01-31,47.4,
Monaco,MCO,2023-02-28,40.6,
Monaco,MCO,2023-03-31,39.2,
Monaco,MCO,2023-04-30,37.2,
Monaco,MCO,2023-05-31,34.6,
Monaco,MCO,2023-06-30,33.2,
Monaco,MCO,2023-07-31,37.4,
Monaco,MCO,2023-08-31,33.4,
Monaco,MCO,2023-09-30,35.6,
Monaco,MCO,2023-10-31,39.6,
Monaco,MCO,2023-11-30,46.8,
Monaco,MCO,2023-12-31,38,
Mongolia,MNG,2020-01-31,1484.9,1366
Mongolia,MNG,2020-02-29,1371.1,1298
Mongolia,MNG,2020-03-31,1508.1,1292
Mongolia,MNG,2020-04-30,1415.3,1310
Mongolia,MNG,2020-05-31,1490.9,1288
Mongolia,MNG,2020-06-30,1398.7,1306
Mongolia,MNG,2020-07-31,1446.5,1402
Mongolia,MNG,2020-08-31,1436.9,1331
Mongolia,MNG,2020-09-30,1458.9,1405
Mongolia,MNG,2020-10-31,1467.1,1427
Mongolia,MNG,2020-11-30,1382.5,1278
Mongolia,MNG,2020-12-31,1563.3,1219
Mongolia,MNG,2021-01-31,1508.3,1151
Mongolia,MNG,2021-02-28,1394.5,1237
Mongolia,MNG,2021-03-31,1531.5,1381
Mongolia,MNG,2021-04-30,1438.7,1484
Mongolia,MNG,2021-05-31,1514.3,1403
Mongolia,MNG,2021-06-30,1422.1,1715
Mongolia,MNG,2021-07-31,1469.9,1819
Mongolia,MNG,2021-08-31,1460.3,1678
Mongolia,MNG,2021-09-30,1482.3,2026
Mongolia,MNG,2021-10-31,1490.5,2302
Mongolia,MNG,2021-11-30,1405.9,1950
Mongolia,MNG,2021-12-31,1586.7,1785
Mongolia,MNG,2022-01-31,1531.8,1345
Mongolia,MNG,2022-02-28,1418,1487
Mongolia,MNG,2022-03-31,1555,1496
Mongolia,MNG,2022-04-30,1462.2,1558
Mongolia,MNG,2022-05-31,1537.8,1506
Mongolia,MNG,2022-06-30,1445.6,1424
Mongolia,MNG,2022-07-31,1493.4,1438
Mongolia,MNG,2022-08-31,1483.8,1609
Mongolia,MNG,2022-09-30,1505.8,1490
Mongolia,MNG,2022-10-31,1514,1485
Mongolia,MNG,2022-11-30,1429.4,1472
Mongolia,MNG,2022-12-31,1610.2,1671
Mongolia,MNG,2023-01-31,1555.2,1430
Mongolia,MNG,2023-02-28,1441.4,1336
Mongolia,MNG,2023-03-31,1578.4,1587
Mongolia,MNG,2023-04-30,1485.6,1344
Mongolia,MNG,2023-05-31,1561.2,1323
Mongolia,MNG,2023-06-30,1469,1593
Mongolia,MNG,2023-07-31,1516.8,1519
Mongolia,MNG,2023-08-31,1507.2,1442
Mongolia,MNG,2023-09-30,1529.2,1347
Mongolia,MNG,2023-10-31,1537.4,1325
Mongolia,MNG,2023-11-30,1452.8,1596
Mongolia,MNG,2023-12-31,1633.6,1691
Montenegro,MNE,2020-01-05,154.2,86
Montenegro,MNE,2020-01-12,153.4,118
Montenegro,MNE,2020-01-19,154.8,145
Montenegro,MNE,2020-01-26,147,133
Montenegro,MNE,2020-02-02,150.2,139
Montenegro,MNE,2020-02-09,136.2,150
Montenegro,MNE,2020-02-16,131,130
Montenegro,MNE,2020-02-23,149.4,142
Montenegro,MNE,2020-03-01,144.4,119
Montenegro,MNE,2020-03-08,142,141
Montenegro,MNE,2020-03-15,123.6,113
Montenegro,MNE,2020-03-22,134.4,126
Montenegro,MNE,2020-03-29,120,150
Montenegro,MNE,2020-04-05,139.4,118
Montenegro,MNE,2020-04-12,122.2,122
Montenegro,MNE,2020-04-19,120.6,113
Montenegro,MNE,2020-04-26,127.2,101
Montenegro,MNE,2020-05-03,124,112
Montenegro,MNE,2020-05-10,112.6,95
Montenegro,MNE,2020-05-17,113.2,115
Montenegro,MNE,2020-05-24,114.2,113
Montenegro,MNE,2020-05-31,113.2,115
Montenegro,MNE,2020-06-07,124.6,112
Montenegro,MNE,2020-06-14,124.8,113
Montenegro,MNE,2020-06-21,118.2,101
Montenegro,MNE,2020-06-28,121.8,115
Montenegro,MNE,2020-07-05,114.2,154
Montenegro,MNE,2020-07-12,117.2,137
Montenegro,MNE,2020-07-19,116.4,146
Montenegro,MNE,2020-07-26,132.8,156
Montenegro,MNE,2020-08-02,122.6,151
Montenegro,MNE,2020-08-09,126,130
Montenegro,MNE,2020-08-16,112.2,112
Montenegro,MNE,2020-08-23,113.2,137
Montenegro,MNE,2020-08-30,108.6,138
Montenegro,MNE,2020-09-06,123,148
Montenegro,MNE,2020-09-13,111.6,123
Montenegro,MNE,2020-09-20,117.2,131
Montenegro,MNE,2020-09-27,117,154
Montenegro,MNE,2020-10-04,129,149
Montenegro,MNE,2020-10-11,120,147
Montenegro,MNE,2020-10-18,119.4,159
Montenegro,MNE,2020-10-25,120.8,183
Montenegro,MNE,2020-11-01,123,176
Montenegro,MNE,2020-11-08,124.6,173
Montenegro,MNE,2020-11-15,127.8,163
Montenegro,MNE,2020-11-22,126.8,197
Montenegro,MNE,2020-11-29,124.2,168
Montenegro,MNE,2020-12-06,129.2,166
Montenegro,MNE,2020-12-13,140.4,163
Montenegro,MNE,2020-12-20,152,194
Montenegro,MNE,2020-12-27,142.2,192
Montenegro,MNE,2021-01-03,142.2,166
Montenegro,MNE,2021-01-10,155.3,200
Montenegro,MNE,2021-01-17,154.5,179
Montenegro,MNE,2021-01-24,155.9,194
Montenegro,MNE,2021-01-31,148.1,173
Montenegro,MNE,2021-02-07,151.3,203
Montenegro,MNE,2021-02-14,137.3,205
Montenegro,MNE,2021-02-21,132.1,211
Montenegro,MNE,2021-02-28,150.5,220
Montenegro,MNE,2021-03-07,145.5,221
Montenegro,MNE,2021-03-14,143.1,212
Montenegro,MNE,2021-03-21,124.7,232
Montenegro,MNE,2021-03-28,135.5,184
Montenegro,MNE,2021-04-04,121.1,222
Montenegro,MNE,2021-04-11,140.5,197
Montenegro,MNE,2021-04-18,123.3,187
Montenegro,MNE,2021-04-25,121.7,193
Montenegro,MNE,2021-05-02,128.3,189
Montenegro,MNE,2021-05-09,125.1,155
Montenegro,MNE,2021-05-16,113.7,166
Montenegro,MNE,2021-05-23,114.3,156
Montenegro,MNE,2021-05-30,115.3,111
Montenegro,MNE,2021-06-06,114.3,144
Montenegro,MNE,2021-06-13,125.7,96
Montenegro,MNE,2021-06-20,125.9,138
Montenegro,MNE,2021-06-27,119.3,125
Montenegro,MNE,2021-07-04,122.9,132
Montenegro,MNE,2021-07-11,115.3,137
Montenegro,MNE,2021-07-18,118.3,116
Montenegro,MNE,2021-07-25,117.5,132
Montenegro,MNE,2021-08-01,133.9,147
Montenegro,MNE,2021-08-08,123.7,136
Montenegro,MNE,2021-08-15,127.1,182
Montenegro,MNE,2021-08-22,113.3,167
Montenegro,MNE,2021-08-29,114.3,181
Montenegro,MNE,2021-09-05,109.7,168
Montenegro,MNE,2021-09-12,124.1,178
Montenegro,MNE,2021-09-19,112.7,193
Montenegro,MNE,2021-09-26,118.3,187
Montenegro,MNE,2021-10-03,118.1,187
Montenegro,MNE,2021-10-10,130.1,173
Montenegro,MNE,2021-10-17,121.1,199
Montenegro,MNE,2021-10-24,120.5,169
Montenegro,MNE,2021-10-31,121.9,193
Montenegro,MNE,2021-11-07,124.1,201
Montenegro,MNE,2021-11-14,125.7,178
Montenegro,MNE,2021-11-21,128.9,199
Montenegro,MNE,2021-11-28,127.9,183
Montenegro,MNE,2021-12-05,125.3,202
Montenegro,MNE,2021-12-12,130.3,165
Montenegro,MNE,2021-12-19,141.5,173
Montenegro,MNE,2021-12-26,153.1,154
Montenegro,MNE,2022-01-02,143.3,170
Montenegro,MNE,2022-01-09,156.4,188
Montenegro,MNE,2022-01-16,155.6,221
Montenegro,MNE,2022-01-23,157,236
Montenegro,MNE,2022-01-30,149.2,261
Montenegro,MNE,2022-02-06,152.4,228
Montenegro,MNE,2022-02-13,138.4,177
Montenegro,MNE,2022-02-20,133.2,170
Montenegro,MNE,2022-02-27,151.6,164
Montenegro,MNE,2022-03-06,146.6,130
Montenegro,MNE,2022-03-13,144.2,130
Montenegro,MNE,2022-03-20,125.8,129
Montenegro,MNE,2022-03-27,136.6,130
Montenegro,MNE,2022-04-03,122.2,127
Montenegro,MNE,2022-04-10,141.6,130
Montenegro,MNE,2022-04-17,124.4,109
Montenegro,MNE,2022-04-24,122.8,130
Montenegro,MNE,2022-05-01,129.4,112
Montenegro,MNE,2022-05-08,126.2,115
Montenegro,MNE,2022-05-15,114.8,127
Montenegro,MNE,2022-05-22,115.4,129
Montenegro,MNE,2022-05-29,116.4,142
Montenegro,MNE,2022-06-05,115.4,127
Montenegro,MNE,2022-06-12,126.8,123
Montenegro,MNE,2022-06-19,127,
Montenegro,MNE,2022-06-26,120.4,108
Montenegro,MNE,2022-07-03,124,116
Montenegro,MNE,2022-07-10,116.4,135
Montenegro,MNE,2022-07-17,119.4,128
Montenegro,MNE,2022-07-24,118.6,127
Montenegro,MNE,2022-07-31,135,143
Montenegro,MNE,2022-08-07,124.8,139
Montenegro,MNE,2022-08-14,128.2,125
Montenegro,MNE,2022-08-21,114.4,121
Montenegro,MNE,2022-08-28,115.4,115
Montenegro,MNE,2022-09-04,110.8,133
Montenegro,MNE,2022-09-11,125.2,113
Montenegro,MNE,2022-09-18,113.8,109
Montenegro,MNE,2022-09-25,119.4,113
Montenegro,MNE,2022-10-02,119.2,124
Montenegro,MNE,2022-10-09,131.2,112
Montenegro,MNE,2022-10-16,122.2,118
Montenegro,MNE,2022-10-23,121.6,112
Montenegro,MNE,2022-10-30,123,125
Montenegro,MNE,2022-11-06,125.2,114
Montenegro,MNE,2022-11-13,126.8,110
Montenegro,MNE,2022-11-20,130,127
Montenegro,MNE,2022-11-27,129,107
Montenegro,MNE,2022-12-04,126.4,115
Montenegro,MNE,2022-12-11,131.4,130
Montenegro,MNE,2022-12-18,142.6,115
Montenegro,MNE,2022-12-25,154.2,138
Montenegro,MNE,2023-01-01,144.4,132
Montenegro,MNE,2023-01-08,157.5,138
Montenegro,MNE,2023-01-15,156.7,150
Montenegro,MNE,2023-01-22,158.1,142
Montenegro,MNE,2023-01-29,150.3,146
Montenegro,MNE,2023-02-05,153.5,118
Montenegro,MNE,2023-02-12,139.5,134
Montenegro,MNE,2023-02-19,134.3,145
Montenegro,MNE,2023-02-26,152.7,148
Montenegro,MNE,2023-03-05,147.7,133
Montenegro,MNE,2023-03-12,145.3,134
Montenegro,MNE,2023-03-19,126.9,122
Montenegro,MNE,2023-03-26,137.7,123
Montenegro,MNE,2023-04-02,123.3,100
Montenegro,MNE,2023-04-09,142.7,120
Montenegro,MNE,2023-04-16,125.5,139
Montenegro,MNE,2023-04-23,123.9,133
Montenegro,MNE,2023-04-30,130.5,112
Montenegro,MNE,2023-05-07,127.3,111
Montenegro,MNE,2023-05-14,115.9,110
Montenegro,MNE,2023-05-21,116.5,125
Montenegro,MNE,2023-05-28,117.5,130
Montenegro,MNE,2023-06-04,116.5,119
Montenegro,MNE,2023-06-11,127.9,134
Montenegro,MNE,2023-06-18,128.1,118
Montenegro,MNE,2023-06-25,121.5,120
Montenegro,MNE,2023-07-02,125.1,118
Montenegro,MNE,2023-07-09,117.5,120
Montenegro,MNE,2023-07-16,120.5,121
Montenegro,MNE,2023-07-23,119.7,115
Montenegro,MNE,2023-07-30,136.1,125
Montenegro,MNE,2023-08-06,125.9,112
Montenegro,MNE,2023-08-13,129.3,125
Montenegro,MNE,2023-08-20,115.5,98
Montenegro,MNE,2023-08-27,116.5,107
Montenegro,MNE,2023-09-03,111.9,104
Montenegro,MNE,2023-09-10,126.3,133
Montenegro,MNE,2023-09-17,114.9,107
Montenegro,MNE,2023-09-24,120.5,109
Montenegro,MNE,2023-10-01,120.3,124
Montenegro,MNE,2023-10-08,132.3,118
Montenegro,MNE,2023-10-15,123.3,115
Montenegro,MNE,2023-10-22,122.7,97
Montenegro,MNE,2023-10-29,124.1,116
Montenegro,MNE,2023-11-05,126.3,111
Montenegro,MNE,2023-11-12,127.9,110
Montenegro,MNE,2023-11-19,131.1,111
Montenegro,MNE,2023-11-26,130.1,102
Montenegro,MNE,2023-12-03,127.5,111
Montenegro,MNE,2023-12-10,132.5,111
Montenegro,MNE,2023-12-17,143.7,125
Montenegro,MNE,2023-12-24,155.3,112
Montenegro,MNE,2023-12-31,145.5,153
Namibia,NAM,2020-01-31,1548.2,1616
Namibia,NAM,2020-02-29,1415.8,1442
Namibia,NAM,2020-03-31,1559,1588
Namibia,NAM,2020-04-30,1528.4,1354
Namibia,NAM,2020-05-31,1641.2,1306
Namibia,NAM,2020-06-30,1665,1451
Namibia,NAM,2020-07-31,1767.8,1588
Namibia,NAM,2020-08-31,1791.2,1559
Namibia,NAM,2020-09-30,1610.2,1431
Namibia,NAM,2020-10-31,1642,1597
Namibia,NAM,2020-11-30,1595.2,1451
Namibia,NAM,2020-12-31,1612.6,1579
Namibia,NAM,2021-01-31,1566.8,1715
Namibia,NAM,2021-02-28,1434.4,1703
Namibia,NAM,2021-03-31,1577.6,1818
Namibia,NAM,2021-04-30,1547,1677
Namibia,NAM,2021-05-31,1659.8,2027
Namibia,NAM,2021-06-30,1683.6,3392
Namibia,NAM,2021-07-31,1786.4,2767
Namibia,NAM,2021-08-31,1809.8,2015
Namibia,NAM,2021-09-30,1628.8,1727
Namibia,NAM,2021-10-31,1660.6,1727
Namibia,NAM,2021-11-30,1613.8,1612
Namibia,NAM,2021-12-31,1631.2,1936
Namibia,NAM,2022-01-31,1585.4,
Namibia,NAM,2022-02-28,1453,
Namibia,NAM,2022-03-31,1596.2,
Namibia,NAM,2022-04-30,1565.6,
Namibia,NAM,2022-05-31,1678.4,
Namibia,NAM,2022-06-30,1702.2,
Namibia,NAM,2022-07-31,1805,
Namibia,NAM,2022-08-31,1828.4,
Namibia,NAM,2022-09-30,1647.4,
Namibia,NAM,2022-10-31,1679.2,
Namibia,NAM,2022-11-30,1632.4,
Namibia,NAM,2022-12-31,1649.8,
Namibia,NAM,2023-01-31,1604,
Namibia,NAM,2023-02-28,1471.6,
Namibia,NAM,2023-03-31,1614.8,
Namibia,NAM,2023-04-30,1584.2,
Namibia,NAM,2023-05-31,1697,
Namibia,NAM,2023-06-30,1720.8,
Namibia,NAM,2023-07-31,1823.6,
Namibia,NAM,2023-08-31,1847,
Namibia,NAM,2023-09-30,1666,
Namibia,NAM,2023-10-31,1697.8,
Namibia,NAM,2023-11-30,1651,
Namibia,NAM,2023-12-31,1668.4,
Netherlands,NLD,2020-01-05,3362.2,3103
Netherlands,NLD,2020-01-12,3432.2,3364
Netherlands,NLD,2020-01-19,3368.2,3157
Netherlands,NLD,2020-01-26,3415.8,3046
Netherlands,NLD,2020-02-02,3388.2,3164
Netherlands,NLD,2020-02-09,3369.4,3196
Netherlands,NLD,2020-02-16,3413,3198
Netherlands,NLD,2020-02-23,3467.8,2959
Netherlands,NLD,2020-03-01,3389.4,3098
Netherlands,NLD,2020-03-08,3417.8,3107
Netherlands,NLD,2020-03-15,3270.2,3218
Netherlands,NLD,2020-03-22,3145.8,3614
Netherlands,NLD,2020-03-29,3121.6,4458
Netherlands,NLD,2020-04-05,2990.8,5085
Netherlands,NLD,2020-04-12,2925,4982
Netherlands,NLD,2020-04-19,2910.8,4308
Netherlands,NLD,2020-04-26,2874.4,3910
Netherlands,NLD,2020-05-03,2810,3383
Netherlands,NLD,2020-05-10,2861.4,2989
Netherlands,NLD,2020-05-17,2803.6,2777
Netherlands,NLD,2020-05-24,2799.6,2770
Netherlands,NLD,2020-05-31,2789.6,2732
Netherlands,NLD,2020-06-07,2724,2682
Netherlands,NLD,2020-06-14,2709.2,2689
Netherlands,NLD,2020-06-21,2695.2,2696
Netherlands,NLD,2020-06-28,2740.2,2659
Netherlands,NLD,2020-07-05,2817.6,2638
Netherlands,NLD,2020-07-12,2713,2619
Netherlands,NLD,2020-07-19,2736.6,2528
Netherlands,NLD,2020-07-26,2767,2673
Netherlands,NLD,2020-08-02,2678.4,2666
Netherlands,NLD,2020-08-09,2706.6,2642
Netherlands,NLD,2020-08-16,2651,3209
Netherlands,NLD,2020-08-23,2679.4,2856
Netherlands,NLD,2020-08-30,2681,2735
Netherlands,NLD,2020-09-06,2646.2,2692
Netherlands,NLD,2020-09-13,2722.6,2742
Netherlands,NLD,2020-09-20,2706,2721
Netherlands,NLD,2020-09-27,2773.2,2891
Netherlands,NLD,2020-10-04,2797.8,3002
Netherlands,NLD,2020-10-11,2893,3022
Netherlands,NLD,2020-10-18,2835.6,3222
Netherlands,NLD,2020-10-25,2878.6,3448
Netherlands,NLD,2020-11-01,2870.8,3687
Netherlands,NLD,2020-11-08,2923.4,3589
Netherlands,NLD,2020-11-15,2928.6,3580
Netherlands,NLD,2020-11-22,2983,3335
Netherlands,NLD,2020-11-29,2981.2,3405
Netherlands,NLD,2020-12-06,3043,3530
Netherlands,NLD,2020-12-13,3155,3615
Netherlands,NLD,2020-12-20,3144.8,3909
Netherlands,NLD,2020-12-27,3087.2,3867
Netherlands,NLD,2021-01-03,3087.2,4110
Netherlands,NLD,2021-01-10,3388.8,4145
Netherlands,NLD,2021-01-17,3458.8,3850
Netherlands,NLD,2021-01-24,3394.8,3863
Netherlands,NLD,2021-01-31,3442.4,3714
Netherlands,NLD,2021-02-07,3414.8,3655
Netherlands,NLD,2021-02-14,3396,3551
Netherlands,NLD,2021-02-21,3439.6,3531
Netherlands,NLD,2021-02-28,3494.4,3205
Netherlands,NLD,2021-03-07,3416,3105
Netherlands,NLD,2021-03-14,3444.4,3244
Netherlands,NLD,2021-03-21,3296.8,3044
Netherlands,NLD,2021-03-28,3172.4,3046
Netherlands,NLD,2021-04-04,3148.2,3176
Netherlands,NLD,2021-04-11,3017.4,3165
Netherlands,NLD,2021-04-18,2951.6,3140
Netherlands,NLD,2021-04-25,2937.4,3144
Netherlands,NLD,2021-05-02,2901,3121
Netherlands,NLD,2021-05-09,2836.6,3008
Netherlands,NLD,2021-05-16,2888,3017
Netherlands,NLD,2021-05-23,2830.2,2990
Netherlands,NLD,2021-05-30,2826.2,2805
Netherlands,NLD,2021-06-06,2816.2,3010
Netherlands,NLD,2021-06-13,2750.6,2884
Netherlands,NLD,2021-06-20,2735.8,2870
Netherlands,NLD,2021-06-27,2721.8,2673
Netherlands,NLD,2021-07-04,2766.8,2792
Netherlands,NLD,2021-07-11,2844.2,2837
Netherlands,NLD,2021-07-18,2739.6,2873
Netherlands,NLD,2021-07-25,2763.2,2776
Netherlands,NLD,2021-08-01,2793.6,2916
Netherlands,NLD,2021-08-08,2705,2958
Netherlands,NLD,2021-08-15,2733.2,2841
Netherlands,NLD,2021-08-22,2677.6,2898
Netherlands,NLD,2021-08-29,2706,2927
Netherlands,NLD,2021-09-05,2707.6,2860
Netherlands,NLD,2021-09-12,2672.8,3093
Netherlands,NLD,2021-09-19,2749.2,2919
Netherlands,NLD,2021-09-26,2732.6,2890
Netherlands,NLD,2021-10-03,2799.8,3072
Netherlands,NLD,2021-10-10,2824.4,3072
Netherlands,NLD,2021-10-17,2919.6,3064
Netherlands,NLD,2021-10-24,2862.2,3275
Netherlands,NLD,2021-10-31,2905.2,3388
Netherlands,NLD,2021-11-07,2897.4,3518
Netherlands,NLD,2021-11-14,2950,3788
Netherlands,NLD,2021-11-21,2955.2,4005
Netherlands,NLD,2021-11-28,3009.6,4192
Netherlands,NLD,2021-12-05,3007.8,4395
Netherlands,NLD,2021-12-12,3069.6,4373
Netherlands,NLD,2021-12-19,3181.6,4053
Netherlands,NLD,2021-12-26,3171.4,3772
Netherlands,NLD,2022-01-02,3113.8,3681
Netherlands,NLD,2022-01-09,3415.3,3433
Netherlands,NLD,2022-01-16,3485.3,3157
Netherlands,NLD,2022-01-23,3421.3,3192
Netherlands,NLD,2022-01-30,3468.9,3200
Netherlands,NLD,2022-02-06,3441.3,3285
Netherlands,NLD,2022-02-13,3422.5,3256
Netherlands,NLD,2022-02-20,3466.1,3381
Netherlands,NLD,2022-02-27,3520.9,3352
Netherlands,NLD,2022-03-06,3442.5,3234
Netherlands,NLD,2022-03-13,3470.9,3388
Netherlands,NLD,2022-03-20,3323.3,3606
Netherlands,NLD,2022-03-27,3198.9,3631
Netherlands,NLD,2022-04-03,3174.7,3564
Netherlands,NLD,2022-04-10,3043.9,3574
Netherlands,NLD,2022-04-17,2978.1,3517
Netherlands,NLD,2022-04-24,2963.9,3235
Netherlands,NLD,2022-05-01,2927.5,3141
Netherlands,NLD,2022-05-08,2863.1,3130
Netherlands,NLD,2022-05-15,2914.5,3128
Netherlands,NLD,2022-05-22,2856.7,3058
Netherlands,NLD,2022-05-29,2852.7,2924
Netherlands,NLD,2022-06-05,2842.7,2965
Netherlands,NLD,2022-06-12,2777.1,2946
Netherlands,NLD,2022-06-19,2762.3,3012
Netherlands,NLD,2022-06-26,2748.3,3136
Netherlands,NLD,2022-07-03,2793.3,3102
Netherlands,NLD,2022-07-10,2870.7,2973
Netherlands,NLD,2022-07-17,2766.1,3087
Netherlands,NLD,2022-07-24,2789.7,3184
Netherlands,NLD,2022-07-31,2820.1,3136
Netherlands,NLD,2022-08-07,2731.5,2962
Netherlands,NLD,2022-08-14,2759.7,2986
Netherlands,NLD,2022-08-21,2704.1,3081
Netherlands,NLD,2022-08-28,2732.5,3041
Netherlands,NLD,2022-09-04,2734.1,2975
Netherlands,NLD,2022-09-11,2699.3,2937
Netherlands,NLD,2022-09-18,2775.7,2819
Netherlands,NLD,2022-09-25,2759.1,3016
Netherlands,NLD,2022-10-02,2826.3,3207
Netherlands,NLD,2022-10-09,2850.9,3308
Netherlands,NLD,2022-10-16,2946.1,3315
Netherlands,NLD,2022-10-23,2888.7,3371
Netherlands,NLD,2022-10-30,2931.7,3312
Netherlands,NLD,2022-11-06,2923.9,3235
Netherlands,NLD,2022-11-13,2976.5,3171
Netherlands,NLD,2022-11-20,2981.7,3212
Netherlands,NLD,2022-11-27,3036.1,3413
Netherlands,NLD,2022-12-04,3034.3,3433
Netherlands,NLD,2022-12-11,3096.1,3620
Netherlands,NLD,2022-12-18,3208.1,4001
Netherlands,NLD,2022-12-25,3197.9,4198
Netherlands,NLD,2023-01-01,3140.3,3619
Netherlands,NLD,2023-01-08,3441.8,4035
Netherlands,NLD,2023-01-15,3511.8,3873
Netherlands,NLD,2023-01-22,3447.8,3680
Netherlands,NLD,2023-01-29,3495.4,3443
Netherlands,NLD,2023-02-05,3467.8,3623
Netherlands,NLD,2023-02-12,3449,3451
Netherlands,NLD,2023-02-19,3492.6,3549
Netherlands,NLD,2023-02-26,3547.4,3446
Netherlands,NLD,2023-03-05,3469,3509
Netherlands,NLD,2023-03-12,3497.4,3787
Netherlands,NLD,2023-03-19,3349.8,3676
Netherlands,NLD,2023-03-26,3225.4,3574
Netherlands,NLD,2023-04-02,3201.2,3381
Netherlands,NLD,2023-04-09,3070.4,3272
Netherlands,NLD,2023-04-16,3004.6,3065
Netherlands,NLD,2023-04-23,2990.4,3232
Netherlands,NLD,2023-04-30,2954,2904
Netherlands,NLD,2023-05-07,2889.6,3019
Netherlands,NLD,2023-05-14,2941,3000
Netherlands,NLD,2023-05-21,2883.2,2915
Netherlands,NLD,2023-05-28,2879.2,2973
Netherlands,NLD,2023-06-04,2869.2,2883
Netherlands,NLD,2023-06-11,2803.6,3091
Netherlands,NLD,2023-06-18,2788.8,3207
Netherlands,NLD,2023-06-25,2774.8,3021
Netherlands,NLD,2023-07-02,2819.8,2903
Netherlands,NLD,2023-07-09,2897.2,2785
Netherlands,NLD,2023-07-16,2792.6,2948
Netherlands,NLD,2023-07-23,2816.2,2778
Netherlands,NLD,2023-07-30,2846.6,2934
Netherlands,NLD,2023-08-06,2758,2784
Netherlands,NLD,2023-08-13,2786.2,2896
Netherlands,NLD,2023-08-20,2730.6,2923
Netherlands,NLD,2023-08-27,2759,2898
Netherlands,NLD,2023-09-03,2760.6,2862
Netherlands,NLD,2023-09-10,2725.8,2964
Netherlands,NLD,2023-09-17,2802.2,2918
Netherlands,NLD,2023-09-24,2785.6,3004
Netherlands,NLD,2023-10-01,2852.8,3083
Netherlands,NLD,2023-10-08,2877.4,3115
Netherlands,NLD,2023-10-15,2972.6,3098
Netherlands,NLD,2023-10-22,2915.2,3133
Netherlands,NLD,2023-10-29,2958.2,3410
Netherlands,NLD,2023-11-05,2950.4,3464
Netherlands,NLD,2023-11-12,3003,3516
Netherlands,NLD,2023-11-19,3008.2,3415
Netherlands,NLD,2023-11-26,3062.6,3299
Netherlands,NLD,2023-12-03,3060.8,3545
Netherlands,NLD,2023-12-10,3122.6,3590
Netherlands,NLD,2023-12-17,3234.6,3617
Netherlands,NLD,2023-12-24,3224.4,3889
Netherlands,NLD,2023-12-31,3166.8,3435
New Caledonia,NCL,2020-01-31,136,132
New Caledonia,NCL,2020-02-29,122.2,131
New Caledonia,NCL,2020-03-31,135.8,153
New Caledonia,NCL,2020-04-30,134.2,101
New Caledonia,NCL,2020-05-31,142.4,142
New Caledonia,NCL,2020-06-30,137.8,135
New Caledonia,NCL,2020-07-31,156.4,151
New Caledonia,NCL,2020-08-31,153,139
New Caledonia,NCL,2020-09-30,134.6,102
New Caledonia,NCL,2020-10-31,134,132
New Caledonia,NCL,2020-11-30,132.4,100
New Caledonia,NCL,2020-12-31,124.4,122
New Caledonia,NCL,2021-01-31,138.6,134
New Caledonia,NCL,2021-02-28,124.8,120
New Caledonia,NCL,2021-03-31,138.4,120
New Caledonia,NCL,2021-04-30,136.8,140
New Caledonia,NCL,2021-05-31,145,131
New Caledonia,NCL,2021-06-30,140.4,142
New Caledonia,NCL,2021-07-31,159,147
New Caledonia,NCL,2021-08-31,155.6,170
New Caledonia,NCL,2021-09-30,137.2,316
New Caledonia,NCL,2021-10-31,136.6,276
New Caledonia,NCL,2021-11-30,135,146
New Caledonia,NCL,2021-12-31,127,141
New Caledonia,NCL,2022-01-31,141.2,132
New Caledonia,NCL,2022-02-28,127.4,173
New Caledonia,NCL,2022-03-31,141,176
New Caledonia,NCL,2022-04-30,139.4,172
New Caledonia,NCL,2022-05-31,147.6,163
New Caledonia,NCL,2022-06-30,143,151
New Caledonia,NCL,2022-07-31,161.6,194
New Caledonia,NCL,2022-08-31,158.2,170
New Caledonia,NCL,2022-09-30,139.8,153
New Caledonia,NCL,2022-10-31,139.2,147
New Caledonia,NCL,2022-11-30,137.6,128
New Caledonia,NCL,2022-12-31,129.6,143
New Caledonia,NCL,2023-01-31,143.7,129
New Caledonia,NCL,2023-02-28,129.9,137
New Caledonia,NCL,2023-03-31,143.5,167
New Caledonia,NCL,2023-04-30,141.9,171
New Caledonia,NCL,2023-05-31,150.1,152
New Caledonia,NCL,2023-06-30,145.5,152
New Caledonia,NCL,2023-07-31,164.1,175
New Caledonia,NCL,2023-08-31,160.7,180
New Caledonia,NCL,2023-09-30,142.3,157
New Caledonia,NCL,2023-10-31,141.7,140
New Caledonia,NCL,2023-11-30,140.1,139
New Caledonia,NCL,2023-12-31,132.1,165
New Zealand,NZL,2020-01-05,609,590
New Zealand,NZL,2020-01-12,627.4,581
New Zealand,NZL,2020-01-19,613.8,642
New Zealand,NZL,2020-01-26,624.2,609
New Zealand,NZL,2020-02-02,612.4,615
New Zealand,NZL,2020-02-09,606.4,588
New Zealand,NZL,2020-02-16,592.4,618
New Zealand,NZL,2020-02-23,608.2,622
New Zealand,NZL,2020-03-01,615.8,595
New Zealand,NZL,2020-03-08,617.2,611
New Zealand,NZL,2020-03-15,627.6,601
New Zealand,NZL,2020-03-22,621.8,619
New Zealand,NZL,2020-03-29,633,613
New Zealand,NZL,2020-04-05,630.8,629
New Zealand,NZL,2020-04-12,624.4,650
New Zealand,NZL,2020-04-19,655.6,663
New Zealand,NZL,2020-04-26,645,633
New Zealand,NZL,2020-05-03,650.2,560
New Zealand,NZL,2020-05-10,671.6,631
New Zealand,NZL,2020-05-17,651.8,616
New Zealand,NZL,2020-05-24,675.8,608
New Zealand,NZL,2020-05-31,699.8,603
New Zealand,NZL,2020-06-07,709.2,624
New Zealand,NZL,2020-06-14,705.8,642
New Zealand,NZL,2020-06-21,720.4,643
New Zealand,NZL,2020-06-28,715.4,621
New Zealand,NZL,2020-07-05,721.4,619
New Zealand,NZL,2020-07-12,743.4,617
New Zealand,NZL,2020-07-19,759.2,693
New Zealand,NZL,2020-07-26,768.8,683
New Zealand,NZL,2020-08-02,771,676
New Zealand,NZL,2020-08-09,775.6,643
New Zealand,NZL,2020-08-16,756.4,635
New Zealand,NZL,2020-08-23,725.8,655
New Zealand,NZL,2020-08-30,727,601
New Zealand,NZL,2020-09-06,702.6,630
New Zealand,NZL,2020-09-13,722.6,623
New Zealand,NZL,2020-09-20,712,606
New Zealand,NZL,2020-09-27,686.8,611
New Zealand,NZL,2020-10-04,682.4,650
New Zealand,NZL,2020-10-11,695.8,609
New Zealand,NZL,2020-10-18,653.4,615
New Zealand,NZL,2020-10-25,654,688
New Zealand,NZL,2020-11-01,658.4,584
New Zealand,NZL,2020-11-08,650.6,631
New Zealand,NZL,2020-11-15,627.4,586
New Zealand,NZL,2020-11-22,649.4,612
New Zealand,NZL,2020-11-29,627.8,650
New Zealand,NZL,2020-12-06,615.6,642
New Zealand,NZL,2020-12-13,640.2,641
New Zealand,NZL,2020-12-20,622,670
New Zealand,NZL,2020-12-27,624.8,625
New Zealand,NZL,2021-01-03,624.8,675
New Zealand,NZL,2021-01-10,622.1,670
New Zealand,NZL,2021-01-17,640.5,631
New Zealand,NZL,2021-01-24,626.9,657
New Zealand,NZL,2021-01-31,637.3,602
New Zealand,NZL,2021-02-07,625.5,641
New Zealand,NZL,2021-02-14,619.5,647
New Zealand,NZL,2021-02-21,605.5,590
New Zealand,NZL,2021-02-28,621.3,604
New Zealand,NZL,2021-03-07,628.9,638
New Zealand,NZL,2021-03-14,630.3,618
New Zealand,NZL,2021-03-21,640.7,630
New Zealand,NZL,2021-03-28,634.9,637
New Zealand,NZL,2021-04-04,646.1,680
New Zealand,NZL,2021-04-11,643.9,631
New Zealand,NZL,2021-04-18,637.5,629
New Zealand,NZL,2021-04-25,668.7,640
New Zealand,NZL,2021-05-02,658.1,687
New Zealand,NZL,2021-05-09,663.3,657
New Zealand,NZL,2021-05-16,684.7,638
New Zealand,NZL,2021-05-23,664.9,680
New Zealand,NZL,2021-05-30,688.9,658
New Zealand,NZL,2021-06-06,712.9,682
New Zealand,NZL,2021-06-13,722.3,685
New Zealand,NZL,2021-06-20,718.9,738
New Zealand,NZL,2021-06-27,733.5,665
New Zealand,NZL,2021-07-04,728.5,662
New Zealand,NZL,2021-07-11,734.5,743
New Zealand,NZL,2021-07-18,756.5,762
New Zealand,NZL,2021-07-25,772.3,753
New Zealand,NZL,2021-08-01,781.9,757
New Zealand,NZL,2021-08-08,784.1,780
New Zealand,NZL,2021-08-15,788.7,788
New Zealand,NZL,2021-08-22,769.5,772
New Zealand,NZL,2021-08-29,738.9,705
New Zealand,NZL,2021-09-05,740.1,736
New Zealand,NZL,2021-09-12,715.7,714
New Zealand,NZL,2021-09-19,735.7,642
New Zealand,NZL,2021-09-26,725.1,654
New Zealand,NZL,2021-10-03,699.9,647
New Zealand,NZL,2021-10-10,695.5,643
New Zealand,NZL,2021-10-17,708.9,651
New Zealand,NZL,2021-10-24,666.5,678
New Zealand,NZL,2021-10-31,667.1,638
New Zealand,NZL,2021-11-07,671.5,649
New Zealand,NZL,2021-11-14,663.7,663
New Zealand,NZL,2021-11-21,640.5,667
New Zealand,NZL,2021-11-28,662.5,635
New Zealand,NZL,2021-12-05,640.9,633
New Zealand,NZL,2021-12-12,628.7,666
New Zealand,NZL,2021-12-19,653.3,604
New Zealand,NZL,2021-12-26,635.1,703
New Zealand,NZL,2022-01-02,637.9,623
New Zealand,NZL,2022-01-09,635.2,678
New Zealand,NZL,2022-01-16,653.6,610
New Zealand,NZL,2022-01-23,640,633
New Zealand,NZL,2022-01-30,650.4,646
New Zealand,NZL,2022-02-06,638.6,661
New Zealand,NZL,2022-02-13,632.6,681
New Zealand,NZL,2022-02-20,618.6,641
New Zealand,NZL,2022-02-27,634.4,627
New Zealand,NZL,2022-03-06,642,685
New Zealand,NZL,2022-03-13,643.4,732
New Zealand,NZL,2022-03-20,653.8,776
New Zealand,NZL,2022-03-27,648,750
New Zealand,NZL,2022-04-03,659.2,754
New Zealand,NZL,2022-04-10,657,699
New Zealand,NZL,2022-04-17,650.6,759
New Zealand,NZL,2022-04-24,681.8,747
New Zealand,NZL,2022-05-01,671.2,713
New Zealand,NZL,2022-05-08,676.4,712
New Zealand,NZL,2022-05-15,697.8,798
New Zealand,NZL,2022-05-22,678,758
New Zealand,NZL,2022-05-29,702,811
New Zealand,NZL,2022-06-05,726,791
New Zealand,NZL,2022-06-12,735.4,775
New Zealand,NZL,2022-06-19,732,858
New Zealand,NZL,2022-06-26,746.6,829
New Zealand,NZL,2022-07-03,741.6,797
New Zealand,NZL,2022-07-10,747.6,842
New Zealand,NZL,2022-07-17,769.6,888
New Zealand,NZL,2022-07-24,785.4,853
New Zealand,NZL,2022-07-31,795,968
New Zealand,NZL,2022-08-07,797.2,847
New Zealand,NZL,2022-08-14,801.8,761
New Zealand,NZL,2022-08-21,782.6,829
New Zealand,NZL,2022-08-28,752,758
New Zealand,NZL,2022-09-04,753.2,759
New Zealand,NZL,2022-09-11,728.8,754
New Zealand,NZL,2022-09-18,748.8,706
New Zealand,NZL,2022-09-25,738.2,754
New Zealand,NZL,2022-10-02,713,698
New Zealand,NZL,2022-10-09,708.6,712
New Zealand,NZL,2022-10-16,722,701
New Zealand,NZL,2022-10-23,679.6,749
New Zealand,NZL,2022-10-30,680.2,710
New Zealand,NZL,2022-11-06,684.6,714
New Zealand,NZL,2022-11-13,676.8,671
New Zealand,NZL,2022-11-20,653.6,669
New Zealand,NZL,2022-11-27,675.6,730
New Zealand,NZL,2022-12-04,654,634
New Zealand,NZL,2022-12-11,641.8,712
New Zealand,NZL,2022-12-18,666.4,737
New Zealand,NZL,2022-12-25,648.2,686
New Zealand,NZL,2023-01-01,651,715
New Zealand,NZL,2023-01-08,648.3,753
New Zealand,NZL,2023-01-15,666.7,670
New Zealand,NZL,2023-01-22,653.1,724
New Zealand,NZL,2023-01-29,663.5,698
New Zealand,NZL,2023-02-05,651.7,637
New Zealand,NZL,2023-02-12,645.7,635
New Zealand,NZL,2023-02-19,631.7,695
New Zealand,NZL,2023-02-26,647.5,682
New Zealand,NZL,2023-03-05,655.1,679
New Zealand,NZL,2023-03-12,656.5,687
New Zealand,NZL,2023-03-19,666.9,641
New Zealand,NZL,2023-03-26,661.1,672
New Zealand,NZL,2023-04-02,672.3,705
New Zealand,NZL,2023-04-09,670.1,722
New Zealand,NZL,2023-04-16,663.7,679
New Zealand,NZL,2023-04-23,694.9,741
New Zealand,NZL,2023-04-30,684.3,655
New Zealand,NZL,2023-05-07,689.5,664
New Zealand,NZL,2023-05-14,710.9,718
New Zealand,NZL,2023-05-21,691.1,751
New Zealand,NZL,2023-05-28,715.1,758
New Zealand,NZL,2023-06-04,739.1,734
New Zealand,NZL,2023-06-11,748.5,749
New Zealand,NZL,2023-06-18,745.1,790
New Zealand,NZL,2023-06-25,759.7,743
New Zealand,NZL,2023-07-02,754.7,736
New Zealand,NZL,2023-07-09,760.7,775
New Zealand,NZL,2023-07-16,782.7,774
New Zealand,NZL,2023-07-23,798.5,777
New Zealand,NZL,2023-07-30,808.1,712
New Zealand,NZL,2023-08-06,810.3,760
New Zealand,NZL,2023-08-13,814.9,712
New Zealand,NZL,2023-08-20,795.7,752
New Zealand,NZL,2023-08-27,765.1,834
New Zealand,NZL,2023-09-03,766.3,802
New Zealand,NZL,2023-09-10,741.9,803
New Zealand,NZL,2023-09-17,761.9,759
New Zealand,NZL,2023-09-24,751.3,790
New Zealand,NZL,2023-10-01,726.1,717
New Zealand,NZL,2023-10-08,721.7,736
New Zealand,NZL,2023-10-15,735.1,761
New Zealand,NZL,2023-10-22,692.7,751
New Zealand,NZL,2023-10-29,693.3,670
New Zealand,NZL,2023-11-05,697.7,736
New Zealand,NZL,2023-11-12,689.9,697
New Zealand,NZL,2023-11-19,666.7,700
New Zealand,NZL,2023-11-26,688.7,736
New Zealand,NZL,2023-12-03,667.1,763
New Zealand,NZL,2023-12-10,654.9,732
New Zealand,NZL,2023-12-17,679.5,707
New Zealand,NZL,2023-12-24,661.3,701
New Zealand,NZL,2023-12-31,664.1,737
Nicaragua,NIC,2020-01-31,2184.3,2144
Nicaragua,NIC,2020-02-29,1852.7,1942
Nicaragua,NIC,2020-03-31,2062.5,1986
Nicaragua,NIC,2020-04-30,2064.7,2122
Nicaragua,NIC,2020-05-31,2079.1,5615
Nicaragua,NIC,2020-06-30,2096.7,5582
Nicaragua,NIC,2020-07-31,2209.5,3207
Nicaragua,NIC,2020-08-31,2199.9,2354
Nicaragua,NIC,2020-09-30,2141.5,2008
Nicaragua,NIC,2020-10-31,2227.1,2135
Nicaragua,NIC,2020-11-30,2163.9,2240
Nicaragua,NIC,2020-12-31,2207.7,2346
Nicaragua,NIC,2021-01-31,2219,2315
Nicaragua,NIC,2021-02-28,1887.4,1930
Nicaragua,NIC,2021-03-31,2097.2,2190
Nicaragua,NIC,2021-04-30,2099.4,2248
Nicaragua,NIC,2021-05-31,2113.8,2545
Nicaragua,NIC,2021-06-30,2131.4,2734
Nicaragua,NIC,2021-07-31,2244.2,3174
Nicaragua,NIC,2021-08-31,2234.6,3702
Nicaragua,NIC,2021-09-30,2176.2,6242
Nicaragua,NIC,2021-10-31,2261.8,4036
Nicaragua,NIC,2021-11-30,2198.6,2347
Nicaragua,NIC,2021-12-31,2242.4,2201
Nicaragua,NIC,2022-01-31,2253.6,2157
Nicaragua,NIC,2022-02-28,1922,2407
Nicaragua,NIC,2022-03-31,2131.8,2344
Nicaragua,NIC,2022-04-30,2134,2068
Nicaragua,NIC,2022-05-31,2148.4,2288
Nicaragua,NIC,2022-06-30,2166,2385
Nicaragua,NIC,2022-07-31,2278.8,2470
Nicaragua,NIC,2022-08-31,2269.2,2190
Nicaragua,NIC,2022-09-30,2210.8,2166
Nicaragua,NIC,2022-10-31,2296.4,2183
Nicaragua,NIC,2022-11-30,2233.2,2013
Nicaragua,NIC,2022-12-31,2277,2187
Nicaragua,NIC,2023-01-31,2288.3,2309
Nicaragua,NIC,2023-02-28,1956.7,1913
Nicaragua,NIC,2023-03-31,2166.5,2156
Nicaragua,NIC,2023-04-30,2168.7,2153
Nicaragua,NIC,2023-05-31,2183.1,2196
Nicaragua,NIC,2023-06-30,2200.7,2308
Nicaragua,NIC,2023-07-31,2313.5,2401
Nicaragua,NIC,2023-08-31,2303.9,2212
Nicaragua,NIC,2023-09-30,2245.5,2097
Nicaragua,NIC,2023-10-31,2331.1,2207
Nicaragua,NIC,2023-11-30,2267.9,2074
Nicaragua,NIC,2023-12-31,2311.7,2136
North Macedonia,MKD,2020-01-31,2076.5,1924
North Macedonia,MKD,2020-02-29,1753.9,1766
North Macedonia,MKD,2020-03-31,1789.3,1751
North Macedonia,MKD,2020-04-30,1603.9,1750
North Macedonia,MKD,2020-05-31,1600.5,1656
North Macedonia,MKD,2020-06-30,1508.1,1936
North Macedonia,MKD,2020-07-31,1572.7,1901
North Macedonia,MKD,2020-08-31,1555.5,1842
North Macedonia,MKD,2020-09-30,1467.5,1758
North Macedonia,MKD,2020-10-31,1696.1,2311
North Macedonia,MKD,2020-11-30,1631.1,3842
North Macedonia,MKD,2020-12-31,1802.3,3286
North Macedonia,MKD,2021-01-31,2070.5,2471
North Macedonia,MKD,2021-02-28,1747.9,2018
North Macedonia,MKD,2021-03-31,1783.3,2757
North Macedonia,MKD,2021-04-30,1597.9,3212
North Macedonia,MKD,2021-05-31,1594.5,2166
North Macedonia,MKD,2021-06-30,1502.1,1771
North Macedonia,MKD,2021-07-31,1566.7,1724
North Macedonia,MKD,2021-08-31,1549.5,2773
North Macedonia,MKD,2021-09-30,1461.5,2736
North Macedonia,MKD,2021-10-31,1690.1,2311
North Macedonia,MKD,2021-11-30,1625.1,2236
North Macedonia,MKD,2021-12-31,1796.3,2341
North Macedonia,MKD,2022-01-31,2064.4,2228
North Macedonia,MKD,2022-02-28,1741.8,3037
North Macedonia,MKD,2022-03-31,1777.2,2162
North Macedonia,MKD,2022-04-30,1591.8,1668
North Macedonia,MKD,2022-05-31,1588.4,1547
North Macedonia,MKD,2022-06-30,1496,1537
North Macedonia,MKD,2022-07-31,1560.6,1692
North Macedonia,MKD,2022-08-31,1543.4,1831
North Macedonia,MKD,2022-09-30,1455.4,1570
North Macedonia,MKD,2022-10-31,1684,1686
North Macedonia,MKD,2022-11-30,1619,1623
North Macedonia,MKD,2022-12-31,1790.2,1795
North Macedonia,MKD,2023-01-31,2058.4,1706
North Macedonia,MKD,2023-02-28,1735.8,1694
North Macedonia,MKD,2023-03-31,1771.2,1833
North Macedonia,MKD,2023-04-30,1585.8,1585
North Macedonia,MKD,2023-05-31,1582.4,1615
North Macedonia,MKD,2023-06-30,1490,1497
North Macedonia,MKD,2023-07-31,1554.6,1671
North Macedonia,MKD,2023-08-31,1537.4,1622
North Macedonia,MKD,2023-09-30,1449.4,1545
North Macedonia,MKD,2023-10-31,1678,1649
North Macedonia,MKD,2023-11-30,1613,1699
North Macedonia,MKD,2023-12-31,1784.2,1880
Northern Ireland,,2020-01-05,,353
Northern Ireland,,2020-01-12,,394
Northern Ireland,,2020-01-19,,411
Northern Ireland,,2020-01-26,,347
Northern Ireland,,2020-02-02,,323
Northern Ireland,,2020-02-09,,332
Northern Ireland,,2020-02-16,,306
Northern Ireland,,2020-02-23,,297
Northern Ireland,,2020-03-01,,347
Northern Ireland,,2020-03-08,,312
Northern Ireland,,2020-03-15,,324
Northern Ireland,,2020-03-22,,271
Northern Ireland,,2020-03-29,,287
Northern Ireland,,2020-04-05,,434
Northern Ireland,,2020-04-12,,435
Northern Ireland,,2020-04-19,,424
Northern Ireland,,2020-04-26,,470
Northern Ireland,,2020-05-03,,427
Northern Ireland,,2020-05-10,,336
Northern Ireland,,2020-05-17,,396
Northern Ireland,,2020-05-24,,325
Northern Ireland,,2020-05-31,,316
Northern Ireland,,2020-06-07,,304
Northern Ireland,,2020-06-14,,292
Northern Ireland,,2020-06-21,,290
Northern Ireland,,2020-06-28,,295
Northern Ireland,,2020-07-05,,289
Northern Ireland,,2020-07-12,,275
Northern Ireland,,2020-07-19,,240
Northern Ireland,,2020-07-26,,307
Northern Ireland,,2020-08-02,,273
Northern Ireland,,2020-08-09,,280
Northern Ireland,,2020-08-16,,278
Northern Ireland,,2020-08-23,,313
Northern Ireland,,2020-08-30,,303
Northern Ireland,,2020-09-06,,234
Northern Ireland,,2020-09-13,,296
Northern Ireland,,2020-09-20,,322
Northern Ireland,,2020-09-27,,323
Northern Ireland,,2020-10-04,,328
Northern Ireland,,2020-10-11,,348
Northern Ireland,,2020-10-18,,278
Northern Ireland,,2020-10-25,,391
Northern Ireland,,2020-11-01,,368
Northern Ireland,,2020-11-08,,386
Northern Ireland,,2020-11-15,,406
Northern Ireland,,2020-11-22,,396
Northern Ireland,,2020-11-29,,348
Northern Ireland,,2020-12-06,,387
Northern Ireland,,2020-12-13,,366
Northern Ireland,,2020-12-20,,350
Northern Ireland,,2020-12-27,,310
Northern Ireland,,2021-01-03,,333
Northern Ireland,,2021-01-10,,568
Northern Ireland,,2021-01-17,,443
Northern Ireland,,2021-01-24,,474
Northern Ireland,,2021-01-31,,437
Northern Ireland,,2021-02-07,,462
Northern Ireland,,2021-02-14,,382
Northern Ireland,,2021-02-21,,352
Northern Ireland,,2021-02-28,,351
Northern Ireland,,2021-03-07,,319
Northern Ireland,,2021-03-14,,339
Northern Ireland,,2021-03-21,,253
Northern Ireland,,2021-03-28,,307
Northern Ireland,,2021-04-04,,288
Northern Ireland,,2021-04-11,,245
Northern Ireland,,2021-04-18,,245
Northern Ireland,,2021-04-25,,305
Northern Ireland,,2021-05-02,,291
Northern Ireland,,2021-05-09,,270
Northern Ireland,,2021-05-16,,326
Northern Ireland,,2021-05-23,,319
Northern Ireland,,2021-05-30,,265
Northern Ireland,,2021-06-06,,282
Northern Ireland,,2021-06-13,,265
Northern Ireland,,2021-06-20,,313
Northern Ireland,,2021-06-27,,319
Northern Ireland,,2021-07-04,,272
Northern Ireland,,2021-07-11,,298
Northern Ireland,,2021-07-18,,231
Northern Ireland,,2021-07-25,,306
Northern Ireland,,2021-08-01,,293
Northern Ireland,,2021-08-08,,342
Northern Ireland,,2021-08-15,,331
Northern Ireland,,2021-08-22,,343
Northern Ireland,,2021-08-29,,299
Northern Ireland,,2021-09-05,,340
Northern Ireland,,2021-09-12,,377
Northern Ireland,,2021-09-19,,374
Northern Ireland,,2021-09-26,,351
Northern Ireland,,2021-10-03,,380
Northern Ireland,,2021-10-10,,330
Northern Ireland,,2021-10-17,,337
Northern Ireland,,2021-10-24,,313
Northern Ireland,,2021-10-31,,320
Northern Ireland,,2021-11-07,,371
Northern Ireland,,2021-11-14,,403
Northern Ireland,,2021-11-21,,375
Northern Ireland,,2021-11-28,,413
Northern Ireland,,2021-12-05,,378
Northern Ireland,,2021-12-12,,368
Northern Ireland,,2021-12-19,,363
Northern Ireland,,2021-12-26,,347
Northern Ireland,,2022-01-02,,243
Northern Ireland,,2022-01-09,,416
Northern Ireland,,2022-01-16,,445
Northern Ireland,,2022-01-23,,317
Northern Ireland,,2022-01-30,,336
Northern Ireland,,2022-02-06,,363
Northern Ireland,,2022-02-13,,375
Northern Ireland,,2022-02-20,,319
Northern Ireland,,2022-02-27,,327
Northern Ireland,,2022-03-06,,338
Northern Ireland,,2022-03-13,,338
Northern Ireland,,2022-03-20,,301
Northern Ireland,,2022-03-27,,365
Northern Ireland,,2022-04-03,,339
Northern Ireland,,2022-04-10,,355
Northern Ireland,,2022-04-17,,335
Northern Ireland,,2022-04-24,,260
Northern Ireland,,2022-05-01,,365
Northern Ireland,,2022-05-08,,281
Northern Ireland,,2022-05-15,,322
Northern Ireland,,2022-05-22,,312
Northern Ireland,,2022-05-29,,329
Northern Ireland,,2022-06-05,,220
Northern Ireland,,2022-06-12,,342
Northern Ireland,,2022-06-19,,298
Northern Ireland,,2022-06-26,,322
Northern Ireland,,2022-07-03,,347
Northern Ireland,,2022-07-10,,315
Northern Ireland,,2022-07-17,,249
Northern Ireland,,2022-07-24,,340
Northern Ireland,,2022-07-31,,351
Northern Ireland,,2022-08-07,,336
Northern Ireland,,2022-08-14,,301
Northern Ireland,,2022-08-21,,320
Northern Ireland,,2022-08-28,,315
Northern Ireland,,2022-09-04,,263
Northern Ireland,,2022-09-11,,314
Northern Ireland,,2022-09-18,,333
Northern Ireland,,2022-09-25,,276
Northern Ireland,,2022-10-02,,299
Northern Ireland,,2022-10-09,,311
Northern Ireland,,2022-10-16,,308
Northern Ireland,,2022-10-23,,331
Northern Ireland,,2022-10-30,,339
Northern Ireland,,2022-11-06,,373
Northern Ireland,,2022-11-13,,368
Northern Ireland,,2022-11-20,,386
Northern Ireland,,2022-11-27,,360
Northern Ireland,,2022-12-04,,338
Northern Ireland,,2022-12-11,,360
Northern Ireland,,2022-12-18,,360
Northern Ireland,,2022-12-25,,411
Northern Ireland,,2023-01-01,,238
Northern Ireland,,2023-01-08,,474
Northern Ireland,,2023-01-15,,515
Northern Ireland,,2023-01-22,,409
Northern Ireland,,2023-01-29,,393
Northern Ireland,,2023-02-05,,368
Northern Ireland,,2023-02-12,,337
Northern Ireland,,2023-02-19,,402
Northern Ireland,,2023-02-26,,342
Northern Ireland,,2023-03-05,,319
Northern Ireland,,2023-03-12,,334
Northern Ireland,,2023-03-19,,239
Northern Ireland,,2023-03-26,,368
Northern Ireland,,2023-04-02,,306
Northern Ireland,,2023-04-09,,340
Northern Ireland,,2023-04-16,,245
Northern Ireland,,2023-04-23,,345
Northern Ireland,,2023-04-30,,339
Northern Ireland,,2023-05-07,,298
Northern Ireland,,2023-05-14,,356
Northern Ireland,,2023-05-21,,308
Northern Ireland,,2023-05-28,,335
Northern Ireland,,2023-06-04,,235
Northern Ireland,,2023-06-11,,299
Northern Ireland,,2023-06-18,,342
Northern Ireland,,2023-06-25,,372
Northern Ireland,,2023-07-02,,264
Northern Ireland,,2023-07-09,,343
Northern Ireland,,2023-07-16,,218
Northern Ireland,,2023-07-23,,332
Northern Ireland,,2023-07-30,,329
Northern Ireland,,2023-08-06,,295
Northern Ireland,,2023-08-13,,283
Northern Ireland,,2023-08-20,,302
Northern Ireland,,2023-08-27,,325
Northern Ireland,,2023-09-03,,228
Northern Ireland,,2023-09-10,,332
Northern Ireland,,2023-09-17,,329
Northern Ireland,,2023-09-24,,338
Northern Ireland,,2023-10-01,,317
Northern Ireland,,2023-10-08,,297
Northern Ireland,,2023-10-15,,269
Northern Ireland,,2023-10-22,,310
Northern Ireland,,2023-10-29,,335
Northern Ireland,,2023-11-05,,341
Northern Ireland,,2023-11-12,,386
Northern Ireland,,2023-11-19,,364
Northern Ireland,,2023-11-26,,404
Northern Ireland,,2023-12-03,,387
Northern Ireland,,2023-12-10,,358
Northern Ireland,,2023-12-17,,374
Northern Ireland,,2023-12-24,,393
Northern Ireland,,2023-12-31,,194
Norway,NOR,2020-01-05,924.9,862
Norway,NOR,2020-01-12,917.9,952
Norway,NOR,2020-01-19,907.3,837
Norway,NOR,2020-01-26,884.9,862
Norway,NOR,2020-02-02,895.1,816
Norway,NOR,2020-02-09,864.3,796
Norway,NOR,2020-02-16,875.9,856
Norway,NOR,2020-02-23,867.7,813
Norway,NOR,2020-03-01,877.7,836
Norway,NOR,2020-03-08,868.5,800
Norway,NOR,2020-03-15,828.5,827
Norway,NOR,2020-03-22,817.1,811
Norway,NOR,2020-03-29,781.7,854
Norway,NOR,2020-04-05,799.9,831
Norway,NOR,2020-04-12,785.5,841
Norway,NOR,2020-04-19,766.5,816
Norway,NOR,2020-04-26,780.1,777
Norway,NOR,2020-05-03,742.1,749
Norway,NOR,2020-05-10,736.9,742
Norway,NOR,2020-05-17,724.9,686
Norway,NOR,2020-05-24,732.1,740
Norway,NOR,2020-05-31,714.3,662
Norway,NOR,2020-06-07,714.7,677
Norway,NOR,2020-06-14,722.9,732
Norway,NOR,2020-06-21,724.7,739
Norway,NOR,2020-06-28,734.3,684
Norway,NOR,2020-07-05,749.1,697
Norway,NOR,2020-07-12,718.7,668
Norway,NOR,2020-07-19,724.1,754
Norway,NOR,2020-07-26,722.5,732
Norway,NOR,2020-08-02,694.3,746
Norway,NOR,2020-08-09,718.5,738
Norway,NOR,2020-08-16,709.3,735
Norway,NOR,2020-08-23,717.7,746
Norway,NOR,2020-08-30,733.7,699
Norway,NOR,2020-09-06,724.1,710
Norway,NOR,2020-09-13,708.9,786
Norway,NOR,2020-09-20,721.1,774
Norway,NOR,2020-09-27,738.7,743
Norway,NOR,2020-10-04,730.7,784
Norway,NOR,2020-10-11,749.9,743
Norway,NOR,2020-10-18,749.7,714
Norway,NOR,2020-10-25,761.7,796
Norway,NOR,2020-11-01,753.9,791
Norway,NOR,2020-11-08,764.5,777
Norway,NOR,2020-11-15,782.7,780
Norway,NOR,2020-11-22,779.1,800
Norway,NOR,2020-11-29,794.5,774
Norway,NOR,2020-12-06,825.7,790
Norway,NOR,2020-12-13,824.1,841
Norway,NOR,2020-12-20,836.3,823
Norway,NOR,2020-12-27,876.9,832
Norway,NOR,2021-01-03,876.9,841
Norway,NOR,2021-01-10,924.9,833
Norway,NOR,2021-01-17,917.9,868
Norway,NOR,2021-01-24,907.3,861
Norway,NOR,2021-01-31,884.9,852
Norway,NOR,2021-02-07,895.1,793
Norway,NOR,2021-02-14,864.3,814
Norway,NOR,2021-02-21,875.9,769
Norway,NOR,2021-02-28,867.7,757
Norway,NOR,2021-03-07,877.7,705
Norway,NOR,2021-03-14,868.5,791
Norway,NOR,2021-03-21,828.5,788
Norway,NOR,2021-03-28,817.1,769
Norway,NOR,2021-04-04,781.7,720
Norway,NOR,2021-04-11,799.9,780
Norway,NOR,2021-04-18,785.5,751
Norway,NOR,2021-04-25,766.5,753
Norway,NOR,2021-05-02,780.1,777
Norway,NOR,2021-05-09,742.1,696
Norway,NOR,2021-05-16,736.9,709
Norway,NOR,2021-05-23,724.9,740
Norway,NOR,2021-05-30,732.1,728
Norway,NOR,2021-06-06,714.3,726
Norway,NOR,2021-06-13,714.7,729
Norway,NOR,2021-06-20,722.9,687
Norway,NOR,2021-06-27,724.7,698
Norway,NOR,2021-07-04,734.3,721
Norway,NOR,2021-07-11,749.1,770
Norway,NOR,2021-07-18,718.7,718
Norway,NOR,2021-07-25,724.1,757
Norway,NOR,2021-08-01,722.5,747
Norway,NOR,2021-08-08,694.3,767
Norway,NOR,2021-08-15,718.5,781
Norway,NOR,2021-08-22,709.3,789
Norway,NOR,2021-08-29,717.7,785
Norway,NOR,2021-09-05,733.7,792
Norway,NOR,2021-09-12,724.1,786
Norway,NOR,2021-09-19,708.9,821
Norway,NOR,2021-09-26,721.1,821
Norway,NOR,2021-10-03,738.7,806
Norway,NOR,2021-10-10,730.7,806
Norway,NOR,2021-10-17,749.9,806
Norway,NOR,2021-10-24,749.7,847
Norway,NOR,2021-10-31,761.7,895
Norway,NOR,2021-11-07,753.9,918
Norway,NOR,2021-11-14,764.5,959
Norway,NOR,2021-11-21,782.7,918
Norway,NOR,2021-11-28,779.1,948
Norway,NOR,2021-12-05,794.5,968
Norway,NOR,2021-12-12,825.7,1051
Norway,NOR,2021-12-19,824.1,979
Norway,NOR,2021-12-26,836.3,968
Norway,NOR,2022-01-02,876.9,929
Norway,NOR,2022-01-09,924.9,958
Norway,NOR,2022-01-16,917.9,912
Norway,NOR,2022-01-23,907.3,824
Norway,NOR,2022-01-30,884.9,825
Norway,NOR,2022-02-06,895.1,922
Norway,NOR,2022-02-13,864.3,888
Norway,NOR,2022-02-20,875.9,909
Norway,NOR,2022-02-27,867.7,992
Norway,NOR,2022-03-06,877.7,974
Norway,NOR,2022-03-13,868.5,932
Norway,NOR,2022-03-20,828.5,992
Norway,NOR,2022-03-27,817.1,988
Norway,NOR,2022-04-03,781.7,895
Norway,NOR,2022-04-10,799.9,950
Norway,NOR,2022-04-17,785.5,863
Norway,NOR,2022-04-24,766.5,842
Norway,NOR,2022-05-01,780.1,843
Norway,NOR,2022-05-08,742.1,835
Norway,NOR,2022-05-15,736.9,832
Norway,NOR,2022-05-22,724.9,845
Norway,NOR,2022-05-29,732.1,753
Norway,NOR,2022-06-05,714.3,806
Norway,NOR,2022-06-12,714.7,781
Norway,NOR,2022-06-19,722.9,809
Norway,NOR,2022-06-26,724.7,893
Norway,NOR,2022-07-03,734.3,805
Norway,NOR,2022-07-10,749.1,858
Norway,NOR,2022-07-17,718.7,882
Norway,NOR,2022-07-24,724.1,867
Norway,NOR,2022-07-31,722.5,803
Norway,NOR,2022-08-07,694.3,817
Norway,NOR,2022-08-14,718.5,793
Norway,NOR,2022-08-21,709.3,830
Norway,NOR,2022-08-28,717.7,775
Norway,NOR,2022-09-04,733.7,766
Norway,NOR,2022-09-11,724.1,830
Norway,NOR,2022-09-18,708.9,802
Norway,NOR,2022-09-25,721.1,847
Norway,NOR,2022-10-02,738.7,845
Norway,NOR,2022-10-09,730.7,815
Norway,NOR,2022-10-16,749.9,860
Norway,NOR,2022-10-23,749.7,854
Norway,NOR,2022-10-30,761.7,853
Norway,NOR,2022-11-06,753.9,867
Norway,NOR,2022-11-13,764.5,845
Norway,NOR,2022-11-20,782.7,884
Norway,NOR,2022-11-27,779.1,936
Norway,NOR,2022-12-04,794.5,924
Norway,NOR,2022-12-11,825.7,950
Norway,NOR,2022-12-18,824.1,1028
Norway,NOR,2022-12-25,836.3,1070
Norway,NOR,2023-01-01,876.9,1139
Norway,NOR,2023-01-08,924.9,1105
Norway,NOR,2023-01-15,917.9,1075
Norway,NOR,2023-01-22,907.3,912
Norway,NOR,2023-01-29,884.9,889
Norway,NOR,2023-02-05,895.1,877
Norway,NOR,2023-02-12,864.3,855
Norway,NOR,2023-02-19,875.9,842
Norway,NOR,2023-02-26,867.7,845
Norway,NOR,2023-03-05,877.7,794
Norway,NOR,2023-03-12,868.5,837
Norway,NOR,2023-03-19,828.5,851
Norway,NOR,2023-03-26,817.1,853
Norway,NOR,2023-04-02,781.7,820
Norway,NOR,2023-04-09,799.9,793
Norway,NOR,2023-04-16,785.5,812
Norway,NOR,2023-04-23,766.5,842
Norway,NOR,2023-04-30,780.1,827
Norway,NOR,2023-05-07,742.1,775
Norway,NOR,2023-05-14,736.9,817
Norway,NOR,2023-05-21,724.9,712
Norway,NOR,2023-05-28,732.1,777
Norway,NOR,2023-06-04,714.3,808
Norway,NOR,2023-06-11,714.7,781
Norway,NOR,2023-06-18,722.9,804
Norway,NOR,2023-06-25,724.7,754
Norway,NOR,2023-07-02,734.3,833
Norway,NOR,2023-07-09,749.1,752
Norway,NOR,2023-07-16,718.7,756
Norway,NOR,2023-07-23,724.1,737
Norway,NOR,2023-07-30,722.5,752
Norway,NOR,2023-08-06,694.3,794
Norway,NOR,2023-08-13,718.5,759
Norway,NOR,2023-08-20,709.3,726
Norway,NOR,2023-08-27,717.7,754
Norway,NOR,2023-09-03,733.7,761
Norway,NOR,2023-09-10,724.1,809
Norway,NOR,2023-09-17,708.9,841
Norway,NOR,2023-09-24,721.1,816
Norway,NOR,2023-10-01,738.7,831
Norway,NOR,2023-10-08,730.7,782
Norway,NOR,2023-10-15,749.9,802
Norway,NOR,2023-10-22,749.7,856
Norway,NOR,2023-10-29,761.7,840
Norway,NOR,2023-11-05,753.9,872
Norway,NOR,2023-11-12,764.5,887
Norway,NOR,2023-11-19,782.7,923
Norway,NOR,2023-11-26,779.1,982
Norway,NOR,2023-12-03,794.5,919
Norway,NOR,2023-12-10,825.7,933
Norway,NOR,2023-12-17,824.1,919
Norway,NOR,2023-12-24,836.3,990
Norway,NOR,2023-12-31,876.9,914
Oman,OMN,2020-01-31,874.3,845
Oman,OMN,2020-02-29,741.9,739
Oman,OMN,2020-03-31,814.9,691
Oman,OMN,2020-04-30,744.5,669
Oman,OMN,2020-05-31,753.1,701
Oman,OMN,2020-06-30,735.1,865
Oman,OMN,2020-07-31,783.3,1060
Oman,OMN,2020-08-31,766.5,1021
Oman,OMN,2020-09-30,737.1,1082
Oman,OMN,2020-10-31,757.9,1124
Oman,OMN,2020-11-30,749.5,917
Oman,OMN,2020-12-31,802.3,875
Oman,OMN,2021-01-31,894.3,874
Oman,OMN,2021-02-28,761.9,795
Oman,OMN,2021-03-31,834.9,927
Oman,OMN,2021-04-30,764.5,1144
Oman,OMN,2021-05-31,773.1,1235
Oman,OMN,2021-06-30,755.1,1757
Oman,OMN,2021-07-31,803.3,1825
Oman,OMN,2021-08-31,786.5,1021
Oman,OMN,2021-09-30,757.1,720
Oman,OMN,2021-10-31,777.9,773
Oman,OMN,2021-11-30,769.5,751
Oman,OMN,2021-12-31,822.3,827
Oman,OMN,2022-01-31,914.3,958
Oman,OMN,2022-02-28,781.9,965
Oman,OMN,2022-03-31,854.9,848
Oman,OMN,2022-04-30,784.5,719
Oman,OMN,2022-05-31,793.1,746
Oman,OMN,2022-06-30,775.1,659
Oman,OMN,2022-07-31,823.3,818
Oman,OMN,2022-08-31,806.5,840
Oman,OMN,2022-09-30,777.1,725
Oman,OMN,2022-10-31,797.9,848
Oman,OMN,2022-11-30,789.5,764
Oman,OMN,2022-12-31,842.3,760
Oman,OMN,2023-01-31,934.3,820
Oman,OMN,2023-02-28,801.9,674
Oman,OMN,2023-03-31,874.9,769
Oman,OMN,2023-04-30,804.5,768
Oman,OMN,2023-05-31,813.1,791
Oman,OMN,2023-06-30,795.1,755
Oman,OMN,2023-07-31,843.3,772
Oman,OMN,2023-08-31,826.5,744
Oman,OMN,2023-09-30,797.1,697
Oman,OMN,2023-10-31,817.9,820
Oman,OMN,2023-11-30,809.5,778
Oman,OMN,2023-12-31,862.3,814
Palestine,PSE,2020-01-31,1347.8,1329
Palestine,PSE,2020-02-29,1150.8,1194
Palestine,PSE,2020-03-31,1155.8,1105
Palestine,PSE,2020-04-30,1044.3,889
Palestine,PSE,2020-05-31,1069.8,1044
Palestine,PSE,2020-06-30,959.8,883
Palestine,PSE,2020-07-31,968.8,1045
Palestine,PSE,2020-08-31,1019.8,1048
Palestine,PSE,2020-09-30,928.8,1149
Palestine,PSE,2020-10-31,1000.8,1165
Palestine,PSE,2020-11-30,1067.3,1357
Palestine,PSE,2020-12-31,1194.8,1898
Palestine,PSE,2021-01-31,1373.3,1625
Palestine,PSE,2021-02-28,1176.3,1324
Palestine,PSE,2021-03-31,1181.3,1892
Palestine,PSE,2021-04-30,1069.8,1794
Palestine,PSE,2021-05-31,1095.3,1556
Palestine,PSE,2021-06-30,985.3,1090
Palestine,PSE,2021-07-31,994.3,1046
Palestine,PSE,2021-08-31,1045.3,1139
Palestine,PSE,2021-09-30,954.3,1498
Palestine,PSE,2021-10-31,1026.3,1344
Palestine,PSE,2021-11-30,1092.8,1057
Palestine,PSE,2021-12-31,1220.3,1390
Palestine,PSE,2022-01-31,1398.8,
Palestine,PSE,2022-02-28,1201.8,
Palestine,PSE,2022-03-31,1206.8,
Palestine,PSE,2022-04-30,1095.3,
Palestine,PSE,2022-05-31,1120.8,
Palestine,PSE,2022-06-30,1010.8,
Palestine,PSE,2022-07-31,1019.8,
Palestine,PSE,2022-08-31,1070.8,
Palestine,PSE,2022-09-30,979.8,
Palestine,PSE,2022-10-31,1051.8,
Palestine,PSE,2022-11-30,1118.3,
Palestine,PSE,2022-12-31,1245.8,
Palestine,PSE,2023-01-31,1424.3,
Palestine,PSE,2023-02-28,1227.3,
Palestine,PSE,2023-03-31,1232.3,
Palestine,PSE,2023-04-30,1120.8,
Palestine,PSE,2023-05-31,1146.3,
Palestine,PSE,2023-06-30,1036.3,
Palestine,PSE,2023-07-31,1045.3,
Palestine,PSE,2023-08-31,1096.3,
Palestine,PSE,2023-09-30,1005.3,
Palestine,PSE,2023-10-31,1077.3,
Palestine,PSE,2023-11-30,1143.8,
Palestine,PSE,2023-12-31,1271.3,
Panama,PAN,2020-01-31,1793.2,2032
Panama,PAN,2020-02-29,1578.4,1531
Panama,PAN,2020-03-31,1707.2,1287
Panama,PAN,2020-04-30,1691.6,69
Panama,PAN,2020-05-31,1685.6,2483
Panama,PAN,2020-06-30,1732.8,2284
Panama,PAN,2020-07-31,1813.8,2742
Panama,PAN,2020-08-31,1767.8,2668
Panama,PAN,2020-09-30,1773.2,2401
Panama,PAN,2020-10-31,1800.6,2131
Panama,PAN,2020-11-30,1729.4,2108
Panama,PAN,2020-12-31,1786.8,2140
Panama,PAN,2021-01-31,1836.1,3147
Panama,PAN,2021-02-28,1621.3,3028
Panama,PAN,2021-03-31,1750.1,2437
Panama,PAN,2021-04-30,1734.5,1872
Panama,PAN,2021-05-31,1728.5,1795
Panama,PAN,2021-06-30,1775.7,1953
Panama,PAN,2021-07-31,1856.7,2068
Panama,PAN,2021-08-31,1810.7,2142
Panama,PAN,2021-09-30,1816.1,1998
Panama,PAN,2021-10-31,1843.5,1821
Panama,PAN,2021-11-30,1772.3,
Panama,PAN,2021-12-31,1829.7,
Panama,PAN,2022-01-31,1878.9,
Panama,PAN,2022-02-28,1664.1,
Panama,PAN,2022-03-31,1792.9,
Panama,PAN,2022-04-30,1777.3,
Panama,PAN,2022-05-31,1771.3,
Panama,PAN,2022-06-30,1818.5,
Panama,PAN,2022-07-31,1899.5,
Panama,PAN,2022-08-31,1853.5,
Panama,PAN,2022-09-30,1858.9,
Panama,PAN,2022-10-31,1886.3,
Panama,PAN,2022-11-30,1815.1,
Panama,PAN,2022-12-31,1872.5,
Panama,PAN,2023-01-31,1921.7,
Panama,PAN,2023-02-28,1706.9,
Panama,PAN,2023-03-31,1835.7,
Panama,PAN,2023-04-30,1820.1,
Panama,PAN,2023-05-31,1814.1,
Panama,PAN,2023-06-30,1861.3,
Panama,PAN,2023-07-31,1942.3,
Panama,PAN,2023-08-31,1896.3,
Panama,PAN,2023-09-30,1901.7,
Panama,PAN,2023-10-31,1929.1,
Panama,PAN,2023-11-30,1857.9,
Panama,PAN,2023-12-31,1915.3,
Paraguay,PRY,2020-01-31,2802.1,2863
Paraguay,PRY,2020-02-29,2507.1,2868
Paraguay,PRY,2020-03-31,2717.1,3010
Paraguay,PRY,2020-04-30,2660.9,2568
Paraguay,PRY,2020-05-31,2953.9,2676
Paraguay,PRY,2020-06-30,3237.5,2822
Paraguay,PRY,2020-07-31,3265.1,2991
Paraguay,PRY,2020-08-31,3061.5,3451
Paraguay,PRY,2020-09-30,2809.1,3414
Paraguay,PRY,2020-10-31,2743.1,3425
Paraguay,PRY,2020-11-30,2558.7,3100
Paraguay,PRY,2020-12-31,2764.5,3550
Paraguay,PRY,2021-01-31,2868.7,3326
Paraguay,PRY,2021-02-28,2573.7,3355
Paraguay,PRY,2021-03-31,2783.7,4782
Paraguay,PRY,2021-04-30,2727.5,6449
Paraguay,PRY,2021-05-31,3020.5,7700
Paraguay,PRY,2021-06-30,3304.1,7325
Paraguay,PRY,2021-07-31,3331.7,5214
Paraguay,PRY,2021-08-31,3128.1,3803
Paraguay,PRY,2021-09-30,2875.7,2986
Paraguay,PRY,2021-10-31,2809.7,2997
Paraguay,PRY,2021-11-30,2625.3,2932
Paraguay,PRY,2021-12-31,2831.1,3536
Paraguay,PRY,2022-01-31,2935.4,6584
Paraguay,PRY,2022-02-28,2640.4,4048
Paraguay,PRY,2022-03-31,2850.4,3136
Paraguay,PRY,2022-04-30,2794.2,2886
Paraguay,PRY,2022-05-31,3087.2,3177
Paraguay,PRY,2022-06-30,3370.8,3580
Paraguay,PRY,2022-07-31,3398.4,3655
Paraguay,PRY,2022-08-31,3194.8,3111
Paraguay,PRY,2022-09-30,2942.4,2835
Paraguay,PRY,2022-10-31,2876.4,2883
Paraguay,PRY,2022-11-30,2692,2763
Paraguay,PRY,2022-12-31,2897.8,3174
Paraguay,PRY,2023-01-31,3002,3141
Paraguay,PRY,2023-02-28,2707,3248
Paraguay,PRY,2023-03-31,2917,3782
Paraguay,PRY,2023-04-30,2860.8,3463
Paraguay,PRY,2023-05-31,3153.8,3442
Paraguay,PRY,2023-06-30,3437.4,3399
Paraguay,PRY,2023-07-31,3465,3131
Paraguay,PRY,2023-08-31,3261.4,2882
Paraguay,PRY,2023-09-30,3009,2867
Paraguay,PRY,2023-10-31,2943,2810
Paraguay,PRY,2023-11-30,2758.6,2670
Paraguay,PRY,2023-12-31,2964.4,3099
Peru,PER,2020-01-05,2855.6,2916.6
Peru,PER,2020-01-12,2848.9,2776.3
Peru,PER,2020-01-19,2859.6,2665.6
Peru,PER,2020-01-26,2879.9,2734.8
Peru,PER,2020-02-02,3012.2,2599.6
Peru,PER,2020-02-09,2906.9,2722
Peru,PER,2020-02-16,2947.9,2753.9
Peru,PER,2020-02-23,3054.9,2766.7
Peru,PER,2020-03-01,3139.2,2821
Peru,PER,2020-03-08,2969.6,2768.8
Peru,PER,2020-03-15,3032.9,2827.3
Peru,PER,2020-03-22,2956.9,2561.3
Peru,PER,2020-03-29,2901.9,2513.4
Peru,PER,2020-04-05,2909.6,2739
Peru,PER,2020-04-12,2813.6,2891.2
Peru,PER,2020-04-19,2924.2,3515.8
Peru,PER,2020-04-26,2812.2,4425.6
Peru,PER,2020-05-03,2929.9,5444
Peru,PER,2020-05-10,2832.2,6232.5
Peru,PER,2020-05-17,2933.9,6842.2
Peru,PER,2020-05-24,3001.2,7240.2
Peru,PER,2020-05-31,3019.9,7412.6
Peru,PER,2020-06-07,3144.6,7521.1
Peru,PER,2020-06-14,3160.9,7571.2
Peru,PER,2020-06-21,3262.2,7393.5
Peru,PER,2020-06-28,3236.2,6905
Peru,PER,2020-07-05,3291.2,6975.3
Peru,PER,2020-07-12,3153.2,7267.9
Peru,PER,2020-07-19,3234.2,7565.8
Peru,PER,2020-07-26,3258.2,7635
Peru,PER,2020-08-02,3207.6,7714.8
Peru,PER,2020-08-09,3277.2,7897.8
Peru,PER,2020-08-16,3143.6,7488.2
Peru,PER,2020-08-23,3130.9,6796.5
Peru,PER,2020-08-30,3227.2,6215.5
Peru,PER,2020-09-06,3194.6,5289.7
Peru,PER,2020-09-13,3206.6,4814
Peru,PER,2020-09-20,3255.6,4410.7
Peru,PER,2020-09-27,3265.2,3972.3
Peru,PER,2020-10-04,3170.9,3694.6
Peru,PER,2020-10-11,3231.2,3605.2
Peru,PER,2020-10-18,3286.2,3486
Peru,PER,2020-10-25,3218.2,3431.8
Peru,PER,2020-11-01,3245.9,3244.5
Peru,PER,2020-11-08,3192.9,3328.5
Peru,PER,2020-11-15,3039.6,3312.6
Peru,PER,2020-11-22,3080.9,3216.8
Peru,PER,2020-11-29,3043.9,3135.9
Peru,PER,2020-12-06,3080.2,3182.8
Peru,PER,2020-12-13,3118.9,3304.1
Peru,PER,2020-12-20,3099.6,3514.8
Peru,PER,2020-12-27,3180.2,3627.6
Peru,PER,2021-01-03,3180.2,3871.9
Peru,PER,2021-01-10,2927.9,4322.6
Peru,PER,2021-01-17,2921.2,5030.9
Peru,PER,2021-01-24,2931.9,6190.5
Peru,PER,2021-01-31,2952.2,7277.4
Peru,PER,2021-02-07,3084.5,7618
Peru,PER,2021-02-14,2979.2,8348
Peru,PER,2021-02-21,3020.2,8376.2
Peru,PER,2021-02-28,3127.2,8021.5
Peru,PER,2021-03-07,3211.5,8138.6
Peru,PER,2021-03-14,3041.9,8013.9
Peru,PER,2021-03-21,3105.2,8060.5
Peru,PER,2021-03-28,3029.2,8217.8
Peru,PER,2021-04-04,2974.2,8574.7
Peru,PER,2021-04-11,2981.9,9193
Peru,PER,2021-04-18,2885.9,9148.5
Peru,PER,2021-04-25,2996.5,8946.7
Peru,PER,2021-05-02,2884.5,8352.3
Peru,PER,2021-05-09,3002.2,7780.7
Peru,PER,2021-05-16,2904.5,7089.7
Peru,PER,2021-05-23,3006.2,6571.2
Peru,PER,2021-05-30,3073.5,6106.9
Peru,PER,2021-06-06,3092.2,5737.1
Peru,PER,2021-06-13,3216.9,5120.9
Peru,PER,2021-06-20,3233.2,4699
Peru,PER,2021-06-27,3334.5,4362.7
Peru,PER,2021-07-04,3308.5,4137.1
Peru,PER,2021-07-11,3363.5,3907.1
Peru,PER,2021-07-18,3225.5,3617.5
Peru,PER,2021-07-25,3306.5,3529.7
Peru,PER,2021-08-01,3330.5,3434.2
Peru,PER,2021-08-08,3279.9,3326.8
Peru,PER,2021-08-15,3349.5,3378.9
Peru,PER,2021-08-22,3215.9,3182.6
Peru,PER,2021-08-29,3203.2,3370.2
Peru,PER,2021-09-05,3299.5,3243.3
Peru,PER,2021-09-12,3266.9,3132.7
Peru,PER,2021-09-19,3278.9,3133.7
Peru,PER,2021-09-26,3327.9,3194.5
Peru,PER,2021-10-03,3337.5,3126.2
Peru,PER,2021-10-10,3243.2,3227
Peru,PER,2021-10-17,3303.5,3134.8
Peru,PER,2021-10-24,3358.5,3111
Peru,PER,2021-10-31,3290.5,3037.2
Peru,PER,2021-11-07,3318.2,3192.3
Peru,PER,2021-11-14,3265.2,3087.1
Peru,PER,2021-11-21,3111.9,3038.3
Peru,PER,2021-11-28,3153.2,3128.3
Peru,PER,2021-12-05,3116.2,3233.5
Peru,PER,2021-12-12,3152.5,3336.6
Peru,PER,2021-12-19,3191.2,3241.1
Peru,PER,2021-12-26,3171.9,3353.9
Peru,PER,2022-01-02,3252.5,3645.7
Peru,PER,2022-01-09,3000.2,3908.2
Peru,PER,2022-01-16,2993.5,4156.6
Peru,PER,2022-01-23,3004.2,4772.7
Peru,PER,2022-01-30,3024.5,5067.8
Peru,PER,2022-02-06,3156.8,4994
Peru,PER,2022-02-13,3051.5,4571
Peru,PER,2022-02-20,3092.5,4078.5
Peru,PER,2022-02-27,3199.5,3721.7
Peru,PER,2022-03-06,3283.8,3644.6
Peru,PER,2022-03-13,3114.2,3477.6
Peru,PER,2022-03-20,3177.5,3423.4
Peru,PER,2022-03-27,3101.5,3176
Peru,PER,2022-04-03,3046.5,3138.1
Peru,PER,2022-04-10,3054.2,3224.9
Peru,PER,2022-04-17,2958.2,3131.6
Peru,PER,2022-04-24,3068.8,3206.4
Peru,PER,2022-05-01,2956.8,3128.3
Peru,PER,2022-05-08,3074.5,3160.9
Peru,PER,2022-05-15,2976.8,3314.9
Peru,PER,2022-05-22,3078.5,3126.2
Peru,PER,2022-05-29,3145.8,3266.1
Peru,PER,2022-06-05,3164.5,3339.8
Peru,PER,2022-06-12,3289.2,3269.3
Peru,PER,2022-06-19,3305.5,3374.6
Peru,PER,2022-06-26,3406.8,3385.4
Peru,PER,2022-07-03,3380.8,3512.3
Peru,PER,2022-07-10,3435.8,3452.6
Peru,PER,2022-07-17,3297.8,3551.4
Peru,PER,2022-07-24,3378.8,3633.8
Peru,PER,2022-07-31,3402.8,3694.5
Peru,PER,2022-08-07,3352.2,3856.2
Peru,PER,2022-08-14,3421.8,3764
Peru,PER,2022-08-21,3288.2,3761.8
Peru,PER,2022-08-28,3275.5,3497.1
Peru,PER,2022-09-04,3371.8,3638.1
Peru,PER,2022-09-11,3339.2,3526.4
Peru,PER,2022-09-18,3351.2,3397.3
Peru,PER,2022-09-25,3400.2,3305.1
Peru,PER,2022-10-02,3409.8,3230.3
Peru,PER,2022-10-09,3315.5,3165.2
Peru,PER,2022-10-16,3375.8,
Peru,PER,2022-10-23,3430.8,
Peru,PER,2022-10-30,3362.8,
Peru,PER,2022-11-06,3390.5,
Peru,PER,2022-11-13,3337.5,
Peru,PER,2022-11-20,3184.2,
Peru,PER,2022-11-27,3225.5,
Peru,PER,2022-12-04,3188.5,
Peru,PER,2022-12-11,3224.8,
Peru,PER,2022-12-18,3263.5,
Peru,PER,2022-12-25,3244.2,
Peru,PER,2023-01-01,3324.8,
Peru,PER,2023-01-08,3072.4,
Peru,PER,2023-01-15,3065.8,
Peru,PER,2023-01-22,3076.4,
Peru,PER,2023-01-29,3096.8,
Peru,PER,2023-02-05,3229.1,
Peru,PER,2023-02-12,3123.8,
Peru,PER,2023-02-19,3164.8,
Peru,PER,2023-02-26,3271.8,
Peru,PER,2023-03-05,3356.1,
Peru,PER,2023-03-12,3186.4,
Peru,PER,2023-03-19,3249.8,
Peru,PER,2023-03-26,3173.8,
Peru,PER,2023-04-02,3118.8,
Peru,PER,2023-04-09,3126.4,
Peru,PER,2023-04-16,3030.4,
Peru,PER,2023-04-23,3141.1,
Peru,PER,2023-04-30,3029.1,
Peru,PER,2023-05-07,3146.8,
Peru,PER,2023-05-14,3049.1,
Peru,PER,2023-05-21,3150.8,
Peru,PER,2023-05-28,3218.1,
Peru,PER,2023-06-04,3236.8,
Peru,PER,2023-06-11,3361.4,
Peru,PER,2023-06-18,3377.8,
Peru,PER,2023-06-25,3479.1,
Peru,PER,2023-07-02,3453.1,
Peru,PER,2023-07-09,3508.1,
Peru,PER,2023-07-16,3370.1,
Peru,PER,2023-07-23,3451.1,
Peru,PER,2023-07-30,3475.1,
Peru,PER,2023-08-06,3424.4,
Peru,PER,2023-08-13,3494.1,
Peru,PER,2023-08-20,3360.4,
Peru,PER,2023-08-27,3347.8,
Peru,PER,2023-09-03,3444.1,
Peru,PER,2023-09-10,3411.4,
Peru,PER,2023-09-17,3423.4,
Peru,PER,2023-09-24,3472.4,
Peru,PER,2023-10-01,3482.1,
Peru,PER,2023-10-08,3387.8,
Peru,PER,2023-10-15,3448.1,
Peru,PER,2023-10-22,3503.1,
Peru,PER,2023-10-29,3435.1,
Peru,PER,2023-11-05,3462.8,
Peru,PER,2023-11-12,3409.8,
Peru,PER,2023-11-19,3256.4,
Peru,PER,2023-11-26,3297.8,
Peru,PER,2023-12-03,3260.8,
Peru,PER,2023-12-10,3297.1,
Peru,PER,2023-12-17,3335.8,
Peru,PER,2023-12-24,3316.4,
Peru,PER,2023-12-31,3397.1,
Philippines,PHL,2020-01-31,55199,53500
Philippines,PHL,2020-02-29,48657.6,46256
Philippines,PHL,2020-03-31,51114.8,45996
Philippines,PHL,2020-04-30,50462,44768
Philippines,PHL,2020-05-31,52306,50251
Philippines,PHL,2020-06-30,49310.2,48484
Philippines,PHL,2020-07-31,52063,54412
Philippines,PHL,2020-08-31,53768.8,56827
Philippines,PHL,2020-09-30,52574.4,53953
Philippines,PHL,2020-10-31,54519.6,54200
Philippines,PHL,2020-11-30,51878.2,51558
Philippines,PHL,2020-12-31,53219.2,53731
Philippines,PHL,2021-01-31,56266.9,59993
Philippines,PHL,2021-02-28,49725.5,53861
Philippines,PHL,2021-03-31,52182.7,62558
Philippines,PHL,2021-04-30,51529.9,70556
Philippines,PHL,2021-05-31,53373.9,71920
Philippines,PHL,2021-06-30,50378.1,68399
Philippines,PHL,2021-07-31,53130.9,75672
Philippines,PHL,2021-08-31,54836.7,97880
Philippines,PHL,2021-09-30,53642.3,119758
Philippines,PHL,2021-10-31,55587.5,84428
Philippines,PHL,2021-11-30,52946.1,58202
Philippines,PHL,2021-12-31,54287.1,56202
Philippines,PHL,2022-01-31,57334.7,70323
Philippines,PHL,2022-02-28,50793.3,52633
Philippines,PHL,2022-03-31,53250.5,52464
Philippines,PHL,2022-04-30,52597.7,50786
Philippines,PHL,2022-05-31,54441.7,54427
Philippines,PHL,2022-06-30,51445.9,52456
Philippines,PHL,2022-07-31,54198.7,56752
Philippines,PHL,2022-08-31,55904.5,60529
Philippines,PHL,2022-09-30,54710.1,57146
Philippines,PHL,2022-10-31,56655.3,57829
Philippines,PHL,2022-11-30,54013.9,55953
Philippines,PHL,2022-12-31,55354.9,58468
Philippines,PHL,2023-01-31,58402.6,60891
Philippines,PHL,2023-02-28,51861.2,52536
Philippines,PHL,2023-03-31,54318.4,57766
Philippines,PHL,2023-04-30,53665.6,55819
Philippines,PHL,2023-05-31,55509.6,59355
Philippines,PHL,2023-06-30,52513.8,57451
Philippines,PHL,2023-07-31,55266.6,59369
Philippines,PHL,2023-08-31,56972.4,58105
Philippines,PHL,2023-09-30,55778,55372
Philippines,PHL,2023-10-31,57723.2,59668
Philippines,PHL,2023-11-30,55081.8,59349
Philippines,PHL,2023-12-31,56422.8,59140
Poland,POL,2020-01-05,8800.9,8463
Poland,POL,2020-01-12,8809.9,8242
Poland,POL,2020-01-19,8836.7,8059
Poland,POL,2020-01-26,8911.9,8015
Poland,POL,2020-02-02,9168.9,8560
Poland,POL,2020-02-09,9117.3,8343
Poland,POL,2020-02-16,9175.5,8624
Poland,POL,2020-02-23,9087.1,8474
Poland,POL,2020-03-01,9085.7,8471
Poland,POL,2020-03-08,8926.7,8364
Poland,POL,2020-03-15,8704.9,8410
Poland,POL,2020-03-22,8572.7,8322
Poland,POL,2020-03-29,8442.9,8148
Poland,POL,2020-04-05,8253.9,7991
Poland,POL,2020-04-12,8101.3,7996
Poland,POL,2020-04-19,7904.1,8184
Poland,POL,2020-04-26,7914.5,7743
Poland,POL,2020-05-03,7722.3,7757
Poland,POL,2020-05-10,7582.5,7581
Poland,POL,2020-05-17,7464.3,7558
Poland,POL,2020-05-24,7562.3,7546
Poland,POL,2020-05-31,7535.7,7632
Poland,POL,2020-06-07,7503.9,7808
Poland,POL,2020-06-14,7491.5,7740
Poland,POL,2020-06-21,7458.5,7395
Poland,POL,2020-06-28,7301.7,7375
Poland,POL,2020-07-05,7315.1,7657
Poland,POL,2020-07-12,7295.1,7309
Poland,POL,2020-07-19,7362.5,7505
Poland,POL,2020-07-26,7620.1,7569
Poland,POL,2020-08-02,7506.5,7787
Poland,POL,2020-08-09,7469.5,7952
Poland,POL,2020-08-16,7305.5,8071
Poland,POL,2020-08-23,7147.3,7947
Poland,POL,2020-08-30,7431.7,7443
Poland,POL,2020-09-06,7302.7,7557
Poland,POL,2020-09-13,7239.7,7704
Poland,POL,2020-09-20,7500.7,8231
Poland,POL,2020-09-27,7713.5,8219
Poland,POL,2020-10-04,7915.9,8413
Poland,POL,2020-10-11,7866.5,9187
Poland,POL,2020-10-18,7994.1,10231
Poland,POL,2020-10-25,7896.7,12364
Poland,POL,2020-11-01,7895.3,14743
Poland,POL,2020-11-08,7793.9,16244
Poland,POL,2020-11-15,7838.1,15633
Poland,POL,2020-11-22,7930.9,14828
Poland,POL,2020-11-29,7965.1,13627
Poland,POL,2020-12-06,8173.3,12982
Poland,POL,2020-12-13,8138.7,12018
Poland,POL,2020-12-20,8317.3,11679
Poland,POL,2020-12-27,8577.9,12128
Poland,POL,2021-01-03,8577.9,11775
Poland,POL,2021-01-10,8900,11478
Poland,POL,2021-01-17,8909,10974
Poland,POL,2021-01-24,8935.8,11022
Poland,POL,2021-01-31,9011,10397
Poland,POL,2021-02-07,9268,9880
Poland,POL,2021-02-14,9216.4,9927
Poland,POL,2021-02-21,9274.6,10117
Poland,POL,2021-02-28,9186.2,9894
Poland,POL,2021-03-07,9184.8,10155
Poland,POL,2021-03-14,9025.8,10835
Poland,POL,2021-03-21,8804,11565
Poland,POL,2021-03-28,8671.8,12605
Poland,POL,2021-04-04,8542,13833
Poland,POL,2021-04-11,8353,13797
Poland,POL,2021-04-18,8200.4,12791
Poland,POL,2021-04-25,8003.2,11996
Poland,POL,2021-05-02,8013.6,11074
Poland,POL,2021-05-09,7821.4,10084
Poland,POL,2021-05-16,7681.6,9678
Poland,POL,2021-05-23,7563.4,8679
Poland,POL,2021-05-30,7661.4,8233
Poland,POL,2021-06-06,7634.8,8157
Poland,POL,2021-06-13,7603,8137
Poland,POL,2021-06-20,7590.6,8347
Poland,POL,2021-06-27,7557.6,8359
Poland,POL,2021-07-04,7400.8,7543
Poland,POL,2021-07-11,7414.2,7657
Poland,POL,2021-07-18,7394.2,7883
Poland,POL,2021-07-25,7461.6,7352
Poland,POL,2021-08-01,7719.2,7825
Poland,POL,2021-08-08,7605.6,7392
Poland,POL,2021-08-15,7568.6,7579
Poland,POL,2021-08-22,7404.6,7410
Poland,POL,2021-08-29,7246.4,7404
Poland,POL,2021-09-05,7530.8,7405
Poland,POL,2021-09-12,7401.8,8078
Poland,POL,2021-09-19,7338.8,7830
Poland,POL,2021-09-26,7599.8,8087
Poland,POL,2021-10-03,7812.6,8144
Poland,POL,2021-10-10,8015,8478
Poland,POL,2021-10-17,7965.6,8540
Poland,POL,2021-10-24,8093.2,8856
Poland,POL,2021-10-31,7995.8,9490
Poland,POL,2021-11-07,7994.4,9921
Poland,POL,2021-11-14,7893,10771
Poland,POL,2021-11-21,7937.2,12040
Poland,POL,2021-11-28,8030,12725
Poland,POL,2021-12-05,8064.2,13386
Poland,POL,2021-12-12,8272.4,13785
Poland,POL,2021-12-19,8237.8,13831
Poland,POL,2021-12-26,8416.4,13733
Poland,POL,2022-01-02,8677,13541
Poland,POL,2022-01-09,8999.1,12003
Poland,POL,2022-01-16,9008.1,10782
Poland,POL,2022-01-23,9034.9,10000
Poland,POL,2022-01-30,9110.1,10158
Poland,POL,2022-02-06,9367.1,10554
Poland,POL,2022-02-13,9315.5,10689
Poland,POL,2022-02-20,9373.7,10399
Poland,POL,2022-02-27,9285.3,9820
Poland,POL,2022-03-06,9283.9,9213
Poland,POL,2022-03-13,9124.9,9161
Poland,POL,2022-03-20,8903.1,8780
Poland,POL,2022-03-27,8770.9,8884
Poland,POL,2022-04-03,8641.1,8898
Poland,POL,2022-04-10,8452.1,8576
Poland,POL,2022-04-17,8299.5,8433
Poland,POL,2022-04-24,8102.3,8732
Poland,POL,2022-05-01,8112.7,8289
Poland,POL,2022-05-08,7920.5,8208
Poland,POL,2022-05-15,7780.7,7901
Poland,POL,2022-05-22,7662.5,7584
Poland,POL,2022-05-29,7760.5,7472
Poland,POL,2022-06-05,7733.9,7584
Poland,POL,2022-06-12,7702.1,7740
Poland,POL,2022-06-19,7689.7,7464
Poland,POL,2022-06-26,7656.7,7765
Poland,POL,2022-07-03,7499.9,8205
Poland,POL,2022-07-10,7513.3,7067
Poland,POL,2022-07-17,7493.3,7231
Poland,POL,2022-07-24,7560.7,7990
Poland,POL,2022-07-31,7818.3,7650
Poland,POL,2022-08-07,7704.7,7781
Poland,POL,2022-08-14,7667.7,7726
Poland,POL,2022-08-21,7503.7,8457
Poland,POL,2022-08-28,7345.5,7731
Poland,POL,2022-09-04,7629.9,7318
Poland,POL,2022-09-11,7500.9,7735
Poland,POL,2022-09-18,7437.9,8082
Poland,POL,2022-09-25,7698.9,8295
Poland,POL,2022-10-02,7911.7,8851
Poland,POL,2022-10-09,8114.1,8502
Poland,POL,2022-10-16,8064.7,8565
Poland,POL,2022-10-23,8192.3,8264
Poland,POL,2022-10-30,8094.9,8060
Poland,POL,2022-11-06,8093.5,7652
Poland,POL,2022-11-13,7992.1,7626
Poland,POL,2022-11-20,8036.3,7835
Poland,POL,2022-11-27,8129.1,8078
Poland,POL,2022-12-04,8163.3,8136
Poland,POL,2022-12-11,8371.5,8633
Poland,POL,2022-12-18,8336.9,9315
Poland,POL,2022-12-25,8515.5,10183
Poland,POL,2023-01-01,8776.1,10996
Poland,POL,2023-01-08,9098.2,10395
Poland,POL,2023-01-15,9107.2,9537
Poland,POL,2023-01-22,9134,8618
Poland,POL,2023-01-29,9209.2,8287
Poland,POL,2023-02-05,9466.2,8263
Poland,POL,2023-02-12,9414.6,8259
Poland,POL,2023-02-19,9472.8,8105
Poland,POL,2023-02-26,9384.4,8234
Poland,POL,2023-03-05,9383,8266
Poland,POL,2023-03-12,9224,8390
Poland,POL,2023-03-19,9002.2,8339
Poland,POL,2023-03-26,8870,8204
Poland,POL,2023-04-02,8740.2,7966
Poland,POL,2023-04-09,8551.2,7787
Poland,POL,2023-04-16,8398.6,7695
Poland,POL,2023-04-23,8201.4,7742
Poland,POL,2023-04-30,8211.8,7618
Poland,POL,2023-05-07,8019.6,7477
Poland,POL,2023-05-14,7879.8,7368
Poland,POL,2023-05-21,7761.6,7441
Poland,POL,2023-05-28,7859.6,7484
Poland,POL,2023-06-04,7833,7275
Poland,POL,2023-06-11,7801.2,7568
Poland,POL,2023-06-18,7788.8,7108
Poland,POL,2023-06-25,7755.8,7453
Poland,POL,2023-07-02,7599,6952
Poland,POL,2023-07-09,7612.4,6817
Poland,POL,2023-07-16,7592.4,7281
Poland,POL,2023-07-23,7659.8,6814
Poland,POL,2023-07-30,7917.4,7198
Poland,POL,2023-08-06,7803.8,6917
Poland,POL,2023-08-13,7766.8,6805
Poland,POL,2023-08-20,7602.8,7778
Poland,POL,2023-08-27,7444.6,7275
Poland,POL,2023-09-03,7729,6693
Poland,POL,2023-09-10,7600,7084
Poland,POL,2023-09-17,7537,7075
Poland,POL,2023-09-24,7798,7182
Poland,POL,2023-10-01,8010.8,7196
Poland,POL,2023-10-08,8213.2,7354
Poland,POL,2023-10-15,8163.8,7731
Poland,POL,2023-10-22,8291.4,7880
Poland,POL,2023-10-29,8194,7979
Poland,POL,2023-11-05,8192.6,8073
Poland,POL,2023-11-12,8091.2,7958
Poland,POL,2023-11-19,8135.4,7958
Poland,POL,2023-11-26,8228.2,8446
Poland,POL,2023-12-03,8262.4,8764
Poland,POL,2023-12-10,8470.6,8855
Poland,POL,2023-12-17,8436,8935
Poland,POL,2023-12-24,8614.6,9117
Poland,POL,2023-12-31,8875.2,8905
Portugal,PRT,2020-01-05,2846,2510
Portugal,PRT,2020-01-12,2859.6,2665
Portugal,PRT,2020-01-19,2910.2,2772
Portugal,PRT,2020-01-26,2877.4,2671
Portugal,PRT,2020-02-02,2738.4,2691
Portugal,PRT,2020-02-09,2698.6,2490
Portugal,PRT,2020-02-16,2695,2288
Portugal,PRT,2020-02-23,2559.6,2360
Portugal,PRT,2020-03-01,2514.8,2309
Portugal,PRT,2020-03-08,2390,2182
Portugal,PRT,2020-03-15,2328,2362
Portugal,PRT,2020-03-22,2264,2440
Portugal,PRT,2020-03-29,2212.2,2544
Portugal,PRT,2020-04-05,2236.8,2654
Portugal,PRT,2020-04-12,2159.6,2609
Portugal,PRT,2020-04-19,2060.4,2390
Portugal,PRT,2020-04-26,2040.4,2311
Portugal,PRT,2020-05-03,2027,2174
Portugal,PRT,2020-05-10,1970.4,2172
Portugal,PRT,2020-05-17,2008.8,2057
Portugal,PRT,2020-05-24,1968.6,2071
Portugal,PRT,2020-05-31,1967.4,2335
Portugal,PRT,2020-06-07,1931,2023
Portugal,PRT,2020-06-14,1925.2,1871
Portugal,PRT,2020-06-21,2035.6,1942
Portugal,PRT,2020-06-28,1903.4,2121
Portugal,PRT,2020-07-05,1862.2,2061
Portugal,PRT,2020-07-12,1894.4,2236
Portugal,PRT,2020-07-19,1886.6,2651
Portugal,PRT,2020-07-26,1905.4,2440
Portugal,PRT,2020-08-02,1953.2,2217
Portugal,PRT,2020-08-09,1987.2,2090
Portugal,PRT,2020-08-16,1872.8,1941
Portugal,PRT,2020-08-23,1963.4,2014
Portugal,PRT,2020-08-30,1842,2078
Portugal,PRT,2020-09-06,1895.6,2061
Portugal,PRT,2020-09-13,1838.2,2239
Portugal,PRT,2020-09-20,1870.2,2127
Portugal,PRT,2020-09-27,1912.2,1891
Portugal,PRT,2020-10-04,1960.4,2142
Portugal,PRT,2020-10-11,1920.2,2157
Portugal,PRT,2020-10-18,1989.8,2216
Portugal,PRT,2020-10-25,2034,2228
Portugal,PRT,2020-11-01,2035,2474
Portugal,PRT,2020-11-08,2079.8,2562
Portugal,PRT,2020-11-15,2128.2,2738
Portugal,PRT,2020-11-22,2167.8,2708
Portugal,PRT,2020-11-29,2250.4,2701
Portugal,PRT,2020-12-06,2290.4,2853
Portugal,PRT,2020-12-13,2332,3031
Portugal,PRT,2020-12-20,2448.2,2923
Portugal,PRT,2020-12-27,2597.4,2801
Portugal,PRT,2021-01-03,2597.4,3162
Portugal,PRT,2021-01-10,2863.2,3836
Portugal,PRT,2021-01-17,2876.8,4618
Portugal,PRT,2021-01-24,2927.4,5044
Portugal,PRT,2021-01-31,2894.6,4818
Portugal,PRT,2021-02-07,2755.6,3973
Portugal,PRT,2021-02-14,2715.8,3394
Portugal,PRT,2021-02-21,2712.2,2862
Portugal,PRT,2021-02-28,2576.8,2535
Portugal,PRT,2021-03-07,2532,2354
Portugal,PRT,2021-03-14,2407.2,2138
Portugal,PRT,2021-03-21,2345.2,2115
Portugal,PRT,2021-03-28,2281.2,2057
Portugal,PRT,2021-04-04,2229.4,2133
Portugal,PRT,2021-04-11,2254,1996
Portugal,PRT,2021-04-18,2176.8,1966
Portugal,PRT,2021-04-25,2077.6,1916
Portugal,PRT,2021-05-02,2057.6,1893
Portugal,PRT,2021-05-09,2044.2,2046
Portugal,PRT,2021-05-16,1987.6,1912
Portugal,PRT,2021-05-23,2026,1838
Portugal,PRT,2021-05-30,1985.8,1996
Portugal,PRT,2021-06-06,1984.6,1884
Portugal,PRT,2021-06-13,1948.2,1947
Portugal,PRT,2021-06-20,1942.4,1987
Portugal,PRT,2021-06-27,2052.8,1854
Portugal,PRT,2021-07-04,1920.6,1954
Portugal,PRT,2021-07-11,1879.4,1953
Portugal,PRT,2021-07-18,1911.6,2058
Portugal,PRT,2021-07-25,1903.8,1960
Portugal,PRT,2021-08-01,1922.6,1979
Portugal,PRT,2021-08-08,1970.4,2066
Portugal,PRT,2021-08-15,2004.4,2089
Portugal,PRT,2021-08-22,1890,2129
Portugal,PRT,2021-08-29,1980.6,2095
Portugal,PRT,2021-09-05,1859.2,2083
Portugal,PRT,2021-09-12,1912.8,1994
Portugal,PRT,2021-09-19,1855.4,1923
Portugal,PRT,2021-09-26,1887.4,2034
Portugal,PRT,2021-10-03,1929.4,2016
Portugal,PRT,2021-10-10,1977.6,2130
Portugal,PRT,2021-10-17,1937.4,2140
Portugal,PRT,2021-10-24,2007,2051
Portugal,PRT,2021-10-31,2051.2,2187
Portugal,PRT,2021-11-07,2052.2,2135
Portugal,PRT,2021-11-14,2097,2425
Portugal,PRT,2021-11-21,2145.4,2470
Portugal,PRT,2021-11-28,2185,2568
Portugal,PRT,2021-12-05,2267.6,2741
Portugal,PRT,2021-12-12,2307.6,2628
Portugal,PRT,2021-12-19,2349.2,2504
Portugal,PRT,2021-12-26,2465.4,2596
Portugal,PRT,2022-01-02,2614.6,2539
Portugal,PRT,2022-01-09,2880.4,2470
Portugal,PRT,2022-01-16,2894,2555
Portugal,PRT,2022-01-23,2944.6,2796
Portugal,PRT,2022-01-30,2911.8,2792
Portugal,PRT,2022-02-06,2772.8,2877
Portugal,PRT,2022-02-13,2733,2702
Portugal,PRT,2022-02-20,2729.4,2705
Portugal,PRT,2022-02-27,2594,2474
Portugal,PRT,2022-03-06,2549.2,2400
Portugal,PRT,2022-03-13,2424.4,2446
Portugal,PRT,2022-03-20,2362.4,2424
Portugal,PRT,2022-03-27,2298.4,2466
Portugal,PRT,2022-04-03,2246.6,2471
Portugal,PRT,2022-04-10,2271.2,2416
Portugal,PRT,2022-04-17,2194,2439
Portugal,PRT,2022-04-24,2094.8,2309
Portugal,PRT,2022-05-01,2074.8,2289
Portugal,PRT,2022-05-08,2061.4,2219
Portugal,PRT,2022-05-15,2004.8,2454
Portugal,PRT,2022-05-22,2043.2,2354
Portugal,PRT,2022-05-29,2003,2342
Portugal,PRT,2022-06-05,2001.8,2391
Portugal,PRT,2022-06-12,1965.4,2502
Portugal,PRT,2022-06-19,1959.6,2680
Portugal,PRT,2022-06-26,2070,2175
Portugal,PRT,2022-07-03,1937.8,2149
Portugal,PRT,2022-07-10,1896.6,2359
Portugal,PRT,2022-07-17,1928.8,2745
Portugal,PRT,2022-07-24,1921,2361
Portugal,PRT,2022-07-31,1939.8,2312
Portugal,PRT,2022-08-07,1987.6,2198
Portugal,PRT,2022-08-14,2021.6,2101
Portugal,PRT,2022-08-21,1907.2,2070
Portugal,PRT,2022-08-28,1997.8,2051
Portugal,PRT,2022-09-04,1876.4,2054
Portugal,PRT,2022-09-11,1930,2048
Portugal,PRT,2022-09-18,1872.6,2092
Portugal,PRT,2022-09-25,1904.6,2121
Portugal,PRT,2022-10-02,1946.6,1922
Portugal,PRT,2022-10-09,1994.8,2138
Portugal,PRT,2022-10-16,1954.6,2146
Portugal,PRT,2022-10-23,2024.2,2108
Portugal,PRT,2022-10-30,2068.4,2197
Portugal,PRT,2022-11-06,2069.4,2240
Portugal,PRT,2022-11-13,2114.2,2336
Portugal,PRT,2022-11-20,2162.6,2356
Portugal,PRT,2022-11-27,2202.2,2513
Portugal,PRT,2022-12-04,2284.8,2665
Portugal,PRT,2022-12-11,2324.8,2836
Portugal,PRT,2022-12-18,2366.4,2927
Portugal,PRT,2022-12-25,2482.6,2732
Portugal,PRT,2023-01-01,2631.8,2711
Portugal,PRT,2023-01-08,2897.6,2749
Portugal,PRT,2023-01-15,2911.2,2608
Portugal,PRT,2023-01-22,2961.8,2711
Portugal,PRT,2023-01-29,2929,2640
Portugal,PRT,2023-02-05,2790,2844
Portugal,PRT,2023-02-12,2750.2,2862
Portugal,PRT,2023-02-19,2746.6,2702
Portugal,PRT,2023-02-26,2611.2,2536
Portugal,PRT,2023-03-05,2566.4,2580
Portugal,PRT,2023-03-12,2441.6,2553
Portugal,PRT,2023-03-19,2379.6,2349
Portugal,PRT,2023-03-26,2315.6,2219
Portugal,PRT,2023-04-02,2263.8,2227
Portugal,PRT,2023-04-09,2288.4,2150
Portugal,PRT,2023-04-16,2211.2,2083
Portugal,PRT,2023-04-23,2112,2151
Portugal,PRT,2023-04-30,2092,2231
Portugal,PRT,2023-05-07,2078.6,2138
Portugal,PRT,2023-05-14,2022,1944
Portugal,PRT,2023-05-21,2060.4,2104
Portugal,PRT,2023-05-28,2020.2,2118
Portugal,PRT,2023-06-04,2019,2104
Portugal,PRT,2023-06-11,1982.6,2108
Portugal,PRT,2023-06-18,1976.8,2025
Portugal,PRT,2023-06-25,2087.2,2080
Portugal,PRT,2023-07-02,1955,2019
Portugal,PRT,2023-07-09,1913.8,1944
Portugal,PRT,2023-07-16,1946,1988
Portugal,PRT,2023-07-23,1938.2,1965
Portugal,PRT,2023-07-30,1957,1980
Portugal,PRT,2023-08-06,2004.8,2076
Portugal,PRT,2023-08-13,2038.8,2222
Portugal,PRT,2023-08-20,1924.4,2088
Portugal,PRT,2023-08-27,2015,2311
Portugal,PRT,2023-09-03,1893.6,2065
Portugal,PRT,2023-09-10,1947.2,2074
Portugal,PRT,2023-09-17,1889.8,2065
Portugal,PRT,2023-09-24,1921.8,2063
Portugal,PRT,2023-10-01,1963.8,2116
Portugal,PRT,2023-10-08,2012,2093
Portugal,PRT,2023-10-15,1971.8,2105
Portugal,PRT,2023-10-22,2041.4,2044
Portugal,PRT,2023-10-29,2085.6,2128
Portugal,PRT,2023-11-05,2086.6,2129
Portugal,PRT,2023-11-12,2131.4,2321
Portugal,PRT,2023-11-19,2179.8,2198
Portugal,PRT,2023-11-26,2219.4,2184
Portugal,PRT,2023-12-03,2302,2324
Portugal,PRT,2023-12-10,2342,2511
Portugal,PRT,2023-12-17,2383.6,2547
Portugal,PRT,2023-12-24,2499.8,2748
Portugal,PRT,2023-12-31,2649,3397
Puerto Rico,PRI,2020-01-05,667,545
Puerto Rico,PRI,2020-01-12,636.4,585
Puerto Rico,PRI,2020-01-19,647.2,660
Puerto Rico,PRI,2020-01-26,626,619
Puerto Rico,PRI,2020-02-02,634.6,576
Puerto Rico,PRI,2020-02-09,621.2,597
Puerto Rico,PRI,2020-02-16,605.4,611
Puerto Rico,PRI,2020-02-23,592.2,603
Puerto Rico,PRI,2020-03-01,596.2,619
Puerto Rico,PRI,2020-03-08,576.4,618
Puerto Rico,PRI,2020-03-15,580.6,606
Puerto Rico,PRI,2020-03-22,572.4,616
Puerto Rico,PRI,2020-03-29,545.6,639
Puerto Rico,PRI,2020-04-05,552.2,572
Puerto Rico,PRI,2020-04-12,549,592
Puerto Rico,PRI,2020-04-19,529.4,558
Puerto Rico,PRI,2020-04-26,543,545
Puerto Rico,PRI,2020-05-03,540.4,542
Puerto Rico,PRI,2020-05-10,543.4,562
Puerto Rico,PRI,2020-05-17,557,539
Puerto Rico,PRI,2020-05-24,566,551
Puerto Rico,PRI,2020-05-31,537.4,561
Puerto Rico,PRI,2020-06-07,542.6,586
Puerto Rico,PRI,2020-06-14,570.4,560
Puerto Rico,PRI,2020-06-21,548.6,590
Puerto Rico,PRI,2020-06-28,553,543
Puerto Rico,PRI,2020-07-05,569.4,556
Puerto Rico,PRI,2020-07-12,554.2,592
Puerto Rico,PRI,2020-07-19,551.6,591
Puerto Rico,PRI,2020-07-26,537.4,603
Puerto Rico,PRI,2020-08-02,544,644
Puerto Rico,PRI,2020-08-09,539.4,649
Puerto Rico,PRI,2020-08-16,551.4,667
Puerto Rico,PRI,2020-08-23,530.4,684
Puerto Rico,PRI,2020-08-30,532.4,605
Puerto Rico,PRI,2020-09-06,556,632
Puerto Rico,PRI,2020-09-13,560.8,625
Puerto Rico,PRI,2020-09-20,566.6,612
Puerto Rico,PRI,2020-09-27,635.6,625
Puerto Rico,PRI,2020-10-04,593.4,594
Puerto Rico,PRI,2020-10-11,563.4,648
Puerto Rico,PRI,2020-10-18,576.2,613
Puerto Rico,PRI,2020-10-25,565,600
Puerto Rico,PRI,2020-11-01,547.4,611
Puerto Rico,PRI,2020-11-08,570.6,628
Puerto Rico,PRI,2020-11-15,572.6,624
Puerto Rico,PRI,2020-11-22,607,677
Puerto Rico,PRI,2020-11-29,599.4,682
Puerto Rico,PRI,2020-12-06,598.6,677
Puerto Rico,PRI,2020-12-13,605.8,679
Puerto Rico,PRI,2020-12-20,622.6,711
Puerto Rico,PRI,2020-12-27,624,689
Puerto Rico,PRI,2021-01-03,624,689
Puerto Rico,PRI,2021-01-10,671.1,713
Puerto Rico,PRI,2021-01-17,640.5,654
Puerto Rico,PRI,2021-01-24,651.3,652
Puerto Rico,PRI,2021-01-31,630.1,670
Puerto Rico,PRI,2021-02-07,638.7,621
Puerto Rico,PRI,2021-02-14,625.3,636
Puerto Rico,PRI,2021-02-21,609.5,645
Puerto Rico,PRI,2021-02-28,596.3,620
Puerto Rico,PRI,2021-03-07,600.3,627
Puerto Rico,PRI,2021-03-14,580.5,605
Puerto Rico,PRI,2021-03-21,584.7,633
Puerto Rico,PRI,2021-03-28,576.5,631
Puerto Rico,PRI,2021-04-04,549.7,596
Puerto Rico,PRI,2021-04-11,556.3,587
Puerto Rico,PRI,2021-04-18,553.1,646
Puerto Rico,PRI,2021-04-25,533.5,689
Puerto Rico,PRI,2021-05-02,547.1,622
Puerto Rico,PRI,2021-05-09,544.5,663
Puerto Rico,PRI,2021-05-16,547.5,663
Puerto Rico,PRI,2021-05-23,561.1,636
Puerto Rico,PRI,2021-05-30,570.1,622
Puerto Rico,PRI,2021-06-06,541.5,617
Puerto Rico,PRI,2021-06-13,546.7,578
Puerto Rico,PRI,2021-06-20,574.5,606
Puerto Rico,PRI,2021-06-27,552.7,625
Puerto Rico,PRI,2021-07-04,557.1,640
Puerto Rico,PRI,2021-07-11,573.5,606
Puerto Rico,PRI,2021-07-18,558.3,586
Puerto Rico,PRI,2021-07-25,555.7,588
Puerto Rico,PRI,2021-08-01,541.5,588
Puerto Rico,PRI,2021-08-08,548.1,646
Puerto Rico,PRI,2021-08-15,543.5,685
Puerto Rico,PRI,2021-08-22,555.5,687
Puerto Rico,PRI,2021-08-29,534.5,682
Puerto Rico,PRI,2021-09-05,536.5,691
Puerto Rico,PRI,2021-09-12,560.1,713
Puerto Rico,PRI,2021-09-19,564.9,671
Puerto Rico,PRI,2021-09-26,570.7,682
Puerto Rico,PRI,2021-10-03,639.7,612
Puerto Rico,PRI,2021-10-10,597.5,584
Puerto Rico,PRI,2021-10-17,567.5,640
Puerto Rico,PRI,2021-10-24,580.3,588
Puerto Rico,PRI,2021-10-31,569.1,613
Puerto Rico,PRI,2021-11-07,551.5,622
Puerto Rico,PRI,2021-11-14,574.7,617
Puerto Rico,PRI,2021-11-21,576.7,614
Puerto Rico,PRI,2021-11-28,611.1,580
Puerto Rico,PRI,2021-12-05,603.5,604
Puerto Rico,PRI,2021-12-12,602.7,627
Puerto Rico,PRI,2021-12-19,609.9,629
Puerto Rico,PRI,2021-12-26,626.7,629
Puerto Rico,PRI,2022-01-02,628.1,697
Puerto Rico,PRI,2022-01-09,675.2,825
Puerto Rico,PRI,2022-01-16,644.6,869
Puerto Rico,PRI,2022-01-23,655.4,869
Puerto Rico,PRI,2022-01-30,634.2,801
Puerto Rico,PRI,2022-02-06,642.8,667
Puerto Rico,PRI,2022-02-13,629.4,696
Puerto Rico,PRI,2022-02-20,613.6,663
Puerto Rico,PRI,2022-02-27,600.4,636
Puerto Rico,PRI,2022-03-06,604.4,634
Puerto Rico,PRI,2022-03-13,584.6,599
Puerto Rico,PRI,2022-03-20,588.8,578
Puerto Rico,PRI,2022-03-27,580.6,605
Puerto Rico,PRI,2022-04-03,553.8,636
Puerto Rico,PRI,2022-04-10,560.4,605
Puerto Rico,PRI,2022-04-17,557.2,615
Puerto Rico,PRI,2022-04-24,537.6,572
Puerto Rico,PRI,2022-05-01,551.2,643
Puerto Rico,PRI,2022-05-08,548.6,622
Puerto Rico,PRI,2022-05-15,551.6,643
Puerto Rico,PRI,2022-05-22,565.2,723
Puerto Rico,PRI,2022-05-29,574.2,613
Puerto Rico,PRI,2022-06-05,545.6,621
Puerto Rico,PRI,2022-06-12,550.8,648
Puerto Rico,PRI,2022-06-19,578.6,612
Puerto Rico,PRI,2022-06-26,556.8,659
Puerto Rico,PRI,2022-07-03,561.2,683
Puerto Rico,PRI,2022-07-10,577.6,701
Puerto Rico,PRI,2022-07-17,562.4,669
Puerto Rico,PRI,2022-07-24,559.8,658
Puerto Rico,PRI,2022-07-31,545.6,656
Puerto Rico,PRI,2022-08-07,552.2,727
Puerto Rico,PRI,2022-08-14,547.6,708
Puerto Rico,PRI,2022-08-21,559.6,609
Puerto Rico,PRI,2022-08-28,538.6,675
Puerto Rico,PRI,2022-09-04,540.6,664
Puerto Rico,PRI,2022-09-11,564.2,587
Puerto Rico,PRI,2022-09-18,569,606
Puerto Rico,PRI,2022-09-25,574.8,736
Puerto Rico,PRI,2022-10-02,643.8,674
Puerto Rico,PRI,2022-10-09,601.6,668
Puerto Rico,PRI,2022-10-16,571.6,676
Puerto Rico,PRI,2022-10-23,584.4,666
Puerto Rico,PRI,2022-10-30,573.2,687
Puerto Rico,PRI,2022-11-06,555.6,644
Puerto Rico,PRI,2022-11-13,578.8,667
Puerto Rico,PRI,2022-11-20,580.8,696
Puerto Rico,PRI,2022-11-27,615.2,747
Puerto Rico,PRI,2022-12-04,607.6,695
Puerto Rico,PRI,2022-12-11,606.8,723
Puerto Rico,PRI,2022-12-18,614,722
Puerto Rico,PRI,2022-12-25,630.8,725
Puerto Rico,PRI,2023-01-01,632.2,723
Puerto Rico,PRI,2023-01-08,679.4,698
Puerto Rico,PRI,2023-01-15,648.8,757
Puerto Rico,PRI,2023-01-22,659.6,702
Puerto Rico,PRI,2023-01-29,638.4,694
Puerto Rico,PRI,2023-02-05,647,684
Puerto Rico,PRI,2023-02-12,633.6,709
Puerto Rico,PRI,2023-02-19,617.8,722
Puerto Rico,PRI,2023-02-26,604.6,662
Puerto Rico,PRI,2023-03-05,608.6,684
Puerto Rico,PRI,2023-03-12,588.8,683
Puerto Rico,PRI,2023-03-19,593,667
Puerto Rico,PRI,2023-03-26,584.8,606
Puerto Rico,PRI,2023-04-02,558,625
Puerto Rico,PRI,2023-04-09,564.6,550
Puerto Rico,PRI,2023-04-16,561.4,645
Puerto Rico,PRI,2023-04-23,541.8,631
Puerto Rico,PRI,2023-04-30,555.4,604
Puerto Rico,PRI,2023-05-07,552.8,631
Puerto Rico,PRI,2023-05-14,555.8,651
Puerto Rico,PRI,2023-05-21,569.4,611
Puerto Rico,PRI,2023-05-28,578.4,625
Puerto Rico,PRI,2023-06-04,549.8,611
Puerto Rico,PRI,2023-06-11,555,739
Puerto Rico,PRI,2023-06-18,582.8,655
Puerto Rico,PRI,2023-06-25,561,663
Puerto Rico,PRI,2023-07-02,565.4,703
Puerto Rico,PRI,2023-07-09,581.8,671
Puerto Rico,PRI,2023-07-16,566.6,634
Puerto Rico,PRI,2023-07-23,564,656
Puerto Rico,PRI,2023-07-30,549.8,633
Puerto Rico,PRI,2023-08-06,556.4,693
Puerto Rico,PRI,2023-08-13,551.8,670
Puerto Rico,PRI,2023-08-20,563.8,699
Puerto Rico,PRI,2023-08-27,542.8,762
Puerto Rico,PRI,2023-09-03,544.8,
Puerto Rico,PRI,2023-09-10,568.4,
Puerto Rico,PRI,2023-09-17,573.2,
Puerto Rico,PRI,2023-09-24,579,
Puerto Rico,PRI,2023-10-01,648,
Puerto Rico,PRI,2023-10-08,605.8,
Puerto Rico,PRI,2023-10-15,575.8,
Puerto Rico,PRI,2023-10-22,588.6,
Puerto Rico,PRI,2023-10-29,577.4,
Puerto Rico,PRI,2023-11-05,559.8,
Puerto Rico,PRI,2023-11-12,583,
Puerto Rico,PRI,2023-11-19,585,
Puerto Rico,PRI,2023-11-26,619.4,
Puerto Rico,PRI,2023-12-03,611.8,
Puerto Rico,PRI,2023-12-10,611,
Puerto Rico,PRI,2023-12-17,618.2,
Puerto Rico,PRI,2023-12-24,635,
Puerto Rico,PRI,2023-12-31,636.4,
Qatar,QAT,2020-01-31,192.7,192
Qatar,QAT,2020-02-29,183.5,198
Qatar,QAT,2020-03-31,187.7,221
Qatar,QAT,2020-04-30,184.5,166
Qatar,QAT,2020-05-31,197.3,238
Qatar,QAT,2020-06-30,181.9,303
Qatar,QAT,2020-07-31,174.5,269
Qatar,QAT,2020-08-31,177.3,209
Qatar,QAT,2020-09-30,180.7,216
Qatar,QAT,2020-10-31,188.5,226
Qatar,QAT,2020-11-30,196.3,168
Qatar,QAT,2020-12-31,204.9,221
Qatar,QAT,2021-01-31,191.1,212
Qatar,QAT,2021-02-28,181.9,178
Qatar,QAT,2021-03-31,186.1,250
Qatar,QAT,2021-04-30,182.9,395
Qatar,QAT,2021-05-31,195.7,273
Qatar,QAT,2021-06-30,180.3,229
Qatar,QAT,2021-07-31,172.9,209
Qatar,QAT,2021-08-31,175.7,221
Qatar,QAT,2021-09-30,179.1,168
Qatar,QAT,2021-10-31,186.9,215
Qatar,QAT,2021-11-30,194.7,203
Qatar,QAT,2021-12-31,203.3,221
Qatar,QAT,2022-01-31,189.4,292
Qatar,QAT,2022-02-28,180.2,228
Qatar,QAT,2022-03-31,184.4,224
Qatar,QAT,2022-04-30,181.2,218
Qatar,QAT,2022-05-31,194,204
Qatar,QAT,2022-06-30,178.6,178
Qatar,QAT,2022-07-31,171.2,213
Qatar,QAT,2022-08-31,174,229
Qatar,QAT,2022-09-30,177.4,230
Qatar,QAT,2022-10-31,185.2,221
Qatar,QAT,2022-11-30,193,226
Qatar,QAT,2022-12-31,201.6,226
Qatar,QAT,2023-01-31,187.8,236
Qatar,QAT,2023-02-28,178.6,213
Qatar,QAT,2023-03-31,182.8,233
Qatar,QAT,2023-04-30,179.6,192
Qatar,QAT,2023-05-31,192.4,211
Qatar,QAT,2023-06-30,177,186
Qatar,QAT,2023-07-31,169.6,218
Qatar,QAT,2023-08-31,172.4,204
Qatar,QAT,2023-09-30,175.8,217
Qatar,QAT,2023-10-31,183.6,262
Qatar,QAT,2023-11-30,191.4,243
Qatar,QAT,2023-12-31,200,236
Reunion,REU,2020-01-05,104.5,87
Reunion,REU,2020-01-12,101.1,96
Reunion,REU,2020-01-19,102.7,93
Reunion,REU,2020-01-26,101.5,106
Reunion,REU,2020-02-02,100.9,87
Reunion,REU,2020-02-09,95.7,99
Reunion,REU,2020-02-16,99.1,107
Reunion,REU,2020-02-23,105.1,83
Reunion,REU,2020-03-01,101.1,77
Reunion,REU,2020-03-08,99.3,99
Reunion,REU,2020-03-15,105.5,102
Reunion,REU,2020-03-22,104.1,102
Reunion,REU,2020-03-29,98.9,87
Reunion,REU,2020-04-05,92.1,93
Reunion,REU,2020-04-12,85.5,80
Reunion,REU,2020-04-19,96.9,102
Reunion,REU,2020-04-26,87.3,69
Reunion,REU,2020-05-03,90.3,100
Reunion,REU,2020-05-10,108.9,106
Reunion,REU,2020-05-17,99.1,84
Reunion,REU,2020-05-24,95.7,89
Reunion,REU,2020-05-31,89.7,103
Reunion,REU,2020-06-07,100.7,108
Reunion,REU,2020-06-14,95.5,120
Reunion,REU,2020-06-21,104.9,101
Reunion,REU,2020-06-28,107.7,105
Reunion,REU,2020-07-05,98.7,98
Reunion,REU,2020-07-12,109.5,101
Reunion,REU,2020-07-19,98.1,99
Reunion,REU,2020-07-26,114.9,113
Reunion,REU,2020-08-02,105.7,108
Reunion,REU,2020-08-09,96.7,99
Reunion,REU,2020-08-16,100.1,124
Reunion,REU,2020-08-23,100.1,103
Reunion,REU,2020-08-30,103.5,107
Reunion,REU,2020-09-06,99.9,105
Reunion,REU,2020-09-13,102.5,99
Reunion,REU,2020-09-20,102.3,105
Reunion,REU,2020-09-27,111.1,92
Reunion,REU,2020-10-04,101.7,109
Reunion,REU,2020-10-11,107.3,103
Reunion,REU,2020-10-18,107.5,87
Reunion,REU,2020-10-25,109.7,93
Reunion,REU,2020-11-01,106.9,98
Reunion,REU,2020-11-08,106.9,106
Reunion,REU,2020-11-15,94.9,101
Reunion,REU,2020-11-22,103.3,112
Reunion,REU,2020-11-29,97.7,101
Reunion,REU,2020-12-06,99.3,103
Reunion,REU,2020-12-13,91.3,87
Reunion,REU,2020-12-20,97.5,95
Reunion,REU,2020-12-27,105.9,108
Reunion,REU,2021-01-03,105.9,114
Reunion,REU,2021-01-10,107.4,102
Reunion,REU,2021-01-17,104,107
Reunion,REU,2021-01-24,105.6,106
Reunion,REU,2021-01-31,104.4,92
Reunion,REU,2021-02-07,103.8,97
Reunion,REU,2021-02-14,98.6,109
Reunion,REU,2021-02-21,102,95
Reunion,REU,2021-02-28,108,106
Reunion,REU,2021-03-07,104,97
Reunion,REU,2021-03-14,102.2,119
Reunion,REU,2021-03-21,108.4,121
Reunion,REU,2021-03-28,107,123
Reunion,REU,2021-04-04,101.8,95
Reunion,REU,2021-04-11,95,107
Reunion,REU,2021-04-18,88.4,102
Reunion,REU,2021-04-25,99.8,108
Reunion,REU,2021-05-02,90.2,115
Reunion,REU,2021-05-09,93.2,101
Reunion,REU,2021-05-16,111.8,124
Reunion,REU,2021-05-23,102,91
Reunion,REU,2021-05-30,98.6,114
Reunion,REU,2021-06-06,92.6,133
Reunion,REU,2021-06-13,103.6,130
Reunion,REU,2021-06-20,98.4,108
Reunion,REU,2021-06-27,107.8,101
Reunion,REU,2021-07-04,110.6,134
Reunion,REU,2021-07-11,101.6,130
Reunion,REU,2021-07-18,112.4,110
Reunion,REU,2021-07-25,101,126
Reunion,REU,2021-08-01,117.8,99
Reunion,REU,2021-08-08,108.6,133
Reunion,REU,2021-08-15,99.6,108
Reunion,REU,2021-08-22,103,125
Reunion,REU,2021-08-29,103,121
Reunion,REU,2021-09-05,106.4,107
Reunion,REU,2021-09-12,102.8,132
Reunion,REU,2021-09-19,105.4,114
Reunion,REU,2021-09-26,105.2,90
Reunion,REU,2021-10-03,114,109
Reunion,REU,2021-10-10,104.6,110
Reunion,REU,2021-10-17,110.2,106
Reunion,REU,2021-10-24,110.4,112
Reunion,REU,2021-10-31,112.6,108
Reunion,REU,2021-11-07,109.8,117
Reunion,REU,2021-11-14,109.8,97
Reunion,REU,2021-11-21,97.8,127
Reunion,REU,2021-11-28,106.2,94
Reunion,REU,2021-12-05,100.6,97
Reunion,REU,2021-12-12,102.2,109
Reunion,REU,2021-12-19,94.2,124
Reunion,REU,2021-12-26,100.4,128
Reunion,REU,2022-01-02,108.8,119
Reunion,REU,2022-01-09,110.2,152
Reunion,REU,2022-01-16,106.8,175
Reunion,REU,2022-01-23,108.4,177
Reunion,REU,2022-01-30,107.2,162
Reunion,REU,2022-02-06,106.6,167
Reunion,REU,2022-02-13,101.4,165
Reunion,REU,2022-02-20,104.8,153
Reunion,REU,2022-02-27,110.8,112
Reunion,REU,2022-03-06,106.8,134
Reunion,REU,2022-03-13,105,124
Reunion,REU,2022-03-20,111.2,135
Reunion,REU,2022-03-27,109.8,117
Reunion,REU,2022-04-03,104.6,100
Reunion,REU,2022-04-10,97.8,119
Reunion,REU,2022-04-17,91.2,111
Reunion,REU,2022-04-24,102.6,100
Reunion,REU,2022-05-01,93,136
Reunion,REU,2022-05-08,96,115
Reunion,REU,2022-05-15,114.6,111
Reunion,REU,2022-05-22,104.8,118
Reunion,REU,2022-05-29,101.4,94
Reunion,REU,2022-06-05,95.4,119
Reunion,REU,2022-06-12,106.4,118
Reunion,REU,2022-06-19,101.2,95
Reunion,REU,2022-06-26,110.6,99
Reunion,REU,2022-07-03,113.4,107
Reunion,REU,2022-07-10,104.4,148
Reunion,REU,2022-07-17,115.2,112
Reunion,REU,2022-07-24,103.8,133
Reunion,REU,2022-07-31,120.6,141
Reunion,REU,2022-08-07,111.4,141
Reunion,REU,2022-08-14,102.4,155
Reunion,REU,2022-08-21,105.8,132
Reunion,REU,2022-08-28,105.8,133
Reunion,REU,2022-09-04,109.2,115
Reunion,REU,2022-09-11,105.6,123
Reunion,REU,2022-09-18,108.2,123
Reunion,REU,2022-09-25,108,109
Reunion,REU,2022-10-02,116.8,120
Reunion,REU,2022-10-09,107.4,105
Reunion,REU,2022-10-16,113,118
Reunion,REU,2022-10-23,113.2,105
Reunion,REU,2022-10-30,115.4,97
Reunion,REU,2022-11-06,112.6,118
Reunion,REU,2022-11-13,112.6,102
Reunion,REU,2022-11-20,100.6,105
Reunion,REU,2022-11-27,109,96
Reunion,REU,2022-12-04,103.4,115
Reunion,REU,2022-12-11,105,115
Reunion,REU,2022-12-18,97,115
Reunion,REU,2022-12-25,103.2,81
Reunion,REU,2023-01-01,111.6,137
Reunion,REU,2023-01-08,113,102
Reunion,REU,2023-01-15,109.6,95
Reunion,REU,2023-01-22,111.2,114
Reunion,REU,2023-01-29,110,128
Reunion,REU,2023-02-05,109.4,96
Reunion,REU,2023-02-12,104.2,111
Reunion,REU,2023-02-19,107.6,112
Reunion,REU,2023-02-26,113.6,101
Reunion,REU,2023-03-05,109.6,107
Reunion,REU,2023-03-12,107.8,95
Reunion,REU,2023-03-19,114,93
Reunion,REU,2023-03-26,112.6,100
Reunion,REU,2023-04-02,107.4,100
Reunion,REU,2023-04-09,100.6,102
Reunion,REU,2023-04-16,94,101
Reunion,REU,2023-04-23,105.4,89
Reunion,REU,2023-04-30,95.8,99
Reunion,REU,2023-05-07,98.8,92
Reunion,REU,2023-05-14,117.4,105
Reunion,REU,2023-05-21,107.6,90
Reunion,REU,2023-05-28,104.2,101
Reunion,REU,2023-06-04,98.2,97
Reunion,REU,2023-06-11,109.2,119
Reunion,REU,2023-06-18,104,106
Reunion,REU,2023-06-25,113.4,103
Reunion,REU,2023-07-02,116.2,107
Reunion,REU,2023-07-09,107.2,117
Reunion,REU,2023-07-16,118,100
Reunion,REU,2023-07-23,106.6,112
Reunion,REU,2023-07-30,123.4,116
Reunion,REU,2023-08-06,114.2,98
Reunion,REU,2023-08-13,105.2,111
Reunion,REU,2023-08-20,108.6,102
Reunion,REU,2023-08-27,108.6,85
Reunion,REU,2023-09-03,112,101
Reunion,REU,2023-09-10,108.4,103
Reunion,REU,2023-09-17,111,107
Reunion,REU,2023-09-24,110.8,115
Reunion,REU,2023-10-01,119.6,105
Reunion,REU,2023-10-08,110.2,98
Reunion,REU,2023-10-15,115.8,116
Reunion,REU,2023-10-22,116,142
Reunion,REU,2023-10-29,118.2,117
Reunion,REU,2023-11-05,115.4,124
Reunion,REU,2023-11-12,115.4,99
Reunion,REU,2023-11-19,103.4,110
Reunion,REU,2023-11-26,111.8,91
Reunion,REU,2023-12-03,106.2,104
Reunion,REU,2023-12-10,107.8,104
Reunion,REU,2023-12-17,99.8,126
Reunion,REU,2023-12-24,106,129
Reunion,REU,2023-12-31,114.4,124
Romania,ROU,2020-01-05,5946.7,5346
Romania,ROU,2020-01-12,5921.7,5376
Romania,ROU,2020-01-19,5866.9,5419
Romania,ROU,2020-01-26,5836.1,5350
Romania,ROU,2020-02-02,5836.5,5432
Romania,ROU,2020-02-09,5624.3,5433
Romania,ROU,2020-02-16,5649.1,5385
Romania,ROU,2020-02-23,5674.7,5211
Romania,ROU,2020-03-01,5675.7,5341
Romania,ROU,2020-03-08,5539.9,5182
Romania,ROU,2020-03-15,5459.7,5097
Romania,ROU,2020-03-22,5372.1,5032
Romania,ROU,2020-03-29,5306.1,5180
Romania,ROU,2020-04-05,5224.9,5190
Romania,ROU,2020-04-12,5128.7,5237
Romania,ROU,2020-04-19,5061.9,5126
Romania,ROU,2020-04-26,4940.7,5092
Romania,ROU,2020-05-03,4943.1,4861
Romania,ROU,2020-05-10,4736.3,4817
Romania,ROU,2020-05-17,4676.3,4870
Romania,ROU,2020-05-24,4716.9,4560
Romania,ROU,2020-05-31,4653.5,4559
Romania,ROU,2020-06-07,4689.3,4910
Romania,ROU,2020-06-14,4727.5,5079
Romania,ROU,2020-06-21,4836.5,4677
Romania,ROU,2020-06-28,4611.9,4827
Romania,ROU,2020-07-05,4509.3,5288
Romania,ROU,2020-07-12,4526.1,4900
Romania,ROU,2020-07-19,4444.9,4727
Romania,ROU,2020-07-26,4662.9,4951
Romania,ROU,2020-08-02,4723.1,5560
Romania,ROU,2020-08-09,4542.5,5318
Romania,ROU,2020-08-16,4510.7,5272
Romania,ROU,2020-08-23,4397.5,5169
Romania,ROU,2020-08-30,4420.9,5219
Romania,ROU,2020-09-06,4402.3,5074
Romania,ROU,2020-09-13,4383.3,5024
Romania,ROU,2020-09-20,4413.7,5067
Romania,ROU,2020-09-27,4562.9,5050
Romania,ROU,2020-10-04,4847.7,5382
Romania,ROU,2020-10-11,4914.1,5796
Romania,ROU,2020-10-18,5053.1,6215
Romania,ROU,2020-10-25,4974.5,6512
Romania,ROU,2020-11-01,5031.9,7010
Romania,ROU,2020-11-08,5016.1,7754
Romania,ROU,2020-11-15,5024.1,7992
Romania,ROU,2020-11-22,5065.9,8372
Romania,ROU,2020-11-29,5087.5,8515
Romania,ROU,2020-12-06,5196.5,8602
Romania,ROU,2020-12-13,5289.1,8172
Romania,ROU,2020-12-20,5393.9,7425
Romania,ROU,2020-12-27,5548.7,7425
Romania,ROU,2021-01-03,5548.7,7047
Romania,ROU,2021-01-10,5952.4,6788
Romania,ROU,2021-01-17,5927.4,6531
Romania,ROU,2021-01-24,5872.6,6986
Romania,ROU,2021-01-31,5841.8,6339
Romania,ROU,2021-02-07,5842.2,6287
Romania,ROU,2021-02-14,5630,5952
Romania,ROU,2021-02-21,5654.8,5971
Romania,ROU,2021-02-28,5680.4,5967
Romania,ROU,2021-03-07,5681.4,6247
Romania,ROU,2021-03-14,5545.6,6410
Romania,ROU,2021-03-21,5465.4,6864
Romania,ROU,2021-03-28,5377.8,7142
Romania,ROU,2021-04-04,5311.8,7225
Romania,ROU,2021-04-11,5230.6,7193
Romania,ROU,2021-04-18,5134.4,7152
Romania,ROU,2021-04-25,5067.6,6782
Romania,ROU,2021-05-02,4946.4,6496
Romania,ROU,2021-05-09,4948.8,5891
Romania,ROU,2021-05-16,4742,5605
Romania,ROU,2021-05-23,4682,5303
Romania,ROU,2021-05-30,4722.6,4974
Romania,ROU,2021-06-06,4659.2,4847
Romania,ROU,2021-06-13,4695,4876
Romania,ROU,2021-06-20,4733.2,4662
Romania,ROU,2021-06-27,4842.2,5527
Romania,ROU,2021-07-04,4617.6,4818
Romania,ROU,2021-07-11,4515,4686
Romania,ROU,2021-07-18,4531.8,4948
Romania,ROU,2021-07-25,4450.6,4639
Romania,ROU,2021-08-01,4668.6,5007
Romania,ROU,2021-08-08,4728.8,4863
Romania,ROU,2021-08-15,4548.2,4511
Romania,ROU,2021-08-22,4516.4,4681
Romania,ROU,2021-08-29,4403.2,4600
Romania,ROU,2021-09-05,4426.6,4686
Romania,ROU,2021-09-12,4408,5337
Romania,ROU,2021-09-19,4389,5977
Romania,ROU,2021-09-26,4419.4,6364
Romania,ROU,2021-10-03,4568.6,7471
Romania,ROU,2021-10-10,4853.4,9448
Romania,ROU,2021-10-17,4919.8,10830
Romania,ROU,2021-10-24,5058.8,11641
Romania,ROU,2021-10-31,4980.2,11351
Romania,ROU,2021-11-07,5037.6,10808
Romania,ROU,2021-11-14,5021.8,8909
Romania,ROU,2021-11-21,5029.8,7957
Romania,ROU,2021-11-28,5071.6,6989
Romania,ROU,2021-12-05,5093.2,6273
Romania,ROU,2021-12-12,5202.2,5956
Romania,ROU,2021-12-19,5294.8,5754
Romania,ROU,2021-12-26,5399.6,5885
Romania,ROU,2022-01-02,5554.4,5748
Romania,ROU,2022-01-09,5958.1,5868
Romania,ROU,2022-01-16,5933.1,5843
Romania,ROU,2022-01-23,5878.3,6057
Romania,ROU,2022-01-30,5847.5,6623
Romania,ROU,2022-02-06,5847.9,7409
Romania,ROU,2022-02-13,5635.7,7746
Romania,ROU,2022-02-20,5660.5,7689
Romania,ROU,2022-02-27,5686.1,6934
Romania,ROU,2022-03-06,5687.1,6391
Romania,ROU,2022-03-13,5551.3,6104
Romania,ROU,2022-03-20,5471.1,5679
Romania,ROU,2022-03-27,5383.5,5643
Romania,ROU,2022-04-03,5317.5,5862
Romania,ROU,2022-04-10,5236.3,5345
Romania,ROU,2022-04-17,5140.1,5282
Romania,ROU,2022-04-24,5073.3,4965
Romania,ROU,2022-05-01,4952.1,5047
Romania,ROU,2022-05-08,4954.5,4729
Romania,ROU,2022-05-15,4747.7,4841
Romania,ROU,2022-05-22,4687.7,4611
Romania,ROU,2022-05-29,4728.3,4394
Romania,ROU,2022-06-05,4664.9,4551
Romania,ROU,2022-06-12,4700.7,4334
Romania,ROU,2022-06-19,4738.9,4281
Romania,ROU,2022-06-26,4847.9,4451
Romania,ROU,2022-07-03,4623.3,4718
Romania,ROU,2022-07-10,4520.7,4504
Romania,ROU,2022-07-17,4537.5,4299
Romania,ROU,2022-07-24,4456.3,4775
Romania,ROU,2022-07-31,4674.3,5196
Romania,ROU,2022-08-07,4734.5,5085
Romania,ROU,2022-08-14,4553.9,4935
Romania,ROU,2022-08-21,4522.1,5146
Romania,ROU,2022-08-28,4408.9,5012
Romania,ROU,2022-09-04,4432.3,4670
Romania,ROU,2022-09-11,4413.7,4500
Romania,ROU,2022-09-18,4394.7,4425
Romania,ROU,2022-09-25,4425.1,4595
Romania,ROU,2022-10-02,4574.3,4868
Romania,ROU,2022-10-09,4859.1,4681
Romania,ROU,2022-10-16,4925.5,4755
Romania,ROU,2022-10-23,5064.5,4876
Romania,ROU,2022-10-30,4985.9,4699
Romania,ROU,2022-11-06,5043.3,4661
Romania,ROU,2022-11-13,5027.5,4587
Romania,ROU,2022-11-20,5035.5,4945
Romania,ROU,2022-11-27,5077.3,4829
Romania,ROU,2022-12-04,5098.9,4689
Romania,ROU,2022-12-11,5207.9,5113
Romania,ROU,2022-12-18,5300.5,4981
Romania,ROU,2022-12-25,5405.3,5161
Romania,ROU,2023-01-01,5560.1,4805
Romania,ROU,2023-01-08,5963.8,5802
Romania,ROU,2023-01-15,5938.8,5698
Romania,ROU,2023-01-22,5884,5527
Romania,ROU,2023-01-29,5853.2,5103
Romania,ROU,2023-02-05,5853.6,5151
Romania,ROU,2023-02-12,5641.4,5083
Romania,ROU,2023-02-19,5666.2,5223
Romania,ROU,2023-02-26,5691.8,4981
Romania,ROU,2023-03-05,5692.8,4823
Romania,ROU,2023-03-12,5557,4965
Romania,ROU,2023-03-19,5476.8,4801
Romania,ROU,2023-03-26,5389.2,4866
Romania,ROU,2023-04-02,5323.2,4719
Romania,ROU,2023-04-09,5242,4710
Romania,ROU,2023-04-16,5145.8,4710
Romania,ROU,2023-04-23,5079,4815
Romania,ROU,2023-04-30,4957.8,4528
Romania,ROU,2023-05-07,4960.2,4706
Romania,ROU,2023-05-14,4753.4,4557
Romania,ROU,2023-05-21,4693.4,4666
Romania,ROU,2023-05-28,4734,4473
Romania,ROU,2023-06-04,4670.6,4122
Romania,ROU,2023-06-11,4706.4,4373
Romania,ROU,2023-06-18,4744.6,4170
Romania,ROU,2023-06-25,4853.6,4519
Romania,ROU,2023-07-02,4629,3972
Romania,ROU,2023-07-09,4526.4,4163
Romania,ROU,2023-07-16,4543.2,4335
Romania,ROU,2023-07-23,4462,4688
Romania,ROU,2023-07-30,4680,4042
Romania,ROU,2023-08-06,4740.2,4127
Romania,ROU,2023-08-13,4559.6,3962
Romania,ROU,2023-08-20,4527.8,4499
Romania,ROU,2023-08-27,4414.6,4623
Romania,ROU,2023-09-03,4438,4393
Romania,ROU,2023-09-10,4419.4,4001
Romania,ROU,2023-09-17,4400.4,4160
Romania,ROU,2023-09-24,4430.8,4281
Romania,ROU,2023-10-01,4580,4191
Romania,ROU,2023-10-08,4864.8,4399
Romania,ROU,2023-10-15,4931.2,4633
Romania,ROU,2023-10-22,5070.2,4701
Romania,ROU,2023-10-29,4991.6,4713
Romania,ROU,2023-11-05,5049,4587
Romania,ROU,2023-11-12,5033.2,4595
Romania,ROU,2023-11-19,5041.2,4478
Romania,ROU,2023-11-26,5083,4735
Romania,ROU,2023-12-03,5104.6,4741
Romania,ROU,2023-12-10,5213.6,4613
Romania,ROU,2023-12-17,5306.2,4759
Romania,ROU,2023-12-24,5411,4808
Romania,ROU,2023-12-31,5565.8,4089
Russia,RUS,2020-01-31,166545.1,161007.1
Russia,RUS,2020-02-29,143541.5,147290.4
Russia,RUS,2020-03-31,155848.7,154923
Russia,RUS,2020-04-30,147187.7,152500.1
Russia,RUS,2020-05-31,150404.7,173281.8
Russia,RUS,2020-06-30,143940.5,168436.1
Russia,RUS,2020-07-31,143165.7,176449.7
Russia,RUS,2020-08-31,141106.1,161629.9
Russia,RUS,2020-09-30,139011.3,165758.5
Russia,RUS,2020-10-31,146687.9,215817.7
Russia,RUS,2020-11-30,139324.9,228543.6
Russia,RUS,2020-12-31,149038.1,232948
Russia,RUS,2021-01-31,164190.3,222794.4
Russia,RUS,2021-02-28,141186.7,170499.6
Russia,RUS,2021-03-31,153493.9,177020.9
Russia,RUS,2021-04-30,144832.9,163090.9
Russia,RUS,2021-05-31,148049.9,171291.7
Russia,RUS,2021-06-30,141585.7,188462.3
Russia,RUS,2021-07-31,140810.9,218472.9
Russia,RUS,2021-08-31,138751.3,208832.3
Russia,RUS,2021-09-30,136656.5,204029.6
Russia,RUS,2021-10-31,144333.1,266343
Russia,RUS,2021-11-30,136970.1,242330.2
Russia,RUS,2021-12-31,146683.3,208426.2
Russia,RUS,2022-01-31,161835.6,195628.2
Russia,RUS,2022-02-28,138832,198282.7
Russia,RUS,2022-03-31,151139.2,181112.1
Russia,RUS,2022-04-30,142478.2,143048.5
Russia,RUS,2022-05-31,145695.2,147854.7
Russia,RUS,2022-06-30,139231,137144.3
Russia,RUS,2022-07-31,138456.2,136548.1
Russia,RUS,2022-08-31,136396.6,142784.5
Russia,RUS,2022-09-30,134301.8,151785.8
Russia,RUS,2022-10-31,141978.4,151170.6
Russia,RUS,2022-11-30,134615.4,142646
Russia,RUS,2022-12-31,144328.6,170638.5
Russia,RUS,2023-01-31,159480.8,166677.5
Russia,RUS,2023-02-28,136477.2,135883.5
Russia,RUS,2023-03-31,148784.4,150304.5
Russia,RUS,2023-04-30,140123.4,142202.5
Russia,RUS,2023-05-31,143340.4,147149.5
Russia,RUS,2023-06-30,136876.2,138876.5
Russia,RUS,2023-07-31,136101.4,142077.5
Russia,RUS,2023-08-31,134041.8,140928.5
Russia,RUS,2023-09-30,131947,138395.5
Russia,RUS,2023-10-31,139623.6,149892.5
Russia,RUS,2023-11-30,132260.6,145167.5
Russia,RUS,2023-12-31,141973.8,167062.5
Saint Kitts and Nevis,KNA,2020-01-31,34.8,29
Saint Kitts and Nevis,KNA,2020-02-29,31.8,31
Saint Kitts and Nevis,KNA,2020-03-31,34.6,34
Saint Kitts and Nevis,KNA,2020-04-30,30.8,27
Saint Kitts and Nevis,KNA,2020-05-31,25.8,35
Saint Kitts and Nevis,KNA,2020-06-30,27.8,37
Saint Kitts and Nevis,KNA,2020-07-31,31.6,38
Saint Kitts and Nevis,KNA,2020-08-31,30.8,28
Saint Kitts and Nevis,KNA,2020-09-30,33.3,29
Saint Kitts and Nevis,KNA,2020-10-31,31.1,32
Saint Kitts and Nevis,KNA,2020-11-30,24.8,26
Saint Kitts and Nevis,KNA,2020-12-31,29.6,31
Saint Kitts and Nevis,KNA,2021-01-31,34.2,50
Saint Kitts and Nevis,KNA,2021-02-28,31.2,27
Saint Kitts and Nevis,KNA,2021-03-31,33.9,27
Saint Kitts and Nevis,KNA,2021-04-30,30.2,28
Saint Kitts and Nevis,KNA,2021-05-31,25.2,29
Saint Kitts and Nevis,KNA,2021-06-30,27.2,32
Saint Kitts and Nevis,KNA,2021-07-31,30.9,32
Saint Kitts and Nevis,KNA,2021-08-31,30.2,42
Saint Kitts and Nevis,KNA,2021-09-30,32.7,59
Saint Kitts and Nevis,KNA,2021-10-31,30.4,51
Saint Kitts and Nevis,KNA,2021-11-30,24.2,39
Saint Kitts and Nevis,KNA,2021-12-31,28.9,38
Saint Kitts and Nevis,KNA,2022-01-31,33.5,69
Saint Kitts and Nevis,KNA,2022-02-28,30.5,40
Saint Kitts and Nevis,KNA,2022-03-31,33.3,40
Saint Kitts and Nevis,KNA,2022-04-30,29.5,36
Saint Kitts and Nevis,KNA,2022-05-31,24.5,28
Saint Kitts and Nevis,KNA,2022-06-30,26.5,39
Saint Kitts and Nevis,KNA,2022-07-31,30.3,37
Saint Kitts and Nevis,KNA,2022-08-31,29.5,38
Saint Kitts and Nevis,KNA,2022-09-30,32,33
Saint Kitts and Nevis,KNA,2022-10-31,29.8,36
Saint Kitts and Nevis,KNA,2022-11-30,23.5,36
Saint Kitts and Nevis,KNA,2022-12-31,28.3,30
Saint Kitts and Nevis,KNA,2023-01-31,32.8,42
Saint Kitts and Nevis,KNA,2023-02-28,29.8,32
Saint Kitts and Nevis,KNA,2023-03-31,32.6,35
Saint Kitts and Nevis,KNA,2023-04-30,28.8,38
Saint Kitts and Nevis,KNA,2023-05-31,23.8,38
Saint Kitts and Nevis,KNA,2023-06-30,25.8,56
Saint Kitts and Nevis,KNA,2023-07-31,29.6,39
Saint Kitts and Nevis,KNA,2023-08-31,28.8,37
Saint Kitts and Nevis,KNA,2023-09-30,31.3,50
Saint Kitts and Nevis,KNA,2023-10-31,29.1,42
Saint Kitts and Nevis,KNA,2023-11-30,22.8,37
Saint Kitts and Nevis,KNA,2023-12-31,27.6,36
Saint Vincent and the Grenadines,VCT,2020-01-31,85.3,93
Saint Vincent and the Grenadines,VCT,2020-02-29,77.9,76
Saint Vincent and the Grenadines,VCT,2020-03-31,84.7,90
Saint Vincent and the Grenadines,VCT,2020-04-30,82.9,87
Saint Vincent and the Grenadines,VCT,2020-05-31,79.5,97
Saint Vincent and the Grenadines,VCT,2020-06-30,80.1,82
Saint Vincent and the Grenadines,VCT,2020-07-31,95.3,84
Saint Vincent and the Grenadines,VCT,2020-08-31,93.5,91
Saint Vincent and the Grenadines,VCT,2020-09-30,95.5,94
Saint Vincent and the Grenadines,VCT,2020-10-31,85.7,85
Saint Vincent and the Grenadines,VCT,2020-11-30,83.7,90
Saint Vincent and the Grenadines,VCT,2020-12-31,93.1,80
Saint Vincent and the Grenadines,VCT,2021-01-31,87.8,85
Saint Vincent and the Grenadines,VCT,2021-02-28,80.4,94
Saint Vincent and the Grenadines,VCT,2021-03-31,87.2,68
Saint Vincent and the Grenadines,VCT,2021-04-30,85.4,85
Saint Vincent and the Grenadines,VCT,2021-05-31,82,87
Saint Vincent and the Grenadines,VCT,2021-06-30,82.6,76
Saint Vincent and the Grenadines,VCT,2021-07-31,97.8,90
Saint Vincent and the Grenadines,VCT,2021-08-31,96,96
Saint Vincent and the Grenadines,VCT,2021-09-30,98,109
Saint Vincent and the Grenadines,VCT,2021-10-31,88.2,161
Saint Vincent and the Grenadines,VCT,2021-11-30,86.2,102
Saint Vincent and the Grenadines,VCT,2021-12-31,95.6,131
Saint Vincent and the Grenadines,VCT,2022-01-31,90.4,
Saint Vincent and the Grenadines,VCT,2022-02-28,83,
Saint Vincent and the Grenadines,VCT,2022-03-31,89.8,
Saint Vincent and the Grenadines,VCT,2022-04-30,88,
Saint Vincent and the Grenadines,VCT,2022-05-31,84.6,
Saint Vincent and the Grenadines,VCT,2022-06-30,85.2,
Saint Vincent and the Grenadines,VCT,2022-07-31,100.4,
Saint Vincent and the Grenadines,VCT,2022-08-31,98.6,
Saint Vincent and the Grenadines,VCT,2022-09-30,100.6,
Saint Vincent and the Grenadines,VCT,2022-10-31,90.8,
Saint Vincent and the Grenadines,VCT,2022-11-30,88.8,
Saint Vincent and the Grenadines,VCT,2022-12-31,98.2,
Saint Vincent and the Grenadines,VCT,2023-01-31,92.9,
Saint Vincent and the Grenadines,VCT,2023-02-28,85.5,
Saint Vincent and the Grenadines,VCT,2023-03-31,92.3,
Saint Vincent and the Grenadines,VCT,2023-04-30,90.5,
Saint Vincent and the Grenadines,VCT,2023-05-31,87.1,
Saint Vincent and the Grenadines,VCT,2023-06-30,87.7,
Saint Vincent and the Grenadines,VCT,2023-07-31,102.9,
Saint Vincent and the Grenadines,VCT,2023-08-31,101.1,
Saint Vincent and the Grenadines,VCT,2023-09-30,103.1,
Saint Vincent and the Grenadines,VCT,2023-10-31,93.3,
Saint Vincent and the Grenadines,VCT,2023-11-30,91.3,
Saint Vincent and the Grenadines,VCT,2023-12-31,100.7,
San Marino,SMR,2020-01-31,24.4,23
San Marino,SMR,2020-02-29,22.8,26
San Marino,SMR,2020-03-31,21.8,50
San Marino,SMR,2020-04-30,23.2,31
San Marino,SMR,2020-05-31,20.8,25
San Marino,SMR,2020-06-30,22,29
San Marino,SMR,2020-07-31,19.6,24
San Marino,SMR,2020-08-31,21,21
San Marino,SMR,2020-09-30,20.4,18
San Marino,SMR,2020-10-31,19.8,25
San Marino,SMR,2020-11-30,21.6,26
San Marino,SMR,2020-12-31,22,45
San Marino,SMR,2021-01-31,24.6,22
San Marino,SMR,2021-02-28,23,32
San Marino,SMR,2021-03-31,22,36
San Marino,SMR,2021-04-30,23.4,28
San Marino,SMR,2021-05-31,21,21
San Marino,SMR,2021-06-30,22.2,20
San Marino,SMR,2021-07-31,19.8,24
San Marino,SMR,2021-08-31,21.2,22
San Marino,SMR,2021-09-30,20.6,23
San Marino,SMR,2021-10-31,20,26
San Marino,SMR,2021-11-30,21.8,23
San Marino,SMR,2021-12-31,22.2,35
San Marino,SMR,2022-01-31,24.8,33
San Marino,SMR,2022-02-28,23.2,22
San Marino,SMR,2022-03-31,22.2,19
San Marino,SMR,2022-04-30,23.6,19
San Marino,SMR,2022-05-31,21.2,23
San Marino,SMR,2022-06-30,22.4,22
San Marino,SMR,2022-07-31,20,22
San Marino,SMR,2022-08-31,21.4,24
San Marino,SMR,2022-09-30,20.8,15
San Marino,SMR,2022-10-31,20.2,25
San Marino,SMR,2022-11-30,22,19
San Marino,SMR,2022-12-31,22.4,20
San Marino,SMR,2023-01-31,24.9,28
San Marino,SMR,2023-02-28,23.3,29
San Marino,SMR,2023-03-31,22.3,29
San Marino,SMR,2023-04-30,23.7,21
San Marino,SMR,2023-05-31,21.3,17
San Marino,SMR,2023-06-30,22.5,12
San Marino,SMR,2023-07-31,20.1,19
San Marino,SMR,2023-08-31,21.5,23
San Marino,SMR,2023-09-30,20.9,19
San Marino,SMR,2023-10-31,20.3,27
San Marino,SMR,2023-11-30,22.1,28
San Marino,SMR,2023-12-31,22.5,27
Scotland,,2020-01-05,,1161
Scotland,,2020-01-12,,1567
Scotland,,2020-01-19,,1322
Scotland,,2020-01-26,,1226
Scotland,,2020-02-02,,1188
Scotland,,2020-02-09,,1216
Scotland,,2020-02-16,,1162
Scotland,,2020-02-23,,1162
Scotland,,2020-03-01,,1171
Scotland,,2020-03-08,,1208
Scotland,,2020-03-15,,1198
Scotland,,2020-03-22,,1196
Scotland,,2020-03-29,,1079
Scotland,,2020-04-05,,1744
Scotland,,2020-04-12,,1978
Scotland,,2020-04-19,,1916
Scotland,,2020-04-26,,1836
Scotland,,2020-05-03,,1678
Scotland,,2020-05-10,,1435
Scotland,,2020-05-17,,1421
Scotland,,2020-05-24,,1226
Scotland,,2020-05-31,,1128
Scotland,,2020-06-07,,1093
Scotland,,2020-06-14,,1034
Scotland,,2020-06-21,,1065
Scotland,,2020-06-28,,1008
Scotland,,2020-07-05,,983
Scotland,,2020-07-12,,977
Scotland,,2020-07-19,,1033
Scotland,,2020-07-26,,962
Scotland,,2020-08-02,,1043
Scotland,,2020-08-09,,1011
Scotland,,2020-08-16,,928
Scotland,,2020-08-23,,1046
Scotland,,2020-08-30,,1030
Scotland,,2020-09-06,,1050
Scotland,,2020-09-13,,1069
Scotland,,2020-09-20,,952
Scotland,,2020-09-27,,933
Scotland,,2020-10-04,,1196
Scotland,,2020-10-11,,1072
Scotland,,2020-10-18,,1134
Scotland,,2020-10-25,,1187
Scotland,,2020-11-01,,1262
Scotland,,2020-11-08,,1250
Scotland,,2020-11-15,,1338
Scotland,,2020-11-22,,1360
Scotland,,2020-11-29,,1329
Scotland,,2020-12-06,,1296
Scotland,,2020-12-13,,1284
Scotland,,2020-12-20,,1297
Scotland,,2020-12-27,,1205
Scotland,,2021-01-03,,1178
Scotland,,2021-01-10,,1720
Scotland,,2021-01-17,,1550
Scotland,,2021-01-24,,1559
Scotland,,2021-01-31,,1604
Scotland,,2021-02-07,,1506
Scotland,,2021-02-14,,1412
Scotland,,2021-02-21,,1422
Scotland,,2021-02-28,,1325
Scotland,,2021-03-07,,1204
Scotland,,2021-03-14,,1145
Scotland,,2021-03-21,,1114
Scotland,,2021-03-28,,1097
Scotland,,2021-04-04,,972
Scotland,,2021-04-11,,1058
Scotland,,2021-04-18,,1131
Scotland,,2021-04-25,,1112
Scotland,,2021-05-02,,1040
Scotland,,2021-05-09,,954
Scotland,,2021-05-16,,1076
Scotland,,2021-05-23,,1042
Scotland,,2021-05-30,,1098
Scotland,,2021-06-06,,1055
Scotland,,2021-06-13,,1150
Scotland,,2021-06-20,,1054
Scotland,,2021-06-27,,1055
Scotland,,2021-07-04,,1095
Scotland,,2021-07-11,,1087
Scotland,,2021-07-18,,1127
Scotland,,2021-07-25,,1126
Scotland,,2021-08-01,,1155
Scotland,,2021-08-08,,1073
Scotland,,2021-08-15,,1099
Scotland,,2021-08-22,,1171
Scotland,,2021-08-29,,1129
Scotland,,2021-09-05,,1180
Scotland,,2021-09-12,,1130
Scotland,,2021-09-19,,1259
Scotland,,2021-09-26,,1228
Scotland,,2021-10-03,,1255
Scotland,,2021-10-10,,1368
Scotland,,2021-10-17,,1345
Scotland,,2021-10-24,,1323
Scotland,,2021-10-31,,1342
Scotland,,2021-11-07,,1298
Scotland,,2021-11-14,,1338
Scotland,,2021-11-21,,1277
Scotland,,2021-11-28,,1286
Scotland,,2021-12-05,,1333
Scotland,,2021-12-12,,1326
Scotland,,2021-12-19,,1359
Scotland,,2021-12-26,,1337
Scotland,,2022-01-02,,1085
Scotland,,2022-01-09,,1231
Scotland,,2022-01-16,,1517
Scotland,,2022-01-23,,1347
Scotland,,2022-01-30,,1261
Scotland,,2022-02-06,,1260
Scotland,,2022-02-13,,1238
Scotland,,2022-02-20,,1158
Scotland,,2022-02-27,,1190
Scotland,,2022-03-06,,1192
Scotland,,2022-03-13,,1222
Scotland,,2022-03-20,,1267
Scotland,,2022-03-27,,1248
Scotland,,2022-04-03,,1271
Scotland,,2022-04-10,,1236
Scotland,,2022-04-17,,1051
Scotland,,2022-04-24,,1256
Scotland,,2022-05-01,,1268
Scotland,,2022-05-08,,1093
Scotland,,2022-05-15,,1244
Scotland,,2022-05-22,,1214
Scotland,,2022-05-29,,1100
Scotland,,2022-06-05,,848
Scotland,,2022-06-12,,1207
Scotland,,2022-06-19,,1186
Scotland,,2022-06-26,,1136
Scotland,,2022-07-03,,1137
Scotland,,2022-07-10,,1102
Scotland,,2022-07-17,,1184
Scotland,,2022-07-24,,1138
Scotland,,2022-07-31,,1183
Scotland,,2022-08-07,,1125
Scotland,,2022-08-14,,1138
Scotland,,2022-08-21,,1175
Scotland,,2022-08-28,,1086
Scotland,,2022-09-04,,1071
Scotland,,2022-09-11,,1129
Scotland,,2022-09-18,,1135
Scotland,,2022-09-25,,1001
Scotland,,2022-10-02,,1250
Scotland,,2022-10-09,,1296
Scotland,,2022-10-16,,1264
Scotland,,2022-10-23,,1243
Scotland,,2022-10-30,,1290
Scotland,,2022-11-06,,1278
Scotland,,2022-11-13,,1235
Scotland,,2022-11-20,,1291
Scotland,,2022-11-27,,1271
Scotland,,2022-12-04,,1239
Scotland,,2022-12-11,,1301
Scotland,,2022-12-18,,1321
Scotland,,2022-12-25,,1611
Scotland,,2023-01-01,,1198
Scotland,,2023-01-08,,1536
Scotland,,2023-01-15,,2052
Scotland,,2023-01-22,,1733
Scotland,,2023-01-29,,1440
Scotland,,2023-02-05,,1351
Scotland,,2023-02-12,,1330
Scotland,,2023-02-19,,1289
Scotland,,2023-02-26,,1314
Scotland,,2023-03-05,,1245
Scotland,,2023-03-12,,1304
Scotland,,2023-03-19,,1311
Scotland,,2023-03-26,,1374
Scotland,,2023-04-02,,1263
Scotland,,2023-04-09,,1125
Scotland,,2023-04-16,,1267
Scotland,,2023-04-23,,1263
Scotland,,2023-04-30,,1205
Scotland,,2023-05-07,,1166
Scotland,,2023-05-14,,1083
Scotland,,2023-05-21,,1228
Scotland,,2023-05-28,,1086
Scotland,,2023-06-04,,1086
Scotland,,2023-06-11,,1145
Scotland,,2023-06-18,,1161
Scotland,,2023-06-25,,1054
Scotland,,2023-07-02,,1128
Scotland,,2023-07-09,,1068
Scotland,,2023-07-16,,1095
Scotland,,2023-07-23,,1033
Scotland,,2023-07-30,,1104
Scotland,,2023-08-06,,1106
Scotland,,2023-08-13,,1122
Scotland,,2023-08-20,,1104
Scotland,,2023-08-27,,1115
Scotland,,2023-09-03,,1060
Scotland,,2023-09-10,,1090
Scotland,,2023-09-17,,1007
Scotland,,2023-09-24,,1120
Scotland,,2023-10-01,,1105
Scotland,,2023-10-08,,1145
Scotland,,2023-10-15,,1184
Scotland,,2023-10-22,,1190
Scotland,,2023-10-29,,1139
Scotland,,2023-11-05,,1189
Scotland,,2023-11-12,,1243
Scotland,,2023-11-19,,1256
Scotland,,2023-11-26,,1238
Scotland,,2023-12-03,,1211
Scotland,,2023-12-10,,1232
Scotland,,2023-12-17,,1292
Scotland,,2023-12-24,,1406
Scotland,,2023-12-31,,1061
Serbia,SRB,2020-01-31,10390.7,9886
Serbia,SRB,2020-02-29,9126.9,9205
Serbia,SRB,2020-03-31,9143.5,9050
Serbia,SRB,2020-04-30,8374.5,8710
Serbia,SRB,2020-05-31,8108.3,7943
Serbia,SRB,2020-06-30,7681.7,8222
Serbia,SRB,2020-07-31,7887.7,9959
Serbia,SRB,2020-08-31,7727.7,8626
Serbia,SRB,2020-09-30,7356.9,7646
Serbia,SRB,2020-10-31,8401.3,8580
Serbia,SRB,2020-11-30,8137.7,11914
Serbia,SRB,2020-12-31,8846.5,17109
Serbia,SRB,2021-01-31,10360.6,10417
Serbia,SRB,2021-02-28,9096.8,10166
Serbia,SRB,2021-03-31,9113.4,12952
Serbia,SRB,2021-04-30,8344.4,12659
Serbia,SRB,2021-05-31,8078.2,10525
Serbia,SRB,2021-06-30,7651.6,9098
Serbia,SRB,2021-07-31,7857.6,8417
Serbia,SRB,2021-08-31,7697.6,8447
Serbia,SRB,2021-09-30,7326.8,11032
Serbia,SRB,2021-10-31,8371.2,14666
Serbia,SRB,2021-11-30,8107.6,15113
Serbia,SRB,2021-12-31,8816.4,12409
Serbia,SRB,2022-01-31,10330.4,11392
Serbia,SRB,2022-02-28,9066.6,13094
Serbia,SRB,2022-03-31,9083.2,11250
Serbia,SRB,2022-04-30,8314.2,8479
Serbia,SRB,2022-05-31,8048,8387
Serbia,SRB,2022-06-30,7621.4,7744
Serbia,SRB,2022-07-31,7827.4,7848
Serbia,SRB,2022-08-31,7667.4,9158
Serbia,SRB,2022-09-30,7296.6,8390
Serbia,SRB,2022-10-31,8341,8454
Serbia,SRB,2022-11-30,8077.4,7930
Serbia,SRB,2022-12-31,8786.2,8713
Serbia,SRB,2023-01-31,10300.3,9372
Serbia,SRB,2023-02-28,9036.5,8665
Serbia,SRB,2023-03-31,9053.1,8648
Serbia,SRB,2023-04-30,8284.1,7488
Serbia,SRB,2023-05-31,8017.9,8156
Serbia,SRB,2023-06-30,7591.3,7289
Serbia,SRB,2023-07-31,7797.3,7710
Serbia,SRB,2023-08-31,7637.3,7622
Serbia,SRB,2023-09-30,7266.5,6931
Serbia,SRB,2023-10-31,8310.9,8427
Serbia,SRB,2023-11-30,8047.3,8132
Serbia,SRB,2023-12-31,8756.1,8658
Seychelles,SYC,2020-01-31,68.2,65
Seychelles,SYC,2020-02-29,65.6,61
Seychelles,SYC,2020-03-31,69.2,57
Seychelles,SYC,2020-04-30,72.6,59
Seychelles,SYC,2020-05-31,70,41
Seychelles,SYC,2020-06-30,70.2,52
Seychelles,SYC,2020-07-31,70.6,56
Seychelles,SYC,2020-08-31,67.6,50
Seychelles,SYC,2020-09-30,65.2,54
Seychelles,SYC,2020-10-31,76.4,43
Seychelles,SYC,2020-11-30,73.2,66
Seychelles,SYC,2020-12-31,70.2,64
Seychelles,SYC,2021-01-31,70.3,69
Seychelles,SYC,2021-02-28,67.7,78
Seychelles,SYC,2021-03-31,71.3,74
Seychelles,SYC,2021-04-30,74.7,63
Seychelles,SYC,2021-05-31,72.1,91
Seychelles,SYC,2021-06-30,72.3,108
Seychelles,SYC,2021-07-31,72.7,98
Seychelles,SYC,2021-08-31,69.7,66
Seychelles,SYC,2021-09-30,67.3,72
Seychelles,SYC,2021-10-31,78.5,72
Seychelles,SYC,2021-11-30,75.3,59
Seychelles,SYC,2021-12-31,72.3,75
Seychelles,SYC,2022-01-31,72.4,111
Seychelles,SYC,2022-02-28,69.8,76
Seychelles,SYC,2022-03-31,73.4,74
Seychelles,SYC,2022-04-30,76.8,76
Seychelles,SYC,2022-05-31,74.2,80
Seychelles,SYC,2022-06-30,74.4,80
Seychelles,SYC,2022-07-31,74.8,78
Seychelles,SYC,2022-08-31,71.8,76
Seychelles,SYC,2022-09-30,69.4,63
Seychelles,SYC,2022-10-31,80.6,81
Seychelles,SYC,2022-11-30,77.4,72
Seychelles,SYC,2022-12-31,74.4,74
Seychelles,SYC,2023-01-31,74.5,65
Seychelles,SYC,2023-02-28,71.9,68
Seychelles,SYC,2023-03-31,75.5,81
Seychelles,SYC,2023-04-30,78.9,82
Seychelles,SYC,2023-05-31,76.3,79
Seychelles,SYC,2023-06-30,76.5,48
Seychelles,SYC,2023-07-31,76.9,58
Seychelles,SYC,2023-08-31,73.9,72
Seychelles,SYC,2023-09-30,71.5,65
Seychelles,SYC,2023-10-31,82.7,70
Seychelles,SYC,2023-11-30,79.5,92
Seychelles,SYC,2023-12-31,76.5,99
Singapore,SGP,2020-01-31,1887.2,2091
Singapore,SGP,2020-02-29,1699.4,1762
Singapore,SGP,2020-03-31,1881.6,1891
Singapore,SGP,2020-04-30,1784.2,1913
Singapore,SGP,2020-05-31,1901,1874
Singapore,SGP,2020-06-30,1874.8,1761
Singapore,SGP,2020-07-31,1926.2,1759
Singapore,SGP,2020-08-31,1874.2,1860
Singapore,SGP,2020-09-30,1727.8,1751
Singapore,SGP,2020-10-31,1852,1770
Singapore,SGP,2020-11-30,1757.8,1771
Singapore,SGP,2020-12-31,1865.8,1851
Singapore,SGP,2021-01-31,1924.2,1871
Singapore,SGP,2021-02-28,1736.4,1769
Singapore,SGP,2021-03-31,1918.6,1924
Singapore,SGP,2021-04-30,1821.2,1938
Singapore,SGP,2021-05-31,1938,1975
Singapore,SGP,2021-06-30,1911.8,1937
Singapore,SGP,2021-07-31,1963.2,1998
Singapore,SGP,2021-08-31,1911.2,1967
Singapore,SGP,2021-09-30,1764.8,1965
Singapore,SGP,2021-10-31,1889,2492
Singapore,SGP,2021-11-30,1794.8,2349
Singapore,SGP,2021-12-31,1902.8,2107
Singapore,SGP,2022-01-31,1961.1,1982
Singapore,SGP,2022-02-28,1773.3,2135
Singapore,SGP,2022-03-31,1955.5,2649
Singapore,SGP,2022-04-30,1858.1,2138
Singapore,SGP,2022-05-31,1974.9,2249
Singapore,SGP,2022-06-30,1948.7,2110
Singapore,SGP,2022-07-31,2000.1,2391
Singapore,SGP,2022-08-31,1948.1,2346
Singapore,SGP,2022-09-30,1801.7,2125
Singapore,SGP,2022-10-31,1925.9,2371
Singapore,SGP,2022-11-30,1831.7,2163
Singapore,SGP,2022-12-31,1939.7,2232
Singapore,SGP,2023-01-31,1998,2280
Singapore,SGP,2023-02-28,1810.2,2096
Singapore,SGP,2023-03-31,1992.4,2269
Singapore,SGP,2023-04-30,1895,2358
Singapore,SGP,2023-05-31,2011.8,2450
Singapore,SGP,2023-06-30,1985.6,2208
Singapore,SGP,2023-07-31,2037,2156
Singapore,SGP,2023-08-31,1985,2210
Singapore,SGP,2023-09-30,1838.6,2113
Singapore,SGP,2023-10-31,1962.8,2265
Singapore,SGP,2023-11-30,1868.6,2052
Singapore,SGP,2023-12-31,1976.6,2431
Slovakia,SVK,2020-01-05,1163.7,1147
Slovakia,SVK,2020-01-12,1162.7,1109
Slovakia,SVK,2020-01-19,1204.9,1086
Slovakia,SVK,2020-01-26,1165.3,1107
Slovakia,SVK,2020-02-02,1225.9,1159
Slovakia,SVK,2020-02-09,1198.3,1101
Slovakia,SVK,2020-02-16,1193.3,1181
Slovakia,SVK,2020-02-23,1194.9,1088
Slovakia,SVK,2020-03-01,1196.5,1152
Slovakia,SVK,2020-03-08,1151.3,1131
Slovakia,SVK,2020-03-15,1106.7,1122
Slovakia,SVK,2020-03-22,1084.7,1187
Slovakia,SVK,2020-03-29,1056.3,1054
Slovakia,SVK,2020-04-05,1020.9,1081
Slovakia,SVK,2020-04-12,1050.5,1003
Slovakia,SVK,2020-04-19,1009.7,957
Slovakia,SVK,2020-04-26,1013.7,977
Slovakia,SVK,2020-05-03,984.1,970
Slovakia,SVK,2020-05-10,959.3,1005
Slovakia,SVK,2020-05-17,949.1,979
Slovakia,SVK,2020-05-24,965.5,953
Slovakia,SVK,2020-05-31,958.5,913
Slovakia,SVK,2020-06-07,927.1,963
Slovakia,SVK,2020-06-14,977.1,981
Slovakia,SVK,2020-06-21,960.1,899
Slovakia,SVK,2020-06-28,931.5,937
Slovakia,SVK,2020-07-05,942.3,982
Slovakia,SVK,2020-07-12,946.9,973
Slovakia,SVK,2020-07-19,953.3,948
Slovakia,SVK,2020-07-26,1028.3,957
Slovakia,SVK,2020-08-02,980.9,985
Slovakia,SVK,2020-08-09,969.1,1065
Slovakia,SVK,2020-08-16,965.7,963
Slovakia,SVK,2020-08-23,939.7,960
Slovakia,SVK,2020-08-30,959.1,1023
Slovakia,SVK,2020-09-06,950.5,969
Slovakia,SVK,2020-09-13,954.5,1034
Slovakia,SVK,2020-09-20,983.1,963
Slovakia,SVK,2020-09-27,996.1,1042
Slovakia,SVK,2020-10-04,994.3,1135
Slovakia,SVK,2020-10-11,988.3,1071
Slovakia,SVK,2020-10-18,1015.3,1204
Slovakia,SVK,2020-10-25,985.7,1276
Slovakia,SVK,2020-11-01,1004.7,1362
Slovakia,SVK,2020-11-08,1011.7,1437
Slovakia,SVK,2020-11-15,1010.5,1411
Slovakia,SVK,2020-11-22,1013.3,1371
Slovakia,SVK,2020-11-29,1013.1,1425
Slovakia,SVK,2020-12-06,981.1,1458
Slovakia,SVK,2020-12-13,1016.5,1553
Slovakia,SVK,2020-12-20,1091.9,1616
Slovakia,SVK,2020-12-27,1097.7,1793
Slovakia,SVK,2021-01-03,1097.7,2047
Slovakia,SVK,2021-01-10,1165.4,2089
Slovakia,SVK,2021-01-17,1164.4,2125
Slovakia,SVK,2021-01-24,1206.6,1995
Slovakia,SVK,2021-01-31,1167,1971
Slovakia,SVK,2021-02-07,1227.6,1987
Slovakia,SVK,2021-02-14,1200,2081
Slovakia,SVK,2021-02-21,1195,2009
Slovakia,SVK,2021-02-28,1196.6,1963
Slovakia,SVK,2021-03-07,1198.2,1869
Slovakia,SVK,2021-03-14,1153,1784
Slovakia,SVK,2021-03-21,1108.4,1677
Slovakia,SVK,2021-03-28,1086.4,1584
Slovakia,SVK,2021-04-04,1058,1467
Slovakia,SVK,2021-04-11,1022.6,1333
Slovakia,SVK,2021-04-18,1052.2,1309
Slovakia,SVK,2021-04-25,1011.4,1253
Slovakia,SVK,2021-05-02,1015.4,1166
Slovakia,SVK,2021-05-09,985.8,1133
Slovakia,SVK,2021-05-16,961,1126
Slovakia,SVK,2021-05-23,950.8,999
Slovakia,SVK,2021-05-30,967.2,962
Slovakia,SVK,2021-06-06,960.2,1001
Slovakia,SVK,2021-06-13,928.8,1000
Slovakia,SVK,2021-06-20,978.8,1048
Slovakia,SVK,2021-06-27,961.8,1090
Slovakia,SVK,2021-07-04,933.2,968
Slovakia,SVK,2021-07-11,944,988
Slovakia,SVK,2021-07-18,948.6,999
Slovakia,SVK,2021-07-25,955,896
Slovakia,SVK,2021-08-01,1030,1027
Slovakia,SVK,2021-08-08,982.6,953
Slovakia,SVK,2021-08-15,970.8,974
Slovakia,SVK,2021-08-22,967.4,1011
Slovakia,SVK,2021-08-29,941.4,893
Slovakia,SVK,2021-09-05,960.8,996
Slovakia,SVK,2021-09-12,952.2,1041
Slovakia,SVK,2021-09-19,956.2,1142
Slovakia,SVK,2021-09-26,984.8,1154
Slovakia,SVK,2021-10-03,997.8,1103
Slovakia,SVK,2021-10-10,996,1214
Slovakia,SVK,2021-10-17,990,1202
Slovakia,SVK,2021-10-24,1017,1309
Slovakia,SVK,2021-10-31,987.4,1450
Slovakia,SVK,2021-11-07,1006.4,1505
Slovakia,SVK,2021-11-14,1013.4,1675
Slovakia,SVK,2021-11-21,1012.2,1854
Slovakia,SVK,2021-11-28,1015,1923
Slovakia,SVK,2021-12-05,1014.8,1922
Slovakia,SVK,2021-12-12,982.8,1897
Slovakia,SVK,2021-12-19,1018.2,1758
Slovakia,SVK,2021-12-26,1093.6,1596
Slovakia,SVK,2022-01-02,1099.4,1493
Slovakia,SVK,2022-01-09,1167,1412
Slovakia,SVK,2022-01-16,1166,1270
Slovakia,SVK,2022-01-23,1208.2,1221
Slovakia,SVK,2022-01-30,1168.6,1174
Slovakia,SVK,2022-02-06,1229.2,1254
Slovakia,SVK,2022-02-13,1201.6,1220
Slovakia,SVK,2022-02-20,1196.6,1365
Slovakia,SVK,2022-02-27,1198.2,1314
Slovakia,SVK,2022-03-06,1199.8,1395
Slovakia,SVK,2022-03-13,1154.6,1365
Slovakia,SVK,2022-03-20,1110,1363
Slovakia,SVK,2022-03-27,1088,1300
Slovakia,SVK,2022-04-03,1059.6,1266
Slovakia,SVK,2022-04-10,1024.2,1206
Slovakia,SVK,2022-04-17,1053.8,1087
Slovakia,SVK,2022-04-24,1013,1104
Slovakia,SVK,2022-05-01,1017,1119
Slovakia,SVK,2022-05-08,987.4,1070
Slovakia,SVK,2022-05-15,962.6,1017
Slovakia,SVK,2022-05-22,952.4,976
Slovakia,SVK,2022-05-29,968.8,966
Slovakia,SVK,2022-06-05,961.8,1062
Slovakia,SVK,2022-06-12,930.4,1018
Slovakia,SVK,2022-06-19,980.4,932
Slovakia,SVK,2022-06-26,963.4,1057
Slovakia,SVK,2022-07-03,934.8,1105
Slovakia,SVK,2022-07-10,945.6,971
Slovakia,SVK,2022-07-17,950.2,994
Slovakia,SVK,2022-07-24,956.6,1171
Slovakia,SVK,2022-07-31,1031.6,1087
Slovakia,SVK,2022-08-07,984.2,1066
Slovakia,SVK,2022-08-14,972.4,1075
Slovakia,SVK,2022-08-21,969,1116
Slovakia,SVK,2022-08-28,943,1082
Slovakia,SVK,2022-09-04,962.4,984
Slovakia,SVK,2022-09-11,953.8,1017
Slovakia,SVK,2022-09-18,957.8,963
Slovakia,SVK,2022-09-25,986.4,1056
Slovakia,SVK,2022-10-02,999.4,1142
Slovakia,SVK,2022-10-09,997.6,1120
Slovakia,SVK,2022-10-16,991.6,1105
Slovakia,SVK,2022-10-23,1018.6,1109
Slovakia,SVK,2022-10-30,989,1130
Slovakia,SVK,2022-11-06,1008,1121
Slovakia,SVK,2022-11-13,1015,1037
Slovakia,SVK,2022-11-20,1013.8,1058
Slovakia,SVK,2022-11-27,1016.6,1132
Slovakia,SVK,2022-12-04,1016.4,1022
Slovakia,SVK,2022-12-11,984.4,1137
Slovakia,SVK,2022-12-18,1019.8,1269
Slovakia,SVK,2022-12-25,1095.2,1398
Slovakia,SVK,2023-01-01,1101,1359
Slovakia,SVK,2023-01-08,1168.7,1274
Slovakia,SVK,2023-01-15,1167.7,1181
Slovakia,SVK,2023-01-22,1209.9,1153
Slovakia,SVK,2023-01-29,1170.3,1059
Slovakia,SVK,2023-02-05,1230.9,1077
Slovakia,SVK,2023-02-12,1203.3,1067
Slovakia,SVK,2023-02-19,1198.3,1035
Slovakia,SVK,2023-02-26,1199.9,1089
Slovakia,SVK,2023-03-05,1201.5,1104
Slovakia,SVK,2023-03-12,1156.3,1130
Slovakia,SVK,2023-03-19,1111.7,1138
Slovakia,SVK,2023-03-26,1089.7,1118
Slovakia,SVK,2023-04-02,1061.3,1062
Slovakia,SVK,2023-04-09,1025.9,975
Slovakia,SVK,2023-04-16,1055.5,1059
Slovakia,SVK,2023-04-23,1014.7,994
Slovakia,SVK,2023-04-30,1018.7,1010
Slovakia,SVK,2023-05-07,989.1,937
Slovakia,SVK,2023-05-14,964.3,933
Slovakia,SVK,2023-05-21,954.1,870
Slovakia,SVK,2023-05-28,970.5,1027
Slovakia,SVK,2023-06-04,963.5,913
Slovakia,SVK,2023-06-11,932.1,946
Slovakia,SVK,2023-06-18,982.1,967
Slovakia,SVK,2023-06-25,965.1,1018
Slovakia,SVK,2023-07-02,936.5,941
Slovakia,SVK,2023-07-09,947.3,959
Slovakia,SVK,2023-07-16,951.9,999
Slovakia,SVK,2023-07-23,958.3,951
Slovakia,SVK,2023-07-30,1033.3,924
Slovakia,SVK,2023-08-06,985.9,925
Slovakia,SVK,2023-08-13,974.1,870
Slovakia,SVK,2023-08-20,970.7,996
Slovakia,SVK,2023-08-27,944.7,1058
Slovakia,SVK,2023-09-03,964.1,936
Slovakia,SVK,2023-09-10,955.5,967
Slovakia,SVK,2023-09-17,959.5,983
Slovakia,SVK,2023-09-24,988.1,949
Slovakia,SVK,2023-10-01,1001.1,953
Slovakia,SVK,2023-10-08,999.3,931
Slovakia,SVK,2023-10-15,993.3,1037
Slovakia,SVK,2023-10-22,1020.3,1066
Slovakia,SVK,2023-10-29,990.7,1091
Slovakia,SVK,2023-11-05,1009.7,1036
Slovakia,SVK,2023-11-12,1016.7,1025
Slovakia,SVK,2023-11-19,1015.5,1048
Slovakia,SVK,2023-11-26,1018.3,1117
Slovakia,SVK,2023-12-03,1018.1,1195
Slovakia,SVK,2023-12-10,986.1,1182
Slovakia,SVK,2023-12-17,1021.5,1185
Slovakia,SVK,2023-12-24,1096.9,1247
Slovakia,SVK,2023-12-31,1102.7,1246
Slovenia,SVN,2020-01-05,455.3,420
Slovenia,SVN,2020-01-12,469.9,426
Slovenia,SVN,2020-01-19,479.5,430
Slovenia,SVN,2020-01-26,489.1,455
Slovenia,SVN,2020-02-02,501.1,476
Slovenia,SVN,2020-02-09,472.7,449
Slovenia,SVN,2020-02-16,475.7,502
Slovenia,SVN,2020-02-23,467.1,441
Slovenia,SVN,2020-03-01,473.3,431
Slovenia,SVN,2020-03-08,422.7,425
Slovenia,SVN,2020-03-15,453.1,437
Slovenia,SVN,2020-03-22,432.1,443
Slovenia,SVN,2020-03-29,438.9,390
Slovenia,SVN,2020-04-05,415.1,383
Slovenia,SVN,2020-04-12,382.5,424
Slovenia,SVN,2020-04-19,412.9,433
Slovenia,SVN,2020-04-26,393.3,392
Slovenia,SVN,2020-05-03,377.9,356
Slovenia,SVN,2020-05-10,374.3,381
Slovenia,SVN,2020-05-17,368.5,354
Slovenia,SVN,2020-05-24,367.3,405
Slovenia,SVN,2020-05-31,363.3,330
Slovenia,SVN,2020-06-07,360.1,345
Slovenia,SVN,2020-06-14,353.3,377
Slovenia,SVN,2020-06-21,359.1,374
Slovenia,SVN,2020-06-28,338.9,408
Slovenia,SVN,2020-07-05,367.9,371
Slovenia,SVN,2020-07-12,357.7,328
Slovenia,SVN,2020-07-19,368.1,352
Slovenia,SVN,2020-07-26,380.5,369
Slovenia,SVN,2020-08-02,365.9,393
Slovenia,SVN,2020-08-09,363.3,370
Slovenia,SVN,2020-08-16,366.5,392
Slovenia,SVN,2020-08-23,372.9,353
Slovenia,SVN,2020-08-30,372.7,341
Slovenia,SVN,2020-09-06,349.1,370
Slovenia,SVN,2020-09-13,371.9,393
Slovenia,SVN,2020-09-20,374.9,421
Slovenia,SVN,2020-09-27,364.1,354
Slovenia,SVN,2020-10-04,389.1,412
Slovenia,SVN,2020-10-11,395.5,415
Slovenia,SVN,2020-10-18,385.5,441
Slovenia,SVN,2020-10-25,396.3,514
Slovenia,SVN,2020-11-01,385.7,595
Slovenia,SVN,2020-11-08,386.9,624
Slovenia,SVN,2020-11-15,402.9,739
Slovenia,SVN,2020-11-22,385.9,731
Slovenia,SVN,2020-11-29,386.1,792
Slovenia,SVN,2020-12-06,414.9,801
Slovenia,SVN,2020-12-13,420.9,784
Slovenia,SVN,2020-12-20,420.3,717
Slovenia,SVN,2020-12-27,424.1,686
Slovenia,SVN,2021-01-03,424.1,660
Slovenia,SVN,2021-01-10,459.9,606
Slovenia,SVN,2021-01-17,474.5,624
Slovenia,SVN,2021-01-24,484.1,591
Slovenia,SVN,2021-01-31,493.7,530
Slovenia,SVN,2021-02-07,505.7,526
Slovenia,SVN,2021-02-14,477.3,435
Slovenia,SVN,2021-02-21,480.3,428
Slovenia,SVN,2021-02-28,471.7,470
Slovenia,SVN,2021-03-07,477.9,442
Slovenia,SVN,2021-03-14,427.3,444
Slovenia,SVN,2021-03-21,457.7,444
Slovenia,SVN,2021-03-28,436.7,424
Slovenia,SVN,2021-04-04,443.5,442
Slovenia,SVN,2021-04-11,419.7,406
Slovenia,SVN,2021-04-18,387.1,421
Slovenia,SVN,2021-04-25,417.5,458
Slovenia,SVN,2021-05-02,397.9,383
Slovenia,SVN,2021-05-09,382.5,390
Slovenia,SVN,2021-05-16,378.9,401
Slovenia,SVN,2021-05-23,373.1,408
Slovenia,SVN,2021-05-30,371.9,390
Slovenia,SVN,2021-06-06,367.9,414
Slovenia,SVN,2021-06-13,364.7,389
Slovenia,SVN,2021-06-20,357.9,396
Slovenia,SVN,2021-06-27,363.7,381
Slovenia,SVN,2021-07-04,343.5,383
Slovenia,SVN,2021-07-11,372.5,342
Slovenia,SVN,2021-07-18,362.3,339
Slovenia,SVN,2021-07-25,372.7,332
Slovenia,SVN,2021-08-01,385.1,375
Slovenia,SVN,2021-08-08,370.5,330
Slovenia,SVN,2021-08-15,367.9,353
Slovenia,SVN,2021-08-22,371.1,327
Slovenia,SVN,2021-08-29,377.5,334
Slovenia,SVN,2021-09-05,377.3,400
Slovenia,SVN,2021-09-12,353.7,418
Slovenia,SVN,2021-09-19,376.5,405
Slovenia,SVN,2021-09-26,379.5,423
Slovenia,SVN,2021-10-03,368.7,432
Slovenia,SVN,2021-10-10,393.7,412
Slovenia,SVN,2021-10-17,400.1,453
Slovenia,SVN,2021-10-24,390.1,471
Slovenia,SVN,2021-10-31,400.9,467
Slovenia,SVN,2021-11-07,390.3,546
Slovenia,SVN,2021-11-14,391.5,585
Slovenia,SVN,2021-11-21,407.5,587
Slovenia,SVN,2021-11-28,390.5,542
Slovenia,SVN,2021-12-05,390.7,589
Slovenia,SVN,2021-12-12,419.5,528
Slovenia,SVN,2021-12-19,425.5,500
Slovenia,SVN,2021-12-26,424.9,479
Slovenia,SVN,2022-01-02,428.7,494
Slovenia,SVN,2022-01-09,464.5,473
Slovenia,SVN,2022-01-16,479.1,494
Slovenia,SVN,2022-01-23,488.7,463
Slovenia,SVN,2022-01-30,498.3,483
Slovenia,SVN,2022-02-06,510.3,592
Slovenia,SVN,2022-02-13,481.9,544
Slovenia,SVN,2022-02-20,484.9,562
Slovenia,SVN,2022-02-27,476.3,467
Slovenia,SVN,2022-03-06,482.5,488
Slovenia,SVN,2022-03-13,431.9,477
Slovenia,SVN,2022-03-20,462.3,461
Slovenia,SVN,2022-03-27,441.3,432
Slovenia,SVN,2022-04-03,448.1,435
Slovenia,SVN,2022-04-10,424.3,430
Slovenia,SVN,2022-04-17,391.7,430
Slovenia,SVN,2022-04-24,422.1,441
Slovenia,SVN,2022-05-01,402.5,412
Slovenia,SVN,2022-05-08,387.1,384
Slovenia,SVN,2022-05-15,383.5,395
Slovenia,SVN,2022-05-22,377.7,392
Slovenia,SVN,2022-05-29,376.5,368
Slovenia,SVN,2022-06-05,372.5,381
Slovenia,SVN,2022-06-12,369.3,367
Slovenia,SVN,2022-06-19,362.5,370
Slovenia,SVN,2022-06-26,368.3,374
Slovenia,SVN,2022-07-03,348.1,413
Slovenia,SVN,2022-07-10,377.1,382
Slovenia,SVN,2022-07-17,366.9,380
Slovenia,SVN,2022-07-24,377.3,459
Slovenia,SVN,2022-07-31,389.7,380
Slovenia,SVN,2022-08-07,375.1,418
Slovenia,SVN,2022-08-14,372.5,433
Slovenia,SVN,2022-08-21,375.7,404
Slovenia,SVN,2022-08-28,382.1,383
Slovenia,SVN,2022-09-04,381.9,330
Slovenia,SVN,2022-09-11,358.3,355
Slovenia,SVN,2022-09-18,381.1,393
Slovenia,SVN,2022-09-25,384.1,356
Slovenia,SVN,2022-10-02,373.3,410
Slovenia,SVN,2022-10-09,398.3,416
Slovenia,SVN,2022-10-16,404.7,410
Slovenia,SVN,2022-10-23,394.7,391
Slovenia,SVN,2022-10-30,405.5,394
Slovenia,SVN,2022-11-06,394.9,408
Slovenia,SVN,2022-11-13,396.1,384
Slovenia,SVN,2022-11-20,412.1,445
Slovenia,SVN,2022-11-27,395.1,458
Slovenia,SVN,2022-12-04,395.3,438
Slovenia,SVN,2022-12-11,424.1,479
Slovenia,SVN,2022-12-18,430.1,494
Slovenia,SVN,2022-12-25,429.5,566
Slovenia,SVN,2023-01-01,433.3,547
Slovenia,SVN,2023-01-08,469.1,539
Slovenia,SVN,2023-01-15,483.7,505
Slovenia,SVN,2023-01-22,493.3,525
Slovenia,SVN,2023-01-29,502.9,421
Slovenia,SVN,2023-02-05,514.9,471
Slovenia,SVN,2023-02-12,486.5,417
Slovenia,SVN,2023-02-19,489.5,468
Slovenia,SVN,2023-02-26,480.9,457
Slovenia,SVN,2023-03-05,487.1,427
Slovenia,SVN,2023-03-12,436.5,410
Slovenia,SVN,2023-03-19,466.9,405
Slovenia,SVN,2023-03-26,445.9,446
Slovenia,SVN,2023-04-02,452.7,389
Slovenia,SVN,2023-04-09,428.9,391
Slovenia,SVN,2023-04-16,396.3,374
Slovenia,SVN,2023-04-23,426.7,407
Slovenia,SVN,2023-04-30,407.1,381
Slovenia,SVN,2023-05-07,391.7,394
Slovenia,SVN,2023-05-14,388.1,399
Slovenia,SVN,2023-05-21,382.3,360
Slovenia,SVN,2023-05-28,381.1,405
Slovenia,SVN,2023-06-04,377.1,373
Slovenia,SVN,2023-06-11,373.9,357
Slovenia,SVN,2023-06-18,367.1,373
Slovenia,SVN,2023-06-25,372.9,411
Slovenia,SVN,2023-07-02,352.7,382
Slovenia,SVN,2023-07-09,381.7,368
Slovenia,SVN,2023-07-16,371.5,430
Slovenia,SVN,2023-07-23,381.9,357
Slovenia,SVN,2023-07-30,394.3,377
Slovenia,SVN,2023-08-06,379.7,360
Slovenia,SVN,2023-08-13,377.1,370
Slovenia,SVN,2023-08-20,380.3,379
Slovenia,SVN,2023-08-27,386.7,390
Slovenia,SVN,2023-09-03,386.5,343
Slovenia,SVN,2023-09-10,362.9,343
Slovenia,SVN,2023-09-17,385.7,355
Slovenia,SVN,2023-09-24,388.7,399
Slovenia,SVN,2023-10-01,377.9,368
Slovenia,SVN,2023-10-08,402.9,385
Slovenia,SVN,2023-10-15,409.3,401
Slovenia,SVN,2023-10-22,399.3,435
Slovenia,SVN,2023-10-29,410.1,429
Slovenia,SVN,2023-11-05,399.5,417
Slovenia,SVN,2023-11-12,400.7,399
Slovenia,SVN,2023-11-19,416.7,426
Slovenia,SVN,2023-11-26,399.7,453
Slovenia,SVN,2023-12-03,399.9,420
Slovenia,SVN,2023-12-10,428.7,487
Slovenia,SVN,2023-12-17,434.7,498
Slovenia,SVN,2023-12-24,434.1,492
Slovenia,SVN,2023-12-31,437.9,504
South Africa,ZAF,2020-01-05,10181.9,10423
South Africa,ZAF,2020-01-12,9261.5,9646
South Africa,ZAF,2020-01-19,9042.9,9246
South Africa,ZAF,2020-01-26,8896.3,8611
South Africa,ZAF,2020-02-02,9223.1,9384
South Africa,ZAF,2020-02-09,9336.1,10064
South Africa,ZAF,2020-02-16,8998.7,9257
South Africa,ZAF,2020-02-23,8950.5,9300
South Africa,ZAF,2020-03-01,9397.1,9002
South Africa,ZAF,2020-03-08,9336.1,9806
South Africa,ZAF,2020-03-15,9117.5,9363
South Africa,ZAF,2020-03-22,9006.5,9094
South Africa,ZAF,2020-03-29,9394.3,9014
South Africa,ZAF,2020-04-05,9664.9,8745
South Africa,ZAF,2020-04-12,9427.7,8604
South Africa,ZAF,2020-04-19,9384.3,8469
South Africa,ZAF,2020-04-26,9636.9,8192
South Africa,ZAF,2020-05-03,10176.3,8258
South Africa,ZAF,2020-05-10,10168.9,8720
South Africa,ZAF,2020-05-17,10248.5,8960
South Africa,ZAF,2020-05-24,10137.7,9132
South Africa,ZAF,2020-05-31,10834.9,9810
South Africa,ZAF,2020-06-07,11485.1,10465
South Africa,ZAF,2020-06-14,11504.5,10967
South Africa,ZAF,2020-06-21,11331.7,12350
South Africa,ZAF,2020-06-28,11406.3,12943
South Africa,ZAF,2020-07-05,11616.3,13921
South Africa,ZAF,2020-07-12,11066.5,15185
South Africa,ZAF,2020-07-19,10865.1,16637
South Africa,ZAF,2020-07-26,10563.3,16508
South Africa,ZAF,2020-08-02,11059.1,15575
South Africa,ZAF,2020-08-09,10927.9,14142
South Africa,ZAF,2020-08-16,10639.9,12679
South Africa,ZAF,2020-08-23,10440.7,12339
South Africa,ZAF,2020-08-30,10419.9,11503
South Africa,ZAF,2020-09-06,10693.9,11344
South Africa,ZAF,2020-09-13,10178.5,10442
South Africa,ZAF,2020-09-20,10074.3,9966
South Africa,ZAF,2020-09-27,9969.5,10230
South Africa,ZAF,2020-10-04,10384.3,9908
South Africa,ZAF,2020-10-11,9860.5,10487
South Africa,ZAF,2020-10-18,9546.3,10546
South Africa,ZAF,2020-10-25,9575.3,10415
South Africa,ZAF,2020-11-01,9930.9,10264
South Africa,ZAF,2020-11-08,9702.9,10444
South Africa,ZAF,2020-11-15,9426.7,10830
South Africa,ZAF,2020-11-22,9298.5,10710
South Africa,ZAF,2020-11-29,9959.1,10557
South Africa,ZAF,2020-12-06,10018.1,11839
South Africa,ZAF,2020-12-13,9602.3,12749
South Africa,ZAF,2020-12-20,10245.3,14262
South Africa,ZAF,2020-12-27,10188.9,17449
South Africa,ZAF,2021-01-03,10188.9,20162
South Africa,ZAF,2021-01-10,10138.7,23422
South Africa,ZAF,2021-01-17,9218.3,24842
South Africa,ZAF,2021-01-24,8999.7,21688
South Africa,ZAF,2021-01-31,8853.1,15741
South Africa,ZAF,2021-02-07,9179.9,13781
South Africa,ZAF,2021-02-14,9292.9,12129
South Africa,ZAF,2021-02-21,8955.5,11402
South Africa,ZAF,2021-02-28,8907.3,10677
South Africa,ZAF,2021-03-07,9353.9,10921
South Africa,ZAF,2021-03-14,9292.9,10878
South Africa,ZAF,2021-03-21,9074.3,10115
South Africa,ZAF,2021-03-28,8963.3,10129
South Africa,ZAF,2021-04-04,9351.1,10586
South Africa,ZAF,2021-04-11,9621.7,10814
South Africa,ZAF,2021-04-18,9384.5,10780
South Africa,ZAF,2021-04-25,9341.1,10605
South Africa,ZAF,2021-05-02,9593.7,10898
South Africa,ZAF,2021-05-09,10133.1,11447
South Africa,ZAF,2021-05-16,10125.7,11690
South Africa,ZAF,2021-05-23,10205.3,11732
South Africa,ZAF,2021-05-30,10094.5,12256
South Africa,ZAF,2021-06-06,10791.7,13540
South Africa,ZAF,2021-06-13,11441.9,14295
South Africa,ZAF,2021-06-20,11461.3,13916
South Africa,ZAF,2021-06-27,11288.5,15710
South Africa,ZAF,2021-07-04,11363.1,17345
South Africa,ZAF,2021-07-11,11573.1,18881
South Africa,ZAF,2021-07-18,11023.3,21364
South Africa,ZAF,2021-07-25,10821.9,20402
South Africa,ZAF,2021-08-01,10520.1,19062
South Africa,ZAF,2021-08-08,11015.9,17446
South Africa,ZAF,2021-08-15,10884.7,15636
South Africa,ZAF,2021-08-22,10596.7,15772
South Africa,ZAF,2021-08-29,10397.5,14868
South Africa,ZAF,2021-09-05,10376.7,14694
South Africa,ZAF,2021-09-12,10650.7,13682
South Africa,ZAF,2021-09-19,10135.3,12176
South Africa,ZAF,2021-09-26,10031.1,11798
South Africa,ZAF,2021-10-03,9926.3,11158
South Africa,ZAF,2021-10-10,10341.1,11157
South Africa,ZAF,2021-10-17,9817.3,11030
South Africa,ZAF,2021-10-24,9503.1,10454
South Africa,ZAF,2021-10-31,9532.1,10058
South Africa,ZAF,2021-11-07,9887.7,11032
South Africa,ZAF,2021-11-14,9659.7,10983
South Africa,ZAF,2021-11-21,9383.5,10369
South Africa,ZAF,2021-11-28,9255.3,10168
South Africa,ZAF,2021-12-05,9915.9,11500
South Africa,ZAF,2021-12-12,9974.9,11313
South Africa,ZAF,2021-12-19,9559.1,11992
South Africa,ZAF,2021-12-26,10202.1,13337
South Africa,ZAF,2022-01-02,10145.7,13600
South Africa,ZAF,2022-01-09,10095.5,12460
South Africa,ZAF,2022-01-16,9175.1,11365
South Africa,ZAF,2022-01-23,8956.5,10362
South Africa,ZAF,2022-01-30,8809.9,9830
South Africa,ZAF,2022-02-06,9136.7,10224
South Africa,ZAF,2022-02-13,9249.7,9945
South Africa,ZAF,2022-02-20,8912.3,9604
South Africa,ZAF,2022-02-27,8864.1,9761
South Africa,ZAF,2022-03-06,9310.7,10109
South Africa,ZAF,2022-03-13,9249.7,10100
South Africa,ZAF,2022-03-20,9031.1,9689
South Africa,ZAF,2022-03-27,8920.1,9830
South Africa,ZAF,2022-04-03,9307.9,10101
South Africa,ZAF,2022-04-10,9578.5,10106
South Africa,ZAF,2022-04-17,9341.3,10976
South Africa,ZAF,2022-04-24,9297.9,10426
South Africa,ZAF,2022-05-01,9550.5,10756
South Africa,ZAF,2022-05-08,10089.9,11561
South Africa,ZAF,2022-05-15,10082.5,11602
South Africa,ZAF,2022-05-22,10162.1,11158
South Africa,ZAF,2022-05-29,10051.3,11718
South Africa,ZAF,2022-06-05,10748.5,12062
South Africa,ZAF,2022-06-12,11398.7,12356
South Africa,ZAF,2022-06-19,11418.1,12461
South Africa,ZAF,2022-06-26,11245.3,11952
South Africa,ZAF,2022-07-03,11319.9,12292
South Africa,ZAF,2022-07-10,11529.9,11936
South Africa,ZAF,2022-07-17,10980.1,11213
South Africa,ZAF,2022-07-24,10778.7,10872
South Africa,ZAF,2022-07-31,10476.9,10865
South Africa,ZAF,2022-08-07,10972.7,11193
South Africa,ZAF,2022-08-14,10841.5,10877
South Africa,ZAF,2022-08-21,10553.5,10779
South Africa,ZAF,2022-08-28,10354.3,10898
South Africa,ZAF,2022-09-04,10333.5,10826
South Africa,ZAF,2022-09-11,10607.5,11096
South Africa,ZAF,2022-09-18,10092.1,10455
South Africa,ZAF,2022-09-25,9987.9,10228
South Africa,ZAF,2022-10-02,9883.1,10359
South Africa,ZAF,2022-10-09,10297.9,11024
South Africa,ZAF,2022-10-16,9774.1,10327
South Africa,ZAF,2022-10-23,9459.9,9616
South Africa,ZAF,2022-10-30,9488.9,9289
South Africa,ZAF,2022-11-06,9844.5,9969
South Africa,ZAF,2022-11-13,9616.5,9844
South Africa,ZAF,2022-11-20,9340.3,9839
South Africa,ZAF,2022-11-27,9212.1,9647
South Africa,ZAF,2022-12-04,9872.7,10127
South Africa,ZAF,2022-12-11,9931.7,10087
South Africa,ZAF,2022-12-18,9515.9,10005
South Africa,ZAF,2022-12-25,10158.9,10217
South Africa,ZAF,2023-01-01,10102.5,10510
South Africa,ZAF,2023-01-08,10052.3,10093
South Africa,ZAF,2023-01-15,9131.9,10380
South Africa,ZAF,2023-01-22,8913.3,10317
South Africa,ZAF,2023-01-29,8766.7,9848
South Africa,ZAF,2023-02-05,9093.5,9490
South Africa,ZAF,2023-02-12,9206.5,9375
South Africa,ZAF,2023-02-19,8869.1,9267
South Africa,ZAF,2023-02-26,8820.9,9454
South Africa,ZAF,2023-03-05,9267.5,9658
South Africa,ZAF,2023-03-12,9206.5,10205
South Africa,ZAF,2023-03-19,8987.9,9541
South Africa,ZAF,2023-03-26,8876.9,9691
South Africa,ZAF,2023-04-02,9264.7,9683
South Africa,ZAF,2023-04-09,9535.3,10166
South Africa,ZAF,2023-04-16,9298.1,10125
South Africa,ZAF,2023-04-23,9254.7,9799
South Africa,ZAF,2023-04-30,9507.3,10336
South Africa,ZAF,2023-05-07,10046.7,10431
South Africa,ZAF,2023-05-14,10039.3,10736
South Africa,ZAF,2023-05-21,10118.9,11129
South Africa,ZAF,2023-05-28,10008.1,11725
South Africa,ZAF,2023-06-04,10705.3,12371
South Africa,ZAF,2023-06-11,11355.5,12568
South Africa,ZAF,2023-06-18,11374.9,11965
South Africa,ZAF,2023-06-25,11202.1,11569
South Africa,ZAF,2023-07-02,11276.7,11423
South Africa,ZAF,2023-07-09,11486.7,11531
South Africa,ZAF,2023-07-16,10936.9,12057
South Africa,ZAF,2023-07-23,10735.5,11170
South Africa,ZAF,2023-07-30,10433.7,11060
South Africa,ZAF,2023-08-06,10929.5,11359
South Africa,ZAF,2023-08-13,10798.3,11227
South Africa,ZAF,2023-08-20,10510.3,10785
South Africa,ZAF,2023-08-27,10311.1,10074
South Africa,ZAF,2023-09-03,10290.3,10274
South Africa,ZAF,2023-09-10,10564.3,10410
South Africa,ZAF,2023-09-17,10048.9,10418
South Africa,ZAF,2023-09-24,9944.7,10234
South Africa,ZAF,2023-10-01,9839.9,10147
South Africa,ZAF,2023-10-08,10254.7,10531
South Africa,ZAF,2023-10-15,9730.9,9979
South Africa,ZAF,2023-10-22,9416.7,9826
South Africa,ZAF,2023-10-29,9445.7,9759
South Africa,ZAF,2023-11-05,9801.3,10405
South Africa,ZAF,2023-11-12,9573.3,10176
South Africa,ZAF,2023-11-19,9297.1,9609
South Africa,ZAF,2023-11-26,9168.9,10748
South Africa,ZAF,2023-12-03,9829.5,10548
South Africa,ZAF,2023-12-10,9888.5,10239
South Africa,ZAF,2023-12-17,9472.7,9662
South Africa,ZAF,2023-12-24,10115.7,10545
South Africa,ZAF,2023-12-31,10059.3,10243
South Korea,KOR,2020-01-05,6413.6,6438
South Korea,KOR,2020-01-12,6449.2,6320
South Korea,KOR,2020-01-19,6411,6403
South Korea,KOR,2020-01-26,6333.8,6490
South Korea,KOR,2020-02-02,6338.2,6434
South Korea,KOR,2020-02-09,6177.8,6431
South Korea,KOR,2020-02-16,6179.2,6161
South Korea,KOR,2020-02-23,6224.4,5970
South Korea,KOR,2020-03-01,6193.8,6012
South Korea,KOR,2020-03-08,6121.6,5961
South Korea,KOR,2020-03-15,6039.4,5933
South Korea,KOR,2020-03-22,5936.2,5838
South Korea,KOR,2020-03-29,5918.8,5708
South Korea,KOR,2020-04-05,5925.2,5649
South Korea,KOR,2020-04-12,5771.4,5874
South Korea,KOR,2020-04-19,5841,5745
South Korea,KOR,2020-04-26,5689.2,5578
South Korea,KOR,2020-05-03,5789.4,5982
South Korea,KOR,2020-05-10,5677,5529
South Korea,KOR,2020-05-17,5697,5437
South Korea,KOR,2020-05-24,5592.6,5496
South Korea,KOR,2020-05-31,5636.2,5390
South Korea,KOR,2020-06-07,5510.8,5636
South Korea,KOR,2020-06-14,5449.8,5540
South Korea,KOR,2020-06-21,5494.2,5440
South Korea,KOR,2020-06-28,5437.2,5435
South Korea,KOR,2020-07-05,5418,5422
South Korea,KOR,2020-07-12,5377.2,5210
South Korea,KOR,2020-07-19,5369.2,5437
South Korea,KOR,2020-07-26,5496.6,5522
South Korea,KOR,2020-08-02,5592.8,5507
South Korea,KOR,2020-08-09,5571.4,5421
South Korea,KOR,2020-08-16,5427,5690
South Korea,KOR,2020-08-23,5468,5954
South Korea,KOR,2020-08-30,5455.4,5814
South Korea,KOR,2020-09-06,5546,5617
South Korea,KOR,2020-09-13,5522.8,5630
South Korea,KOR,2020-09-20,5556,5733
South Korea,KOR,2020-09-27,5643.4,5763
South Korea,KOR,2020-10-04,5756.6,5776
South Korea,KOR,2020-10-11,5747.2,5951
South Korea,KOR,2020-10-18,5891.6,5884
South Korea,KOR,2020-10-25,5868.2,6043
South Korea,KOR,2020-11-01,5887.4,6081
South Korea,KOR,2020-11-08,5915.6,6062
South Korea,KOR,2020-11-15,5903,6029
South Korea,KOR,2020-11-22,5901.8,5943
South Korea,KOR,2020-11-29,5977.4,5802
South Korea,KOR,2020-12-06,5986.8,6161
South Korea,KOR,2020-12-13,6109,6027
South Korea,KOR,2020-12-20,6212.6,5922
South Korea,KOR,2020-12-27,6251.6,6138
South Korea,KOR,2021-01-03,6251.6,6161
South Korea,KOR,2021-01-10,6521.6,6217
South Korea,KOR,2021-01-17,6557.2,6332
South Korea,KOR,2021-01-24,6519,6189
South Korea,KOR,2021-01-31,6441.8,5838
South Korea,KOR,2021-02-07,6446.2,6073
South Korea,KOR,2021-02-14,6285.8,5779
South Korea,KOR,2021-02-21,6287.2,6076
South Korea,KOR,2021-02-28,6332.4,5908
South Korea,KOR,2021-03-07,6301.8,5950
South Korea,KOR,2021-03-14,6229.6,6100
South Korea,KOR,2021-03-21,6147.4,6036
South Korea,KOR,2021-03-28,6044.2,5896
South Korea,KOR,2021-04-04,6026.8,5920
South Korea,KOR,2021-04-11,6033.2,5836
South Korea,KOR,2021-04-18,5879.4,5937
South Korea,KOR,2021-04-25,5949,5822
South Korea,KOR,2021-05-02,5797.2,5767
South Korea,KOR,2021-05-09,5897.4,5859
South Korea,KOR,2021-05-16,5785,5943
South Korea,KOR,2021-05-23,5805,5559
South Korea,KOR,2021-05-30,5700.6,5780
South Korea,KOR,2021-06-06,5744.2,5659
South Korea,KOR,2021-06-13,5618.8,5707
South Korea,KOR,2021-06-20,5557.8,5639
South Korea,KOR,2021-06-27,5602.2,5724
South Korea,KOR,2021-07-04,5545.2,5707
South Korea,KOR,2021-07-11,5526,5690
South Korea,KOR,2021-07-18,5485.2,5710
South Korea,KOR,2021-07-25,5477.2,5879
South Korea,KOR,2021-08-01,5604.6,6012
South Korea,KOR,2021-08-08,5700.8,5902
South Korea,KOR,2021-08-15,5679.4,5820
South Korea,KOR,2021-08-22,5535,5853
South Korea,KOR,2021-08-29,5576,5822
South Korea,KOR,2021-09-05,5563.4,5844
South Korea,KOR,2021-09-12,5654,5984
South Korea,KOR,2021-09-19,5630.8,5968
South Korea,KOR,2021-09-26,5664,6016
South Korea,KOR,2021-10-03,5751.4,6099
South Korea,KOR,2021-10-10,5864.6,6099
South Korea,KOR,2021-10-17,5855.2,6117
South Korea,KOR,2021-10-24,5999.6,6358
South Korea,KOR,2021-10-31,5976.2,6562
South Korea,KOR,2021-11-07,5995.4,6473
South Korea,KOR,2021-11-14,6023.6,6490
South Korea,KOR,2021-11-21,6011,6667
South Korea,KOR,2021-11-28,6009.8,6682
South Korea,KOR,2021-12-05,6085.4,6955
South Korea,KOR,2021-12-12,6094.8,7067
South Korea,KOR,2021-12-19,6217,7236
South Korea,KOR,2021-12-26,6320.6,7234
South Korea,KOR,2022-01-02,6359.6,7106
South Korea,KOR,2022-01-09,6629.5,6855
South Korea,KOR,2022-01-16,6665.1,6741
South Korea,KOR,2022-01-23,6626.9,6723
South Korea,KOR,2022-01-30,6549.7,6740
South Korea,KOR,2022-02-06,6554.1,6646
South Korea,KOR,2022-02-13,6393.7,7046
South Korea,KOR,2022-02-20,6395.1,7081
South Korea,KOR,2022-02-27,6440.3,7844
South Korea,KOR,2022-03-06,6409.7,8877
South Korea,KOR,2022-03-13,6337.5,9684
South Korea,KOR,2022-03-20,6255.3,10526
South Korea,KOR,2022-03-27,6152.1,10588
South Korea,KOR,2022-04-03,6134.7,10332
South Korea,KOR,2022-04-10,6141.1,9686
South Korea,KOR,2022-04-17,5987.3,8927
South Korea,KOR,2022-04-24,6056.9,7953
South Korea,KOR,2022-05-01,5905.1,7189
South Korea,KOR,2022-05-08,6005.3,6816
South Korea,KOR,2022-05-15,5892.9,6776
South Korea,KOR,2022-05-22,5912.9,6360
South Korea,KOR,2022-05-29,5808.5,6312
South Korea,KOR,2022-06-05,5852.1,6049
South Korea,KOR,2022-06-12,5726.7,5751
South Korea,KOR,2022-06-19,5665.7,5803
South Korea,KOR,2022-06-26,5710.1,5735
South Korea,KOR,2022-07-03,5653.1,5812
South Korea,KOR,2022-07-10,5633.9,5912
South Korea,KOR,2022-07-17,5593.1,5865
South Korea,KOR,2022-07-24,5585.1,5712
South Korea,KOR,2022-07-31,5712.5,6198
South Korea,KOR,2022-08-07,5808.7,6418
South Korea,KOR,2022-08-14,5787.3,6485
South Korea,KOR,2022-08-21,5642.9,6984
South Korea,KOR,2022-08-28,5683.9,6989
South Korea,KOR,2022-09-04,5671.3,6998
South Korea,KOR,2022-09-11,5761.9,6825
South Korea,KOR,2022-09-18,5738.7,7116
South Korea,KOR,2022-09-25,5771.9,6650
South Korea,KOR,2022-10-02,5859.3,6515
South Korea,KOR,2022-10-09,5972.5,6459
South Korea,KOR,2022-10-16,5963.1,6636
South Korea,KOR,2022-10-23,6107.5,6755
South Korea,KOR,2022-10-30,6084.1,6964
South Korea,KOR,2022-11-06,6103.3,6882
South Korea,KOR,2022-11-13,6131.5,7082
South Korea,KOR,2022-11-20,6118.9,7184
South Korea,KOR,2022-11-27,6117.7,7019
South Korea,KOR,2022-12-04,6193.3,7113
South Korea,KOR,2022-12-11,6202.7,7383
South Korea,KOR,2022-12-18,6324.9,7485
South Korea,KOR,2022-12-25,6428.5,7723
South Korea,KOR,2023-01-01,6467.5,7741
South Korea,KOR,2023-01-08,6737.5,7660
South Korea,KOR,2023-01-15,6773.1,7583
South Korea,KOR,2023-01-22,6734.9,6968
South Korea,KOR,2023-01-29,6657.7,7212
South Korea,KOR,2023-02-05,6662.1,7215
South Korea,KOR,2023-02-12,6501.7,6894
South Korea,KOR,2023-02-19,6503.1,6835
South Korea,KOR,2023-02-26,6548.3,6711
South Korea,KOR,2023-03-05,6517.7,6625
South Korea,KOR,2023-03-12,6445.5,6670
South Korea,KOR,2023-03-19,6363.3,6377
South Korea,KOR,2023-03-26,6260.1,6466
South Korea,KOR,2023-04-02,6242.7,6565
South Korea,KOR,2023-04-09,6249.1,6237
South Korea,KOR,2023-04-16,6095.3,6476
South Korea,KOR,2023-04-23,6164.9,6474
South Korea,KOR,2023-04-30,6013.1,6445
South Korea,KOR,2023-05-07,6113.3,6536
South Korea,KOR,2023-05-14,6000.9,6482
South Korea,KOR,2023-05-21,6020.9,6583
South Korea,KOR,2023-05-28,5916.5,6378
South Korea,KOR,2023-06-04,5960.1,6408
South Korea,KOR,2023-06-11,5834.7,6335
South Korea,KOR,2023-06-18,5773.7,6358
South Korea,KOR,2023-06-25,5818.1,6192
South Korea,KOR,2023-07-02,5761.1,6109
South Korea,KOR,2023-07-09,5741.9,6028
South Korea,KOR,2023-07-16,5701.1,6297
South Korea,KOR,2023-07-23,5693.1,6255
South Korea,KOR,2023-07-30,5820.5,6552
South Korea,KOR,2023-08-06,5916.7,6978
South Korea,KOR,2023-08-13,5895.3,6982
South Korea,KOR,2023-08-20,5750.9,6728
South Korea,KOR,2023-08-27,5791.9,6806
South Korea,KOR,2023-09-03,5779.3,6622
South Korea,KOR,2023-09-10,5869.9,6739
South Korea,KOR,2023-09-17,5846.7,6512
South Korea,KOR,2023-09-24,5879.9,6189
South Korea,KOR,2023-10-01,5967.3,6315
South Korea,KOR,2023-10-08,6080.5,
South Korea,KOR,2023-10-15,6071.1,
South Korea,KOR,2023-10-22,6215.5,
South Korea,KOR,2023-10-29,6192.1,
South Korea,KOR,2023-11-05,6211.3,
South Korea,KOR,2023-11-12,6239.5,
South Korea,KOR,2023-11-19,6226.9,
South Korea,KOR,2023-11-26,6225.7,
South Korea,KOR,2023-12-03,6301.3,
South Korea,KOR,2023-12-10,6310.7,
South Korea,KOR,2023-12-17,6432.9,
South Korea,KOR,2023-12-24,6536.5,
South Korea,KOR,2023-12-31,6575.5,
Spain,ESP,2020-01-05,9915,8710
Spain,ESP,2020-01-12,10337,9398
Spain,ESP,2020-01-19,10515,9917
Spain,ESP,2020-01-26,10180.8,9954
Spain,ESP,2020-02-02,10051,9974
Spain,ESP,2020-02-09,9770.8,9192
Spain,ESP,2020-02-16,9615.2,8839
Spain,ESP,2020-02-23,9409.4,8413
Spain,ESP,2020-03-01,9169.6,8379
Spain,ESP,2020-03-08,8868,8465
Spain,ESP,2020-03-15,8564.8,9481
Spain,ESP,2020-03-22,8288.6,12843
Spain,ESP,2020-03-29,8324.4,19828
Spain,ESP,2020-04-05,8170,20967
Spain,ESP,2020-04-12,8039.6,17325
Spain,ESP,2020-04-19,7837.2,13244
Spain,ESP,2020-04-26,7734.8,10452
Spain,ESP,2020-05-03,7569.8,9008
Spain,ESP,2020-05-10,7608.2,8458
Spain,ESP,2020-05-17,7574.4,7536
Spain,ESP,2020-05-24,7484.4,7643
Spain,ESP,2020-05-31,7324.4,7620
Spain,ESP,2020-06-07,7375.8,7144
Spain,ESP,2020-06-14,7307.2,6849
Spain,ESP,2020-06-21,7498.4,7032
Spain,ESP,2020-06-28,7423.2,7512
Spain,ESP,2020-07-05,7683.4,7635
Spain,ESP,2020-07-12,7614.4,7732
Spain,ESP,2020-07-19,7508.4,7562
Spain,ESP,2020-07-26,7415.4,7827
Spain,ESP,2020-08-02,7498.4,8589
Spain,ESP,2020-08-09,7442.6,8394
Spain,ESP,2020-08-16,7174.4,8170
Spain,ESP,2020-08-23,7078.8,7886
Spain,ESP,2020-08-30,7029.4,7954
Spain,ESP,2020-09-06,6910.2,7777
Spain,ESP,2020-09-13,6811.8,7998
Spain,ESP,2020-09-20,7013.6,8168
Spain,ESP,2020-09-27,7162.6,8064
Spain,ESP,2020-10-04,7143.2,8188
Spain,ESP,2020-10-11,7265.8,8593
Spain,ESP,2020-10-18,7323,8594
Spain,ESP,2020-10-25,7442.4,9470
Spain,ESP,2020-11-01,7578.8,9596
Spain,ESP,2020-11-08,7752.6,10316
Spain,ESP,2020-11-15,7950.8,10030
Spain,ESP,2020-11-22,8012,9695
Spain,ESP,2020-11-29,8187.8,9534
Spain,ESP,2020-12-06,8230.2,9541
Spain,ESP,2020-12-13,8562.6,9534
Spain,ESP,2020-12-20,8805,9287
Spain,ESP,2020-12-27,9107.2,9015
Spain,ESP,2021-01-03,9107.2,9524
Spain,ESP,2021-01-10,9932,10470
Spain,ESP,2021-01-17,10354,11858
Spain,ESP,2021-01-24,10532,12950
Spain,ESP,2021-01-31,10197.8,12701
Spain,ESP,2021-02-07,10068,11571
Spain,ESP,2021-02-14,9787.8,10368
Spain,ESP,2021-02-21,9632.2,9488
Spain,ESP,2021-02-28,9426.4,9032
Spain,ESP,2021-03-07,9186.6,8542
Spain,ESP,2021-03-14,8885,8318
Spain,ESP,2021-03-21,8581.8,8077
Spain,ESP,2021-03-28,8305.6,8189
Spain,ESP,2021-04-04,8341.4,8195
Spain,ESP,2021-04-11,8187,8080
Spain,ESP,2021-04-18,8056.6,7947
Spain,ESP,2021-04-25,7854.2,8084
Spain,ESP,2021-05-02,7751.8,7867
Spain,ESP,2021-05-09,7586.8,8062
Spain,ESP,2021-05-16,7625.2,7738
Spain,ESP,2021-05-23,7591.4,7606
Spain,ESP,2021-05-30,7501.4,7437
Spain,ESP,2021-06-06,7341.4,7353
Spain,ESP,2021-06-13,7392.8,7710
Spain,ESP,2021-06-20,7324.2,7799
Spain,ESP,2021-06-27,7515.4,7285
Spain,ESP,2021-07-04,7440.2,7557
Spain,ESP,2021-07-11,7700.4,7544
Spain,ESP,2021-07-18,7631.4,7563
Spain,ESP,2021-07-25,7525.4,8481
Spain,ESP,2021-08-01,7432.4,8362
Spain,ESP,2021-08-08,7515.4,8642
Spain,ESP,2021-08-15,7459.6,8860
Spain,ESP,2021-08-22,7191.4,8766
Spain,ESP,2021-08-29,7095.8,8214
Spain,ESP,2021-09-05,7046.4,7936
Spain,ESP,2021-09-12,6927.2,7895
Spain,ESP,2021-09-19,6828.8,7504
Spain,ESP,2021-09-26,7030.6,7430
Spain,ESP,2021-10-03,7179.6,7548
Spain,ESP,2021-10-10,7160.2,7526
Spain,ESP,2021-10-17,7282.8,7586
Spain,ESP,2021-10-24,7340,7744
Spain,ESP,2021-10-31,7459.4,8179
Spain,ESP,2021-11-07,7595.8,7821
Spain,ESP,2021-11-14,7769.6,8717
Spain,ESP,2021-11-21,7967.8,8793
Spain,ESP,2021-11-28,8029,8846
Spain,ESP,2021-12-05,8204.8,9386
Spain,ESP,2021-12-12,8247.2,9017
Spain,ESP,2021-12-19,8579.6,9503
Spain,ESP,2021-12-26,8822,9780
Spain,ESP,2022-01-02,9124.2,9845
Spain,ESP,2022-01-09,9949.1,9953
Spain,ESP,2022-01-16,10371.1,10670
Spain,ESP,2022-01-23,10549.1,10855
Spain,ESP,2022-01-30,10214.9,11205
Spain,ESP,2022-02-06,10085.1,10886
Spain,ESP,2022-02-13,9804.9,10103
Spain,ESP,2022-02-20,9649.3,9316
Spain,ESP,2022-02-27,9443.5,8931
Spain,ESP,2022-03-06,9203.7,8694
Spain,ESP,2022-03-13,8902.1,8537
Spain,ESP,2022-03-20,8598.9,8574
Spain,ESP,2022-03-27,8322.7,8523
Spain,ESP,2022-04-03,8358.5,8525
Spain,ESP,2022-04-10,8204.1,8714
Spain,ESP,2022-04-17,8073.7,8707
Spain,ESP,2022-04-24,7871.3,8410
Spain,ESP,2022-05-01,7768.9,8511
Spain,ESP,2022-05-08,7603.9,8524
Spain,ESP,2022-05-15,7642.3,8832
Spain,ESP,2022-05-22,7608.5,8930
Spain,ESP,2022-05-29,7518.5,8238
Spain,ESP,2022-06-05,7358.5,8167
Spain,ESP,2022-06-12,7409.9,8193
Spain,ESP,2022-06-19,7341.3,9373
Spain,ESP,2022-06-26,7532.5,8573
Spain,ESP,2022-07-03,7457.3,8606
Spain,ESP,2022-07-10,7717.5,9115
Spain,ESP,2022-07-17,7648.5,10900
Spain,ESP,2022-07-24,7542.5,11014
Spain,ESP,2022-07-31,7449.5,9968
Spain,ESP,2022-08-07,7532.5,9478
Spain,ESP,2022-08-14,7476.7,9304
Spain,ESP,2022-08-21,7208.5,8129
Spain,ESP,2022-08-28,7112.9,8197
Spain,ESP,2022-09-04,7063.5,7687
Spain,ESP,2022-09-11,6944.3,7677
Spain,ESP,2022-09-18,6845.9,7634
Spain,ESP,2022-09-25,7047.7,7411
Spain,ESP,2022-10-02,7196.7,7552
Spain,ESP,2022-10-09,7177.3,7993
Spain,ESP,2022-10-16,7299.9,7808
Spain,ESP,2022-10-23,7357.1,8164
Spain,ESP,2022-10-30,7476.5,7960
Spain,ESP,2022-11-06,7612.9,7681
Spain,ESP,2022-11-13,7786.7,8238
Spain,ESP,2022-11-20,7984.9,8441
Spain,ESP,2022-11-27,8046.1,8535
Spain,ESP,2022-12-04,8221.9,9026
Spain,ESP,2022-12-11,8264.3,9491
Spain,ESP,2022-12-18,8596.7,9511
Spain,ESP,2022-12-25,8839.1,9768
Spain,ESP,2023-01-01,9141.3,8384
Spain,ESP,2023-01-08,9966.1,9922
Spain,ESP,2023-01-15,10388.1,10051
Spain,ESP,2023-01-22,10566.1,9903
Spain,ESP,2023-01-29,10231.9,9713
Spain,ESP,2023-02-05,10102.1,10167
Spain,ESP,2023-02-12,9821.9,10185
Spain,ESP,2023-02-19,9666.3,9833
Spain,ESP,2023-02-26,9460.5,9649
Spain,ESP,2023-03-05,9220.7,9597
Spain,ESP,2023-03-12,8919.1,9677
Spain,ESP,2023-03-19,8615.9,8932
Spain,ESP,2023-03-26,8339.7,8380
Spain,ESP,2023-04-02,8375.5,8306
Spain,ESP,2023-04-09,8221.1,8089
Spain,ESP,2023-04-16,8090.7,8178
Spain,ESP,2023-04-23,7888.3,8019
Spain,ESP,2023-04-30,7785.9,8114
Spain,ESP,2023-05-07,7620.9,7592
Spain,ESP,2023-05-14,7659.3,7537
Spain,ESP,2023-05-21,7625.5,7553
Spain,ESP,2023-05-28,7535.5,7755
Spain,ESP,2023-06-04,7375.5,7544
Spain,ESP,2023-06-11,7426.9,7645
Spain,ESP,2023-06-18,7358.3,7578
Spain,ESP,2023-06-25,7549.5,7435
Spain,ESP,2023-07-02,7474.3,7713
Spain,ESP,2023-07-09,7734.5,7415
Spain,ESP,2023-07-16,7665.5,7675
Spain,ESP,2023-07-23,7559.5,7827
Spain,ESP,2023-07-30,7466.5,7487
Spain,ESP,2023-08-06,7549.5,7623
Spain,ESP,2023-08-13,7493.7,7714
Spain,ESP,2023-08-20,7225.5,7803
Spain,ESP,2023-08-27,7129.9,8634
Spain,ESP,2023-09-03,7080.5,7839
Spain,ESP,2023-09-10,6961.3,7614
Spain,ESP,2023-09-17,6862.9,7322
Spain,ESP,2023-09-24,7064.7,7368
Spain,ESP,2023-10-01,7213.7,7499
Spain,ESP,2023-10-08,7194.3,7812
Spain,ESP,2023-10-15,7316.9,7577
Spain,ESP,2023-10-22,7374.1,7588
Spain,ESP,2023-10-29,7493.5,7703
Spain,ESP,2023-11-05,7629.9,7666
Spain,ESP,2023-11-12,7803.7,8133
Spain,ESP,2023-11-19,8001.9,8290
Spain,ESP,2023-11-26,8063.1,8124
Spain,ESP,2023-12-03,8238.9,8603
Spain,ESP,2023-12-10,8281.3,8471
Spain,ESP,2023-12-17,8613.7,9023
Spain,ESP,2023-12-24,8856.1,9843
Spain,ESP,2023-12-31,9158.3,10892
Suriname,SUR,2020-01-31,371.1,329
Suriname,SUR,2020-02-29,300.7,348
Suriname,SUR,2020-03-31,352.9,306
Suriname,SUR,2020-04-30,308.5,283
Suriname,SUR,2020-05-31,324.9,276
Suriname,SUR,2020-06-30,300.9,327
Suriname,SUR,2020-07-31,331.5,337
Suriname,SUR,2020-08-31,342.3,396
Suriname,SUR,2020-09-30,341.7,362
Suriname,SUR,2020-10-31,330.9,349
Suriname,SUR,2020-11-30,311.9,308
Suriname,SUR,2020-12-31,305.5,350
Suriname,SUR,2021-01-31,377.4,383
Suriname,SUR,2021-02-28,307,301
Suriname,SUR,2021-03-31,359.2,305
Suriname,SUR,2021-04-30,314.8,318
Suriname,SUR,2021-05-31,331.2,497
Suriname,SUR,2021-06-30,307.2,648
Suriname,SUR,2021-07-31,337.8,541
Suriname,SUR,2021-08-31,348.6,447
Suriname,SUR,2021-09-30,348,609
Suriname,SUR,2021-10-31,337.2,659
Suriname,SUR,2021-11-30,318.2,446
Suriname,SUR,2021-12-31,311.8,381
Suriname,SUR,2022-01-31,383.7,564
Suriname,SUR,2022-02-28,313.3,401
Suriname,SUR,2022-03-31,365.5,356
Suriname,SUR,2022-04-30,321.1,377
Suriname,SUR,2022-05-31,337.5,388
Suriname,SUR,2022-06-30,313.5,394
Suriname,SUR,2022-07-31,344.1,370
Suriname,SUR,2022-08-31,354.9,351
Suriname,SUR,2022-09-30,354.3,356
Suriname,SUR,2022-10-31,343.5,384
Suriname,SUR,2022-11-30,324.5,360
Suriname,SUR,2022-12-31,318.1,340
Suriname,SUR,2023-01-31,390,
Suriname,SUR,2023-02-28,319.6,
Suriname,SUR,2023-03-31,371.8,
Suriname,SUR,2023-04-30,327.4,
Suriname,SUR,2023-05-31,343.8,
Suriname,SUR,2023-06-30,319.8,
Suriname,SUR,2023-07-31,350.4,
Suriname,SUR,2023-08-31,361.2,
Suriname,SUR,2023-09-30,360.6,
Suriname,SUR,2023-10-31,349.8,
Suriname,SUR,2023-11-30,330.8,
Suriname,SUR,2023-12-31,324.4,
Sweden,SWE,2020-01-05,1997.3,1874.5
Sweden,SWE,2020-01-12,1975.1,1945.2
Sweden,SWE,2020-01-19,1969.9,1885.2
Sweden,SWE,2020-01-26,1946.1,1784.2
Sweden,SWE,2020-02-02,1909.1,1900.3
Sweden,SWE,2020-02-09,1912.5,1775.6
Sweden,SWE,2020-02-16,1949.7,1871.6
Sweden,SWE,2020-02-23,2013.7,1824.6
Sweden,SWE,2020-03-01,2000.5,1825.5
Sweden,SWE,2020-03-08,1939.5,1872.8
Sweden,SWE,2020-03-15,1924.3,1776.8
Sweden,SWE,2020-03-22,1822.5,1911.8
Sweden,SWE,2020-03-29,1844.7,2086.8
Sweden,SWE,2020-04-05,1824.9,2429.7
Sweden,SWE,2020-04-12,1767.9,2615.7
Sweden,SWE,2020-04-19,1782.1,2571.7
Sweden,SWE,2020-04-26,1716.3,2315.7
Sweden,SWE,2020-05-03,1667.7,2288.4
Sweden,SWE,2020-05-10,1655.7,2235.1
Sweden,SWE,2020-05-17,1590.5,2042.1
Sweden,SWE,2020-05-24,1580.9,1971.1
Sweden,SWE,2020-05-31,1582.3,1709.1
Sweden,SWE,2020-06-07,1560.7,1802.1
Sweden,SWE,2020-06-14,1548.7,1772.1
Sweden,SWE,2020-06-21,1560.1,1721.1
Sweden,SWE,2020-06-28,1582.5,1725.1
Sweden,SWE,2020-07-05,1603.3,1619.8
Sweden,SWE,2020-07-12,1590.5,1627.3
Sweden,SWE,2020-07-19,1596.5,1569.3
Sweden,SWE,2020-07-26,1585.5,1596.3
Sweden,SWE,2020-08-02,1606.3,1600.1
Sweden,SWE,2020-08-09,1553.5,1616.2
Sweden,SWE,2020-08-16,1551.5,1562.2
Sweden,SWE,2020-08-23,1562.7,1623.2
Sweden,SWE,2020-08-30,1610.9,1531.2
Sweden,SWE,2020-09-06,1592.9,1564.1
Sweden,SWE,2020-09-13,1571.7,1574.4
Sweden,SWE,2020-09-20,1589.9,1560.4
Sweden,SWE,2020-09-27,1614.1,1610.4
Sweden,SWE,2020-10-04,1661.7,1598.6
Sweden,SWE,2020-10-11,1672.3,1597.7
Sweden,SWE,2020-10-18,1648.7,1666.7
Sweden,SWE,2020-10-25,1691.9,1624.7
Sweden,SWE,2020-11-01,1720.7,1745.2
Sweden,SWE,2020-11-08,1691.1,1724.1
Sweden,SWE,2020-11-15,1717.9,1919.1
Sweden,SWE,2020-11-22,1693.3,2040.1
Sweden,SWE,2020-11-29,1766.3,2010.1
Sweden,SWE,2020-12-06,1813.7,2203.7
Sweden,SWE,2020-12-13,1780.3,2173.5
Sweden,SWE,2020-12-20,1828.3,2355.5
Sweden,SWE,2020-12-27,1858.5,2372.5
Sweden,SWE,2021-01-03,1858.5,2433.7
Sweden,SWE,2021-01-10,1992,2369.9
Sweden,SWE,2021-01-17,1969.8,2352.9
Sweden,SWE,2021-01-24,1964.6,2306.9
Sweden,SWE,2021-01-31,1940.8,2129.9
Sweden,SWE,2021-02-07,1903.8,1909.5
Sweden,SWE,2021-02-14,1907.2,1917.5
Sweden,SWE,2021-02-21,1944.4,1892.5
Sweden,SWE,2021-02-28,2008.4,1862.5
Sweden,SWE,2021-03-07,1995.2,1712.2
Sweden,SWE,2021-03-14,1934.2,1859.2
Sweden,SWE,2021-03-21,1919,1737.2
Sweden,SWE,2021-03-28,1817.2,1770.2
Sweden,SWE,2021-04-04,1839.4,1719.6
Sweden,SWE,2021-04-11,1819.6,1751.1
Sweden,SWE,2021-04-18,1762.6,1705.1
Sweden,SWE,2021-04-25,1776.8,1736.1
Sweden,SWE,2021-05-02,1711,1664.9
Sweden,SWE,2021-05-09,1662.4,1726.1
Sweden,SWE,2021-05-16,1650.4,1708.1
Sweden,SWE,2021-05-23,1585.2,1597.1
Sweden,SWE,2021-05-30,1575.6,1561.1
Sweden,SWE,2021-06-06,1577,1560.7
Sweden,SWE,2021-06-13,1555.4,1559.8
Sweden,SWE,2021-06-20,1543.4,1518.8
Sweden,SWE,2021-06-27,1554.8,1541.8
Sweden,SWE,2021-07-04,1577.2,1536.9
Sweden,SWE,2021-07-11,1598,1585
Sweden,SWE,2021-07-18,1585.2,1609
Sweden,SWE,2021-07-25,1591.2,1566
Sweden,SWE,2021-08-01,1580.2,1639.5
Sweden,SWE,2021-08-08,1601,1525.6
Sweden,SWE,2021-08-15,1548.2,1632.6
Sweden,SWE,2021-08-22,1546.2,1588.6
Sweden,SWE,2021-08-29,1557.4,1605.6
Sweden,SWE,2021-09-05,1605.6,1622.7
Sweden,SWE,2021-09-12,1587.6,1661.2
Sweden,SWE,2021-09-19,1566.4,1707.2
Sweden,SWE,2021-09-26,1584.6,1678.2
Sweden,SWE,2021-10-03,1608.8,1723.4
Sweden,SWE,2021-10-10,1656.4,1661.3
Sweden,SWE,2021-10-17,1667,1700.3
Sweden,SWE,2021-10-24,1643.4,1741.3
Sweden,SWE,2021-10-31,1686.6,1736.3
Sweden,SWE,2021-11-07,1715.4,1833.5
Sweden,SWE,2021-11-14,1685.8,1776.5
Sweden,SWE,2021-11-21,1712.6,1786.5
Sweden,SWE,2021-11-28,1688,1739.5
Sweden,SWE,2021-12-05,1761,1827.5
Sweden,SWE,2021-12-12,1808.4,1941.9
Sweden,SWE,2021-12-19,1775,1918.9
Sweden,SWE,2021-12-26,1823,1949.9
Sweden,SWE,2022-01-02,1853.2,2045.9
Sweden,SWE,2022-01-09,1986.8,2105.9
Sweden,SWE,2022-01-16,1964.6,2072.9
Sweden,SWE,2022-01-23,1959.4,2022.9
Sweden,SWE,2022-01-30,1935.6,2099.9
Sweden,SWE,2022-02-06,1898.6,2192.7
Sweden,SWE,2022-02-13,1902,2014.7
Sweden,SWE,2022-02-20,1939.2,2088.7
Sweden,SWE,2022-02-27,2003.2,1993.7
Sweden,SWE,2022-03-06,1990,1957.1
Sweden,SWE,2022-03-13,1929,1816.7
Sweden,SWE,2022-03-20,1913.8,1806.7
Sweden,SWE,2022-03-27,1812,1774.7
Sweden,SWE,2022-04-03,1834.2,1768.1
Sweden,SWE,2022-04-10,1814.4,1804.4
Sweden,SWE,2022-04-17,1757.4,1669.4
Sweden,SWE,2022-04-24,1771.6,1661.4
Sweden,SWE,2022-05-01,1705.8,1655.1
Sweden,SWE,2022-05-08,1657.2,1697.1
Sweden,SWE,2022-05-15,1645.2,1674.1
Sweden,SWE,2022-05-22,1580,1720.1
Sweden,SWE,2022-05-29,1570.4,1600.1
Sweden,SWE,2022-06-05,1571.8,1623.9
Sweden,SWE,2022-06-12,1550.2,1586.6
Sweden,SWE,2022-06-19,1538.2,1623.6
Sweden,SWE,2022-06-26,1549.6,1673.6
Sweden,SWE,2022-07-03,1572,1698.7
Sweden,SWE,2022-07-10,1592.8,1672.8
Sweden,SWE,2022-07-17,1580,1560.8
Sweden,SWE,2022-07-24,1586,1729.8
Sweden,SWE,2022-07-31,1575,1697.8
Sweden,SWE,2022-08-07,1595.8,1718.9
Sweden,SWE,2022-08-14,1543,1771.9
Sweden,SWE,2022-08-21,1541,1761.9
Sweden,SWE,2022-08-28,1552.2,1671.9
Sweden,SWE,2022-09-04,1600.4,1585.6
Sweden,SWE,2022-09-11,1582.4,1648.9
Sweden,SWE,2022-09-18,1561.2,1765.9
Sweden,SWE,2022-09-25,1579.4,1767.9
Sweden,SWE,2022-10-02,1603.6,1802.4
Sweden,SWE,2022-10-09,1651.2,1790.7
Sweden,SWE,2022-10-16,1661.8,1731.7
Sweden,SWE,2022-10-23,1638.2,1676.7
Sweden,SWE,2022-10-30,1681.4,1700.7
Sweden,SWE,2022-11-06,1710.2,1665.4
Sweden,SWE,2022-11-13,1680.6,1733.8
Sweden,SWE,2022-11-20,1707.4,1800.8
Sweden,SWE,2022-11-27,1682.8,1877.8
Sweden,SWE,2022-12-04,1755.8,1851.4
Sweden,SWE,2022-12-11,1803.2,2027.2
Sweden,SWE,2022-12-18,1769.8,2276.2
Sweden,SWE,2022-12-25,1817.8,2391.2
Sweden,SWE,2023-01-01,1848,2393
Sweden,SWE,2023-01-08,1981.5,2451.2
Sweden,SWE,2023-01-15,1959.3,2215.2
Sweden,SWE,2023-01-22,1954.1,2076.2
Sweden,SWE,2023-01-29,1930.3,1921.2
Sweden,SWE,2023-02-05,1893.3,1875.7
Sweden,SWE,2023-02-12,1896.7,1828.2
Sweden,SWE,2023-02-19,1933.9,1803.2
Sweden,SWE,2023-02-26,1997.9,1805.2
Sweden,SWE,2023-03-05,1984.7,1877
Sweden,SWE,2023-03-12,1923.7,1899.8
Sweden,SWE,2023-03-19,1908.5,1848.8
Sweden,SWE,2023-03-26,1806.7,1791.8
Sweden,SWE,2023-04-02,1828.9,1799.8
Sweden,SWE,2023-04-09,1809.1,1762.4
Sweden,SWE,2023-04-16,1752.1,1803.4
Sweden,SWE,2023-04-23,1766.3,1835.4
Sweden,SWE,2023-04-30,1700.5,1799.4
Sweden,SWE,2023-05-07,1651.9,1710.8
Sweden,SWE,2023-05-14,1639.9,1636.8
Sweden,SWE,2023-05-21,1574.7,1691.8
Sweden,SWE,2023-05-28,1565.1,1589.8
Sweden,SWE,2023-06-04,1566.5,1623.8
Sweden,SWE,2023-06-11,1544.9,1665.8
Sweden,SWE,2023-06-18,1532.9,1625.8
Sweden,SWE,2023-06-25,1544.3,1636.8
Sweden,SWE,2023-07-02,1566.7,1560.5
Sweden,SWE,2023-07-09,1587.5,1587.7
Sweden,SWE,2023-07-16,1574.7,1543.7
Sweden,SWE,2023-07-23,1580.7,1547.7
Sweden,SWE,2023-07-30,1569.7,1618.7
Sweden,SWE,2023-08-06,1590.5,1558.6
Sweden,SWE,2023-08-13,1537.7,1589.3
Sweden,SWE,2023-08-20,1535.7,1602.3
Sweden,SWE,2023-08-27,1546.9,1608.3
Sweden,SWE,2023-09-03,1595.1,1540.8
Sweden,SWE,2023-09-10,1577.1,1753.2
Sweden,SWE,2023-09-17,1555.9,1601.2
Sweden,SWE,2023-09-24,1574.1,1671.2
Sweden,SWE,2023-10-01,1598.3,1623.1
Sweden,SWE,2023-10-08,1645.9,1677.3
Sweden,SWE,2023-10-15,1656.5,1864.3
Sweden,SWE,2023-10-22,1632.9,1815.3
Sweden,SWE,2023-10-29,1676.1,1875.3
Sweden,SWE,2023-11-05,1704.9,2009.9
Sweden,SWE,2023-11-12,1675.3,1931.7
Sweden,SWE,2023-11-19,1702.1,2016.7
Sweden,SWE,2023-11-26,1677.5,2106.7
Sweden,SWE,2023-12-03,1750.5,2093.1
Sweden,SWE,2023-12-10,1797.9,2055.7
Sweden,SWE,2023-12-17,1764.5,2195.7
Sweden,SWE,2023-12-24,1812.5,2253.7
Sweden,SWE,2023-12-31,1842.7,2166.7
Switzerland,CHE,2020-01-05,1481.4,1308
Switzerland,CHE,2020-01-12,1493,1366
Switzerland,CHE,2020-01-19,1502.2,1418
Switzerland,CHE,2020-01-26,1471.4,1417
Switzerland,CHE,2020-02-02,1480.6,1426
Switzerland,CHE,2020-02-09,1515.8,1396
Switzerland,CHE,2020-02-16,1520.2,1384
Switzerland,CHE,2020-02-23,1521.8,1369
Switzerland,CHE,2020-03-01,1535,1349
Switzerland,CHE,2020-03-08,1461,1357
Switzerland,CHE,2020-03-15,1401.6,1396
Switzerland,CHE,2020-03-22,1353.2,1530
Switzerland,CHE,2020-03-29,1296.6,1630
Switzerland,CHE,2020-04-05,1313,1879
Switzerland,CHE,2020-04-12,1248.4,1647
Switzerland,CHE,2020-04-19,1241.2,1577
Switzerland,CHE,2020-04-26,1211.8,1378
Switzerland,CHE,2020-05-03,1241.4,1250
Switzerland,CHE,2020-05-10,1209.4,1184
Switzerland,CHE,2020-05-17,1187.8,1153
Switzerland,CHE,2020-05-24,1220.2,1190
Switzerland,CHE,2020-05-31,1168.8,1102
Switzerland,CHE,2020-06-07,1175.4,1171
Switzerland,CHE,2020-06-14,1152.2,1152
Switzerland,CHE,2020-06-21,1186.4,1149
Switzerland,CHE,2020-06-28,1205.8,1180
Switzerland,CHE,2020-07-05,1203.4,1180
Switzerland,CHE,2020-07-12,1195.6,1174
Switzerland,CHE,2020-07-19,1234.6,1115
Switzerland,CHE,2020-07-26,1203.8,1156
Switzerland,CHE,2020-08-02,1184,1280
Switzerland,CHE,2020-08-09,1177.2,1172
Switzerland,CHE,2020-08-16,1176.6,1230
Switzerland,CHE,2020-08-23,1188.8,1219
Switzerland,CHE,2020-08-30,1178.6,1174
Switzerland,CHE,2020-09-06,1181,1167
Switzerland,CHE,2020-09-13,1205.4,1260
Switzerland,CHE,2020-09-20,1220.8,1243
Switzerland,CHE,2020-09-27,1229.8,1254
Switzerland,CHE,2020-10-04,1266.2,1243
Switzerland,CHE,2020-10-11,1255,1334
Switzerland,CHE,2020-10-18,1254.6,1289
Switzerland,CHE,2020-10-25,1249.6,1492
Switzerland,CHE,2020-11-01,1260.4,1695
Switzerland,CHE,2020-11-08,1268.8,2071
Switzerland,CHE,2020-11-15,1292.2,2149
Switzerland,CHE,2020-11-22,1284.8,2159
Switzerland,CHE,2020-11-29,1344.6,2123
Switzerland,CHE,2020-12-06,1326.8,2179
Switzerland,CHE,2020-12-13,1328.6,2216
Switzerland,CHE,2020-12-20,1370,2190
Switzerland,CHE,2020-12-27,1391.2,2121
Switzerland,CHE,2021-01-03,1391.2,1994
Switzerland,CHE,2021-01-10,1486,1907
Switzerland,CHE,2021-01-17,1497.6,1791
Switzerland,CHE,2021-01-24,1506.8,1761
Switzerland,CHE,2021-01-31,1476,1611
Switzerland,CHE,2021-02-07,1485.2,1439
Switzerland,CHE,2021-02-14,1520.4,1410
Switzerland,CHE,2021-02-21,1524.8,1299
Switzerland,CHE,2021-02-28,1526.4,1312
Switzerland,CHE,2021-03-07,1539.6,1281
Switzerland,CHE,2021-03-14,1465.6,1287
Switzerland,CHE,2021-03-21,1406.2,1229
Switzerland,CHE,2021-03-28,1357.8,1271
Switzerland,CHE,2021-04-04,1301.2,1244
Switzerland,CHE,2021-04-11,1317.6,1259
Switzerland,CHE,2021-04-18,1253,1253
Switzerland,CHE,2021-04-25,1245.8,1251
Switzerland,CHE,2021-05-02,1216.4,1276
Switzerland,CHE,2021-05-09,1246,1219
Switzerland,CHE,2021-05-16,1214,1259
Switzerland,CHE,2021-05-23,1192.4,1191
Switzerland,CHE,2021-05-30,1224.8,1209
Switzerland,CHE,2021-06-06,1173.4,1217
Switzerland,CHE,2021-06-13,1180,1111
Switzerland,CHE,2021-06-20,1156.8,1201
Switzerland,CHE,2021-06-27,1191,1191
Switzerland,CHE,2021-07-04,1210.4,1190
Switzerland,CHE,2021-07-11,1208,1171
Switzerland,CHE,2021-07-18,1200.2,1184
Switzerland,CHE,2021-07-25,1239.2,1219
Switzerland,CHE,2021-08-01,1208.4,1166
Switzerland,CHE,2021-08-08,1188.6,1170
Switzerland,CHE,2021-08-15,1181.8,1318
Switzerland,CHE,2021-08-22,1181.2,1255
Switzerland,CHE,2021-08-29,1193.4,1241
Switzerland,CHE,2021-09-05,1183.2,1336
Switzerland,CHE,2021-09-12,1185.6,1339
Switzerland,CHE,2021-09-19,1210,1347
Switzerland,CHE,2021-09-26,1225.4,1309
Switzerland,CHE,2021-10-03,1234.4,1320
Switzerland,CHE,2021-10-10,1270.8,1249
Switzerland,CHE,2021-10-17,1259.6,1313
Switzerland,CHE,2021-10-24,1259.2,1337
Switzerland,CHE,2021-10-31,1254.2,1375
Switzerland,CHE,2021-11-07,1265,1318
Switzerland,CHE,2021-11-14,1273.4,1430
Switzerland,CHE,2021-11-21,1296.8,1514
Switzerland,CHE,2021-11-28,1289.4,1589
Switzerland,CHE,2021-12-05,1349.2,1717
Switzerland,CHE,2021-12-12,1331.4,1791
Switzerland,CHE,2021-12-19,1333.2,1710
Switzerland,CHE,2021-12-26,1374.6,1585
Switzerland,CHE,2022-01-02,1395.8,1640
Switzerland,CHE,2022-01-09,1490.7,1549
Switzerland,CHE,2022-01-16,1502.3,1522
Switzerland,CHE,2022-01-23,1511.5,1494
Switzerland,CHE,2022-01-30,1480.7,1480
Switzerland,CHE,2022-02-06,1489.9,1478
Switzerland,CHE,2022-02-13,1525.1,1471
Switzerland,CHE,2022-02-20,1529.5,1579
Switzerland,CHE,2022-02-27,1531.1,1447
Switzerland,CHE,2022-03-06,1544.3,1477
Switzerland,CHE,2022-03-13,1470.3,1493
Switzerland,CHE,2022-03-20,1410.9,1556
Switzerland,CHE,2022-03-27,1362.5,1566
Switzerland,CHE,2022-04-03,1305.9,1557
Switzerland,CHE,2022-04-10,1322.3,1470
Switzerland,CHE,2022-04-17,1257.7,1349
Switzerland,CHE,2022-04-24,1250.5,1376
Switzerland,CHE,2022-05-01,1221.1,1295
Switzerland,CHE,2022-05-08,1250.7,1269
Switzerland,CHE,2022-05-15,1218.7,1241
Switzerland,CHE,2022-05-22,1197.1,1291
Switzerland,CHE,2022-05-29,1229.5,1214
Switzerland,CHE,2022-06-05,1178.1,1207
Switzerland,CHE,2022-06-12,1184.7,1216
Switzerland,CHE,2022-06-19,1161.5,1359
Switzerland,CHE,2022-06-26,1195.7,1387
Switzerland,CHE,2022-07-03,1215.1,1351
Switzerland,CHE,2022-07-10,1212.7,1344
Switzerland,CHE,2022-07-17,1204.9,1363
Switzerland,CHE,2022-07-24,1243.9,1490
Switzerland,CHE,2022-07-31,1213.1,1506
Switzerland,CHE,2022-08-07,1193.3,1367
Switzerland,CHE,2022-08-14,1186.5,1344
Switzerland,CHE,2022-08-21,1185.9,1322
Switzerland,CHE,2022-08-28,1198.1,1334
Switzerland,CHE,2022-09-04,1187.9,1234
Switzerland,CHE,2022-09-11,1190.3,1267
Switzerland,CHE,2022-09-18,1214.7,1305
Switzerland,CHE,2022-09-25,1230.1,1224
Switzerland,CHE,2022-10-02,1239.1,1474
Switzerland,CHE,2022-10-09,1275.5,1426
Switzerland,CHE,2022-10-16,1264.3,1453
Switzerland,CHE,2022-10-23,1263.9,1365
Switzerland,CHE,2022-10-30,1258.9,1446
Switzerland,CHE,2022-11-06,1269.7,1397
Switzerland,CHE,2022-11-13,1278.1,1405
Switzerland,CHE,2022-11-20,1301.5,1435
Switzerland,CHE,2022-11-27,1294.1,1488
Switzerland,CHE,2022-12-04,1353.9,1565
Switzerland,CHE,2022-12-11,1336.1,1626
Switzerland,CHE,2022-12-18,1337.9,1681
Switzerland,CHE,2022-12-25,1379.3,1773
Switzerland,CHE,2023-01-01,1400.5,1674
Switzerland,CHE,2023-01-08,1495.3,1674
Switzerland,CHE,2023-01-15,1506.9,1541
Switzerland,CHE,2023-01-22,1516.1,1520
Switzerland,CHE,2023-01-29,1485.3,1462
Switzerland,CHE,2023-02-05,1494.5,1373
Switzerland,CHE,2023-02-12,1529.7,1392
Switzerland,CHE,2023-02-19,1534.1,1427
Switzerland,CHE,2023-02-26,1535.7,1380
Switzerland,CHE,2023-03-05,1548.9,1429
Switzerland,CHE,2023-03-12,1474.9,1476
Switzerland,CHE,2023-03-19,1415.5,1447
Switzerland,CHE,2023-03-26,1367.1,1421
Switzerland,CHE,2023-04-02,1310.5,1338
Switzerland,CHE,2023-04-09,1326.9,1331
Switzerland,CHE,2023-04-16,1262.3,1332
Switzerland,CHE,2023-04-23,1255.1,1317
Switzerland,CHE,2023-04-30,1225.7,1381
Switzerland,CHE,2023-05-07,1255.3,1333
Switzerland,CHE,2023-05-14,1223.3,1251
Switzerland,CHE,2023-05-21,1201.7,1218
Switzerland,CHE,2023-05-28,1234.1,1244
Switzerland,CHE,2023-06-04,1182.7,1214
Switzerland,CHE,2023-06-11,1189.3,1235
Switzerland,CHE,2023-06-18,1166.1,1195
Switzerland,CHE,2023-06-25,1200.3,1204
Switzerland,CHE,2023-07-02,1219.7,1221
Switzerland,CHE,2023-07-09,1217.3,1180
Switzerland,CHE,2023-07-16,1209.5,1255
Switzerland,CHE,2023-07-23,1248.5,1266
Switzerland,CHE,2023-07-30,1217.7,1220
Switzerland,CHE,2023-08-06,1197.9,1239
Switzerland,CHE,2023-08-13,1191.1,1253
Switzerland,CHE,2023-08-20,1190.5,1376
Switzerland,CHE,2023-08-27,1202.7,1401
Switzerland,CHE,2023-09-03,1192.5,1254
Switzerland,CHE,2023-09-10,1194.9,1357
Switzerland,CHE,2023-09-17,1219.3,1276
Switzerland,CHE,2023-09-24,1234.7,1219
Switzerland,CHE,2023-10-01,1243.7,1248
Switzerland,CHE,2023-10-08,1280.1,1309
Switzerland,CHE,2023-10-15,1268.9,1317
Switzerland,CHE,2023-10-22,1268.5,1422
Switzerland,CHE,2023-10-29,1263.5,1460
Switzerland,CHE,2023-11-05,1274.3,1432
Switzerland,CHE,2023-11-12,1282.7,1503
Switzerland,CHE,2023-11-19,1306.1,1573
Switzerland,CHE,2023-11-26,1298.7,1530
Switzerland,CHE,2023-12-03,1358.5,1625
Switzerland,CHE,2023-12-10,1340.7,1615
Switzerland,CHE,2023-12-17,1342.5,1567
Switzerland,CHE,2023-12-24,1383.9,1562
Switzerland,CHE,2023-12-31,1405.1,1513
Taiwan,TWN,2020-01-31,15595.4,14673
Taiwan,TWN,2020-02-29,14686,16211
Taiwan,TWN,2020-03-31,17585.8,16083
Taiwan,TWN,2020-04-30,14754.6,14423
Taiwan,TWN,2020-05-31,14618.8,13272
Taiwan,TWN,2020-06-30,14222.4,13893
Taiwan,TWN,2020-07-31,15071.6,14533
Taiwan,TWN,2020-08-31,14732.6,13301
Taiwan,TWN,2020-09-30,13740.2,13876
Taiwan,TWN,2020-10-31,14921.8,13542
Taiwan,TWN,2020-11-30,14176.2,14141
Taiwan,TWN,2020-12-31,14788.4,15208
Taiwan,TWN,2021-01-31,15805.8,16332
Taiwan,TWN,2021-02-28,14896.4,14856
Taiwan,TWN,2021-03-31,17796.2,16438
Taiwan,TWN,2021-04-30,14965,14276
Taiwan,TWN,2021-05-31,14829.2,15108
Taiwan,TWN,2021-06-30,14432.8,16639
Taiwan,TWN,2021-07-31,15282,15523
Taiwan,TWN,2021-08-31,14943,14952
Taiwan,TWN,2021-09-30,13950.6,13894
Taiwan,TWN,2021-10-31,15132.2,14415
Taiwan,TWN,2021-11-30,14386.6,15560
Taiwan,TWN,2021-12-31,14998.8,15739
Taiwan,TWN,2022-01-31,16016.3,15954
Taiwan,TWN,2022-02-28,15106.9,14887
Taiwan,TWN,2022-03-31,18006.7,18239
Taiwan,TWN,2022-04-30,15175.5,14655
Taiwan,TWN,2022-05-31,15039.7,17409
Taiwan,TWN,2022-06-30,14643.3,21033
Taiwan,TWN,2022-07-31,15492.5,18215
Taiwan,TWN,2022-08-31,15153.5,17830
Taiwan,TWN,2022-09-30,14161.1,16505
Taiwan,TWN,2022-10-31,15342.7,17099
Taiwan,TWN,2022-11-30,14597.1,17719
Taiwan,TWN,2022-12-31,15209.3,17685
Taiwan,TWN,2023-01-31,16226.7,17770
Taiwan,TWN,2023-02-28,15317.3,18506
Taiwan,TWN,2023-03-31,18217.1,20572
Taiwan,TWN,2023-04-30,15385.9,15572
Taiwan,TWN,2023-05-31,15250.1,17530
Taiwan,TWN,2023-06-30,14853.7,17415
Taiwan,TWN,2023-07-31,15702.9,17992
Taiwan,TWN,2023-08-31,15363.9,17139
Taiwan,TWN,2023-09-30,14371.5,14610
Taiwan,TWN,2023-10-31,15553.1,16594
Taiwan,TWN,2023-11-30,14807.5,15965
Taiwan,TWN,2023-12-31,15419.7,15703
Tajikistan,TJK,2020-01-31,3146.9,3358
Tajikistan,TJK,2020-02-29,2650.5,2904
Tajikistan,TJK,2020-03-31,2852.7,2895
Tajikistan,TJK,2020-04-30,2626.3,2870
Tajikistan,TJK,2020-05-31,2623.9,5067
Tajikistan,TJK,2020-06-30,2575.9,3234
Tajikistan,TJK,2020-07-31,2765.1,3128
Tajikistan,TJK,2020-08-31,2516.5,3368
Tajikistan,TJK,2020-09-30,2357.7,3560
Tajikistan,TJK,2020-10-31,2599.7,4818
Tajikistan,TJK,2020-11-30,2740.9,4121
Tajikistan,TJK,2020-12-31,3290.5,3303
Tajikistan,TJK,2021-01-31,3134.5,3273
Tajikistan,TJK,2021-02-28,2638.1,2449
Tajikistan,TJK,2021-03-31,2840.3,2884
Tajikistan,TJK,2021-04-30,2613.9,2633
Tajikistan,TJK,2021-05-31,2611.5,2677
Tajikistan,TJK,2021-06-30,2563.5,3037
Tajikistan,TJK,2021-07-31,2752.7,6268
Tajikistan,TJK,2021-08-31,2504.1,4566
Tajikistan,TJK,2021-09-30,2345.3,2659
Tajikistan,TJK,2021-10-31,2587.3,2829
Tajikistan,TJK,2021-11-30,2728.5,3037
Tajikistan,TJK,2021-12-31,3278.1,2800
Tajikistan,TJK,2022-01-31,3122.1,3001
Tajikistan,TJK,2022-02-28,2625.7,2696
Tajikistan,TJK,2022-03-31,2827.9,2409
Tajikistan,TJK,2022-04-30,2601.5,2404
Tajikistan,TJK,2022-05-31,2599.1,2487
Tajikistan,TJK,2022-06-30,2551.1,2464
Tajikistan,TJK,2022-07-31,2740.3,2669
Tajikistan,TJK,2022-08-31,2491.7,2510
Tajikistan,TJK,2022-09-30,2332.9,2188
Tajikistan,TJK,2022-10-31,2574.9,2445
Tajikistan,TJK,2022-11-30,2716.1,2542
Tajikistan,TJK,2022-12-31,3265.7,3391
Tajikistan,TJK,2023-01-31,3109.8,3115.5
Tajikistan,TJK,2023-02-28,2613.4,2517.8
Tajikistan,TJK,2023-03-31,2815.6,2253.8
Tajikistan,TJK,2023-04-30,2589.2,3011.8
Tajikistan,TJK,2023-05-31,2586.8,2597.8
Tajikistan,TJK,2023-06-30,2538.8,2585.8
Tajikistan,TJK,2023-07-31,2728,2523.8
Tajikistan,TJK,2023-08-31,2479.4,2916.8
Tajikistan,TJK,2023-09-30,2320.6,2309.8
Tajikistan,TJK,2023-10-31,2562.6,2585.8
Tajikistan,TJK,2023-11-30,2703.8,2904.8
Tajikistan,TJK,2023-12-31,3253.4,3073.8
Thailand,THA,2020-01-31,44696.6,47125
Thailand,THA,2020-02-29,39712.8,39758
Thailand,THA,2020-03-31,41499.6,44304
Thailand,THA,2020-04-30,43236.4,40057
Thailand,THA,2020-05-31,41915.2,39674
Thailand,THA,2020-06-30,38478,39479
Thailand,THA,2020-07-31,40728.4,39817
Thailand,THA,2020-08-31,41623.6,40999
Thailand,THA,2020-09-30,40013.4,39361
Thailand,THA,2020-10-31,43310,41640
Thailand,THA,2020-11-30,40985.6,43545
Thailand,THA,2020-12-31,41862.4,45679
Thailand,THA,2021-01-31,45183.6,46685
Thailand,THA,2021-02-28,40199.8,38228
Thailand,THA,2021-03-31,41986.6,46748
Thailand,THA,2021-04-30,43723.4,42435
Thailand,THA,2021-05-31,42402.2,45387
Thailand,THA,2021-06-30,38965,43522
Thailand,THA,2021-07-31,41215.4,48944
Thailand,THA,2021-08-31,42110.6,57125
Thailand,THA,2021-09-30,40500.4,48129
Thailand,THA,2021-10-31,43797,46448
Thailand,THA,2021-11-30,41472.6,48892
Thailand,THA,2021-12-31,42349.4,51107
Thailand,THA,2022-01-31,45670.7,48377
Thailand,THA,2022-02-28,40686.9,42195
Thailand,THA,2022-03-31,42473.7,53256
Thailand,THA,2022-04-30,44210.5,55398
Thailand,THA,2022-05-31,42889.3,51273
Thailand,THA,2022-06-30,39452.1,47056
Thailand,THA,2022-07-31,41702.5,44147
Thailand,THA,2022-08-31,42597.7,54270
Thailand,THA,2022-09-30,40987.5,47755
Thailand,THA,2022-10-31,44284.1,51160
Thailand,THA,2022-11-30,41959.7,49543
Thailand,THA,2022-12-31,42836.5,51535
Thailand,THA,2023-01-31,46157.7,53950
Thailand,THA,2023-02-28,41173.9,44319
Thailand,THA,2023-03-31,42960.7,48199
Thailand,THA,2023-04-30,44697.5,47082
Thailand,THA,2023-05-31,43376.3,53038
Thailand,THA,2023-06-30,39939.1,44970
Thailand,THA,2023-07-31,42189.5,41588
Thailand,THA,2023-08-31,43084.7,48242
Thailand,THA,2023-09-30,41474.5,42890
Thailand,THA,2023-10-31,44771.1,48268
Thailand,THA,2023-11-30,42446.7,46446
Thailand,THA,2023-12-31,43323.5,47000
Transnistria,OWID_TRS,2020-01-31,696.1,605
Transnistria,OWID_TRS,2020-02-29,579.8,518
Transnistria,OWID_TRS,2020-03-31,619.4,620
Transnistria,OWID_TRS,2020-04-30,532.8,461
Transnistria,OWID_TRS,2020-05-31,608.8,596
Transnistria,OWID_TRS,2020-06-30,522.8,564
Transnistria,OWID_TRS,2020-07-31,493.1,550
Transnistria,OWID_TRS,2020-08-31,547.6,517
Transnistria,OWID_TRS,2020-09-30,485.9,580
Transnistria,OWID_TRS,2020-10-31,573.4,606
Transnistria,OWID_TRS,2020-11-30,555.6,636
Transnistria,OWID_TRS,2020-12-31,577.1,1005
Transnistria,OWID_TRS,2021-01-31,697.6,902
Transnistria,OWID_TRS,2021-02-28,581.3,654
Transnistria,OWID_TRS,2021-03-31,621,887
Transnistria,OWID_TRS,2021-04-30,534.3,862
Transnistria,OWID_TRS,2021-05-31,610.3,684
Transnistria,OWID_TRS,2021-06-30,524.3,642
Transnistria,OWID_TRS,2021-07-31,494.7,559
Transnistria,OWID_TRS,2021-08-31,549.2,519
Transnistria,OWID_TRS,2021-09-30,487.4,591
Transnistria,OWID_TRS,2021-10-31,574.9,808
Transnistria,OWID_TRS,2021-11-30,557.2,1081
Transnistria,OWID_TRS,2021-12-31,578.7,791
Transnistria,OWID_TRS,2022-01-31,699.2,673
Transnistria,OWID_TRS,2022-02-28,582.9,719
Transnistria,OWID_TRS,2022-03-31,622.5,693
Transnistria,OWID_TRS,2022-04-30,535.9,530
Transnistria,OWID_TRS,2022-05-31,611.9,508
Transnistria,OWID_TRS,2022-06-30,525.9,462
Transnistria,OWID_TRS,2022-07-31,496.2,439
Transnistria,OWID_TRS,2022-08-31,550.7,494
Transnistria,OWID_TRS,2022-09-30,489,475
Transnistria,OWID_TRS,2022-10-31,576.5,521
Transnistria,OWID_TRS,2022-11-30,558.7,
Transnistria,OWID_TRS,2022-12-31,580.2,
Transnistria,OWID_TRS,2023-01-31,700.7,
Transnistria,OWID_TRS,2023-02-28,584.4,
Transnistria,OWID_TRS,2023-03-31,624.1,
Transnistria,OWID_TRS,2023-04-30,537.4,
Transnistria,OWID_TRS,2023-05-31,613.4,
Transnistria,OWID_TRS,2023-06-30,527.4,
Transnistria,OWID_TRS,2023-07-31,497.8,
Transnistria,OWID_TRS,2023-08-31,552.3,
Transnistria,OWID_TRS,2023-09-30,490.5,
Transnistria,OWID_TRS,2023-10-31,578,
Transnistria,OWID_TRS,2023-11-30,560.3,
Transnistria,OWID_TRS,2023-12-31,581.8,
Tunisia,TUN,2020-01-31,8295.2,7946
Tunisia,TUN,2020-02-29,7450.2,7398
Tunisia,TUN,2020-03-31,7263.4,6702
Tunisia,TUN,2020-04-30,6007.6,5362
Tunisia,TUN,2020-05-31,5705.4,5065
Tunisia,TUN,2020-06-30,5464.8,5021
Tunisia,TUN,2020-07-31,6172.8,5554
Tunisia,TUN,2020-08-31,6165.4,6232
Tunisia,TUN,2020-09-30,5675.8,5741
Tunisia,TUN,2020-10-31,6003.6,8127
Tunisia,TUN,2020-11-30,6321.2,8022
Tunisia,TUN,2020-12-31,7018,8720
Tunisia,TUN,2021-01-31,8456.2,10564
Tunisia,TUN,2021-02-28,7611.2,7302
Tunisia,TUN,2021-03-31,7424.4,7435
Tunisia,TUN,2021-04-30,6168.6,9027
Tunisia,TUN,2021-05-31,5866.4,8318
Tunisia,TUN,2021-06-30,5625.8,9508
Tunisia,TUN,2021-07-31,6333.8,15176
Tunisia,TUN,2021-08-31,6326.4,12466
Tunisia,TUN,2021-09-30,5836.8,7328
Tunisia,TUN,2021-10-31,6164.6,6049
Tunisia,TUN,2021-11-30,6482.2,6184
Tunisia,TUN,2021-12-31,7179,7650
Tunisia,TUN,2022-01-31,8617.1,9723
Tunisia,TUN,2022-02-28,7772.1,9585
Tunisia,TUN,2022-03-31,7585.3,7480
Tunisia,TUN,2022-04-30,6329.5,5579
Tunisia,TUN,2022-05-31,6027.3,5679
Tunisia,TUN,2022-06-30,5786.7,5595
Tunisia,TUN,2022-07-31,6494.7,7139
Tunisia,TUN,2022-08-31,6487.3,6377
Tunisia,TUN,2022-09-30,5997.7,5489
Tunisia,TUN,2022-10-31,6325.5,5501
Tunisia,TUN,2022-11-30,6643.1,5932
Tunisia,TUN,2022-12-31,7339.9,7254
Tunisia,TUN,2023-01-31,8778.1,8334
Tunisia,TUN,2023-02-28,7933.1,7710
Tunisia,TUN,2023-03-31,7746.3,6745
Tunisia,TUN,2023-04-30,6490.5,5874
Tunisia,TUN,2023-05-31,6188.3,5654
Tunisia,TUN,2023-06-30,5947.7,5376
Tunisia,TUN,2023-07-31,6655.7,8925
Tunisia,TUN,2023-08-31,6648.3,6021
Tunisia,TUN,2023-09-30,6158.7,5454
Tunisia,TUN,2023-10-31,6486.5,5506
Tunisia,TUN,2023-11-30,6804.1,5527
Tunisia,TUN,2023-12-31,7500.9,6840
Turkey,TUR,2020-01-31,43707.5,42023
Turkey,TUR,2020-02-29,37089.1,35037
Turkey,TUR,2020-03-31,38206.5,37686
Turkey,TUR,2020-04-30,35864.9,38379
Turkey,TUR,2020-05-31,35815.3,35133
Turkey,TUR,2020-06-30,34665.5,33668
Turkey,TUR,2020-07-31,36828.7,38959
Turkey,TUR,2020-08-31,36396.1,42793
Turkey,TUR,2020-09-30,33854.3,43995
Turkey,TUR,2020-10-31,35891.5,42792
Turkey,TUR,2020-11-30,36232.7,57500
Turkey,TUR,2020-12-31,39003.1,61182
Turkey,TUR,2021-01-31,44257.6,46976
Turkey,TUR,2021-02-28,37639.2,36924
Turkey,TUR,2021-03-31,38756.6,43103
Turkey,TUR,2021-04-30,36415,51147
Turkey,TUR,2021-05-31,36365.4,46224
Turkey,TUR,2021-06-30,35215.6,38045
Turkey,TUR,2021-07-31,37378.8,43772
Turkey,TUR,2021-08-31,36946.2,53359
Turkey,TUR,2021-09-30,34404.4,50364
Turkey,TUR,2021-10-31,36441.6,52016
Turkey,TUR,2021-11-30,36782.8,52492
Turkey,TUR,2021-12-31,39553.2,52323
Turkey,TUR,2022-01-31,44807.7,53911
Turkey,TUR,2022-02-28,38189.3,53136
Turkey,TUR,2022-03-31,39306.7,46412
Turkey,TUR,2022-04-30,36965.1,38586
Turkey,TUR,2022-05-31,36915.5,38201
Turkey,TUR,2022-06-30,35765.7,35463
Turkey,TUR,2022-07-31,37928.9,41048
Turkey,TUR,2022-08-31,37496.3,43121
Turkey,TUR,2022-09-30,34954.5,35607
Turkey,TUR,2022-10-31,36991.7,37406
Turkey,TUR,2022-11-30,37332.9,39116
Turkey,TUR,2022-12-31,40103.3,43458
Turkey,TUR,2023-01-31,45357.8,46357
Turkey,TUR,2023-02-28,38739.4,85624
Turkey,TUR,2023-03-31,39856.8,40099
Turkey,TUR,2023-04-30,37515.2,38200
Turkey,TUR,2023-05-31,37465.6,39198
Turkey,TUR,2023-06-30,36315.8,37209
Turkey,TUR,2023-07-31,38479,41781
Turkey,TUR,2023-08-31,38046.4,40584
Turkey,TUR,2023-09-30,35504.6,36138
Turkey,TUR,2023-10-31,37541.8,39279
Turkey,TUR,2023-11-30,37883,38800
Turkey,TUR,2023-12-31,40653.4,43147
Ukraine,UKR,2020-01-31,56561,53610
Ukraine,UKR,2020-02-29,47728.6,47128
Ukraine,UKR,2020-03-31,51502.4,48326
Ukraine,UKR,2020-04-30,48520.8,46223
Ukraine,UKR,2020-05-31,50512.6,44680
Ukraine,UKR,2020-06-30,44374.6,47043
Ukraine,UKR,2020-07-31,45341.2,47297
Ukraine,UKR,2020-08-31,43646.4,44008
Ukraine,UKR,2020-09-30,41847.2,48372
Ukraine,UKR,2020-10-31,49259,59047
Ukraine,UKR,2020-11-30,47992.2,63438
Ukraine,UKR,2020-12-31,49981.2,67663
Ukraine,UKR,2021-01-31,56366.6,57721
Ukraine,UKR,2021-02-28,47534.2,51391
Ukraine,UKR,2021-03-31,51308,64938
Ukraine,UKR,2021-04-30,48326.4,68621
Ukraine,UKR,2021-05-31,50318.2,57293
Ukraine,UKR,2021-06-30,44180.2,49077
Ukraine,UKR,2021-07-31,45146.8,46851
Ukraine,UKR,2021-08-31,43452,43538
Ukraine,UKR,2021-09-30,41652.8,48425
Ukraine,UKR,2021-10-31,49064.6,74282
Ukraine,UKR,2021-11-30,47797.8,87862
Ukraine,UKR,2021-12-31,49786.8,64264
Ukraine,UKR,2022-01-31,56172.2,57248
Ukraine,UKR,2022-02-28,47339.8,
Ukraine,UKR,2022-03-31,51113.6,
Ukraine,UKR,2022-04-30,48132,
Ukraine,UKR,2022-05-31,50123.8,
Ukraine,UKR,2022-06-30,43985.8,
Ukraine,UKR,2022-07-31,44952.4,
Ukraine,UKR,2022-08-31,43257.6,
Ukraine,UKR,2022-09-30,41458.4,
Ukraine,UKR,2022-10-31,48870.2,
Ukraine,UKR,2022-11-30,47603.4,
Ukraine,UKR,2022-12-31,49592.4,
Ukraine,UKR,2023-01-31,55977.8,
Ukraine,UKR,2023-02-28,47145.4,
Ukraine,UKR,2023-03-31,50919.2,
Ukraine,UKR,2023-04-30,47937.6,
Ukraine,UKR,2023-05-31,49929.4,
Ukraine,UKR,2023-06-30,43791.4,
Ukraine,UKR,2023-07-31,44758,
Ukraine,UKR,2023-08-31,43063.2,
Ukraine,UKR,2023-09-30,41264,
Ukraine,UKR,2023-10-31,48675.8,
Ukraine,UKR,2023-11-30,47409,
Ukraine,UKR,2023-12-31,49398,
United Arab Emirates,ARE,2020-01-31,843,741
United Arab Emirates,ARE,2020-02-29,798.5,666
United Arab Emirates,ARE,2020-03-31,798.5,651
United Arab Emirates,ARE,2020-04-30,739,1064
United Arab Emirates,ARE,2020-05-31,736.5,1598
United Arab Emirates,ARE,2020-06-30,746,1061
United Arab Emirates,ARE,2020-07-31,743,782
United Arab Emirates,ARE,2020-08-31,739.5,753
United Arab Emirates,ARE,2020-09-30,744,722
United Arab Emirates,ARE,2020-10-31,744,720
United Arab Emirates,ARE,2020-11-30,786.5,817
United Arab Emirates,ARE,2020-12-31,799.5,782
United Arab Emirates,ARE,2021-01-31,860.7,1091
United Arab Emirates,ARE,2021-02-28,816.2,1308
United Arab Emirates,ARE,2021-03-31,816.2,1175
United Arab Emirates,ARE,2021-04-30,756.7,926
United Arab Emirates,ARE,2021-05-31,754.2,946
United Arab Emirates,ARE,2021-06-30,763.7,1163
United Arab Emirates,ARE,2021-07-31,760.7,1320
United Arab Emirates,ARE,2021-08-31,757.2,996
United Arab Emirates,ARE,2021-09-30,761.7,743
United Arab Emirates,ARE,2021-10-31,761.7,750
United Arab Emirates,ARE,2021-11-30,804.2,733
United Arab Emirates,ARE,2021-12-31,817.2,760
United Arab Emirates,ARE,2022-01-31,878.3,1202
United Arab Emirates,ARE,2022-02-28,833.8,1006
United Arab Emirates,ARE,2022-03-31,833.8,1006
United Arab Emirates,ARE,2022-04-30,774.3,896
United Arab Emirates,ARE,2022-05-31,771.8,910
United Arab Emirates,ARE,2022-06-30,781.3,954
United Arab Emirates,ARE,2022-07-31,778.3,1037
United Arab Emirates,ARE,2022-08-31,774.8,907
United Arab Emirates,ARE,2022-09-30,779.3,912
United Arab Emirates,ARE,2022-10-31,779.3,916
United Arab Emirates,ARE,2022-11-30,821.8,968
United Arab Emirates,ARE,2022-12-31,834.8,1048
United Arab Emirates,ARE,2023-01-31,896,1051
United Arab Emirates,ARE,2023-02-28,851.5,853
United Arab Emirates,ARE,2023-03-31,851.5,953
United Arab Emirates,ARE,2023-04-30,792,946
United Arab Emirates,ARE,2023-05-31,789.5,921
United Arab Emirates,ARE,2023-06-30,799,923
United Arab Emirates,ARE,2023-07-31,796,980
United Arab Emirates,ARE,2023-08-31,792.5,950
United Arab Emirates,ARE,2023-09-30,797,903
United Arab Emirates,ARE,2023-10-31,797,931
United Arab Emirates,ARE,2023-11-30,839.5,1002
United Arab Emirates,ARE,2023-12-31,852.5,1101
United Kingdom,GBR,2020-01-05,13695.1,13767
United Kingdom,GBR,2020-01-12,15846.7,16018
United Kingdom,GBR,2020-01-19,15048.7,14723
United Kingdom,GBR,2020-01-26,14520.9,13426
United Kingdom,GBR,2020-02-02,13901.9,13123
United Kingdom,GBR,2020-02-09,13570.9,12532
United Kingdom,GBR,2020-02-16,13266.5,12416
United Kingdom,GBR,2020-02-23,13213.9,12299
United Kingdom,GBR,2020-03-01,12743.3,12333
United Kingdom,GBR,2020-03-08,13129.3,12412
United Kingdom,GBR,2020-03-15,12750.3,12539
United Kingdom,GBR,2020-03-22,12069.5,12113
United Kingdom,GBR,2020-03-29,11613.3,12508
United Kingdom,GBR,2020-04-05,11744.7,18565
United Kingdom,GBR,2020-04-12,11982.3,20929
United Kingdom,GBR,2020-04-19,11913.7,24691
United Kingdom,GBR,2020-04-26,11908.3,24303
United Kingdom,GBR,2020-05-03,11376.5,20058
United Kingdom,GBR,2020-05-10,10950.3,14428
United Kingdom,GBR,2020-05-17,11612.1,16390
United Kingdom,GBR,2020-05-24,11342.1,13839
United Kingdom,GBR,2020-05-31,9511.5,11268
United Kingdom,GBR,2020-06-07,11387.5,12106
United Kingdom,GBR,2020-06-14,10765.9,11302
United Kingdom,GBR,2020-06-21,10761.9,10694
United Kingdom,GBR,2020-06-28,10667.3,10282
United Kingdom,GBR,2020-07-05,10546.1,10412
United Kingdom,GBR,2020-07-12,10574.1,9942
United Kingdom,GBR,2020-07-19,10422.1,10096
United Kingdom,GBR,2020-07-26,10375.1,10160
United Kingdom,GBR,2020-08-02,10370.7,10262
United Kingdom,GBR,2020-08-09,10425.5,10236
United Kingdom,GBR,2020-08-16,10408.9,10598
United Kingdom,GBR,2020-08-23,10496.9,10990
United Kingdom,GBR,2020-08-30,9535.5,10365
United Kingdom,GBR,2020-09-06,10494.3,9023
United Kingdom,GBR,2020-09-13,10674.1,11176
United Kingdom,GBR,2020-09-20,10610.7,10796
United Kingdom,GBR,2020-09-27,10772.1,10890
United Kingdom,GBR,2020-10-04,10953.5,11469
United Kingdom,GBR,2020-10-11,11250.1,11374
United Kingdom,GBR,2020-10-18,11287.3,11946
United Kingdom,GBR,2020-10-25,11157.9,12317
United Kingdom,GBR,2020-11-01,11316.1,12517
United Kingdom,GBR,2020-11-08,11791.1,13448
United Kingdom,GBR,2020-11-15,11866.5,13998
United Kingdom,GBR,2020-11-22,11882.7,14291
United Kingdom,GBR,2020-11-29,11864.1,14133
United Kingdom,GBR,2020-12-06,12220.5,13986
United Kingdom,GBR,2020-12-13,12389.5,13942
United Kingdom,GBR,2020-12-20,13221.3,14658
United Kingdom,GBR,2020-12-27,9295.3,13035
United Kingdom,GBR,2021-01-03,9295.3,11580
United Kingdom,GBR,2021-01-10,13717.1,20039
United Kingdom,GBR,2021-01-17,15868.7,20035
United Kingdom,GBR,2021-01-24,15070.7,20709
United Kingdom,GBR,2021-01-31,14542.9,20489
United Kingdom,GBR,2021-02-07,13923.9,19160
United Kingdom,GBR,2021-02-14,13592.9,17148
United Kingdom,GBR,2021-02-21,13288.5,15583
United Kingdom,GBR,2021-02-28,13235.9,14290
United Kingdom,GBR,2021-03-07,12765.3,13115
United Kingdom,GBR,2021-03-14,13151.3,12471
United Kingdom,GBR,2021-03-21,12772.3,11678
United Kingdom,GBR,2021-03-28,12091.5,11449
United Kingdom,GBR,2021-04-04,11635.3,9461
United Kingdom,GBR,2021-04-11,11766.7,10401
United Kingdom,GBR,2021-04-18,12004.3,10474
United Kingdom,GBR,2021-04-25,11935.7,11358
United Kingdom,GBR,2021-05-02,11930.3,11023
United Kingdom,GBR,2021-05-09,11398.5,9210
United Kingdom,GBR,2021-05-16,10972.3,11566
United Kingdom,GBR,2021-05-23,11634.1,11221
United Kingdom,GBR,2021-05-30,11364.1,10991
United Kingdom,GBR,2021-06-06,9533.5,9115
United Kingdom,GBR,2021-06-13,11409.5,11619
United Kingdom,GBR,2021-06-20,10787.9,10826
United Kingdom,GBR,2021-06-27,10783.9,10064
United Kingdom,GBR,2021-07-04,10689.3,10175
United Kingdom,GBR,2021-07-11,10568.1,11137
United Kingdom,GBR,2021-07-18,10596.1,11055
United Kingdom,GBR,2021-07-25,10444.1,11176
United Kingdom,GBR,2021-08-01,10397.1,11583
United Kingdom,GBR,2021-08-08,10392.7,11602
United Kingdom,GBR,2021-08-15,10447.5,11802
United Kingdom,GBR,2021-08-22,10430.9,11527
United Kingdom,GBR,2021-08-29,10518.9,11696
United Kingdom,GBR,2021-09-05,9557.5,10317
United Kingdom,GBR,2021-09-12,10516.3,12542
United Kingdom,GBR,2021-09-19,10696.1,12642
United Kingdom,GBR,2021-09-26,10632.7,12263
United Kingdom,GBR,2021-10-03,10794.1,12145
United Kingdom,GBR,2021-10-10,10975.5,12505
United Kingdom,GBR,2021-10-17,11272.1,12859
United Kingdom,GBR,2021-10-24,11309.3,12944
United Kingdom,GBR,2021-10-31,11179.9,12649
United Kingdom,GBR,2021-11-07,11338.1,13219
United Kingdom,GBR,2021-11-14,11813.1,13791
United Kingdom,GBR,2021-11-21,11888.5,13755
United Kingdom,GBR,2021-11-28,11904.7,13166
United Kingdom,GBR,2021-12-05,11886.1,13370
United Kingdom,GBR,2021-12-12,12242.5,13624
United Kingdom,GBR,2021-12-19,12411.5,14122
United Kingdom,GBR,2021-12-26,13243.3,14697
United Kingdom,GBR,2022-01-02,9317.3,9805
United Kingdom,GBR,2022-01-09,13739,13909
United Kingdom,GBR,2022-01-16,15890.6,15273
United Kingdom,GBR,2022-01-23,15092.6,14440
United Kingdom,GBR,2022-01-30,14564.8,13998
United Kingdom,GBR,2022-02-06,13945.8,13485
United Kingdom,GBR,2022-02-13,13614.8,13171
United Kingdom,GBR,2022-02-20,13310.4,12748
United Kingdom,GBR,2022-02-27,13257.8,12667
United Kingdom,GBR,2022-03-06,12787.2,12755
United Kingdom,GBR,2022-03-13,13173.2,12787
United Kingdom,GBR,2022-03-20,12794.2,12495
United Kingdom,GBR,2022-03-27,12113.4,12358
United Kingdom,GBR,2022-04-03,11657.2,11450
United Kingdom,GBR,2022-04-10,11788.6,12278
United Kingdom,GBR,2022-04-17,12026.2,11305
United Kingdom,GBR,2022-04-24,11957.6,12196
United Kingdom,GBR,2022-05-01,11952.2,14074
United Kingdom,GBR,2022-05-08,11420.4,11315
United Kingdom,GBR,2022-05-15,10994.2,13614
United Kingdom,GBR,2022-05-22,11656,13046
United Kingdom,GBR,2022-05-29,11386,12289
United Kingdom,GBR,2022-06-05,9555.4,7893
United Kingdom,GBR,2022-06-12,11431.4,13291
United Kingdom,GBR,2022-06-19,10809.8,12328
United Kingdom,GBR,2022-06-26,10805.8,12294
United Kingdom,GBR,2022-07-03,10711.2,11841
United Kingdom,GBR,2022-07-10,10590,11649
United Kingdom,GBR,2022-07-17,10618,11948
United Kingdom,GBR,2022-07-24,10466,12456
United Kingdom,GBR,2022-07-31,10419,12547
United Kingdom,GBR,2022-08-07,10414.6,12159
United Kingdom,GBR,2022-08-14,10469.4,11794
United Kingdom,GBR,2022-08-21,10452.8,12477
United Kingdom,GBR,2022-08-28,10540.8,12343
United Kingdom,GBR,2022-09-04,9579.4,10202
United Kingdom,GBR,2022-09-11,10538.2,12196
United Kingdom,GBR,2022-09-18,10718,12141
United Kingdom,GBR,2022-09-25,10654.6,10028
United Kingdom,GBR,2022-10-02,10816,12509
United Kingdom,GBR,2022-10-09,10997.4,12814
United Kingdom,GBR,2022-10-16,11294,13271
United Kingdom,GBR,2022-10-23,11331.2,13512
United Kingdom,GBR,2022-10-30,11201.8,12874
United Kingdom,GBR,2022-11-06,11360,13446
United Kingdom,GBR,2022-11-13,11835,13141
United Kingdom,GBR,2022-11-20,11910.4,13256
United Kingdom,GBR,2022-11-27,11926.6,13114
United Kingdom,GBR,2022-12-04,11908,12884
United Kingdom,GBR,2022-12-11,12264.4,13355
United Kingdom,GBR,2022-12-18,12433.4,14070
United Kingdom,GBR,2022-12-25,13265.2,16552
United Kingdom,GBR,2023-01-01,9339.2,10953
United Kingdom,GBR,2023-01-08,13760.9,16993
United Kingdom,GBR,2023-01-15,15912.5,19948
United Kingdom,GBR,2023-01-22,15114.5,17946
United Kingdom,GBR,2023-01-29,14586.7,15970
United Kingdom,GBR,2023-02-05,13967.7,15131
United Kingdom,GBR,2023-02-12,13636.7,14339
United Kingdom,GBR,2023-02-19,13332.3,13722
United Kingdom,GBR,2023-02-26,13279.7,13608
United Kingdom,GBR,2023-03-05,12809.1,13613
United Kingdom,GBR,2023-03-12,13195.1,13048
United Kingdom,GBR,2023-03-19,12816.1,13683
United Kingdom,GBR,2023-03-26,12135.3,13794
United Kingdom,GBR,2023-04-02,11679.1,13153
United Kingdom,GBR,2023-04-09,11810.5,11554
United Kingdom,GBR,2023-04-16,12048.1,11490
United Kingdom,GBR,2023-04-23,11979.5,14028
United Kingdom,GBR,2023-04-30,11974.1,13696
United Kingdom,GBR,2023-05-07,11442.3,11607
United Kingdom,GBR,2023-05-14,11016.1,11806
United Kingdom,GBR,2023-05-21,11677.9,13190
United Kingdom,GBR,2023-05-28,11407.9,12532
United Kingdom,GBR,2023-06-04,9577.3,10160
United Kingdom,GBR,2023-06-11,11453.3,12384
United Kingdom,GBR,2023-06-18,10831.7,12203
United Kingdom,GBR,2023-06-25,10827.7,11898
United Kingdom,GBR,2023-07-02,10733.1,11765
United Kingdom,GBR,2023-07-09,10611.9,11147
United Kingdom,GBR,2023-07-16,10639.9,11343
United Kingdom,GBR,2023-07-23,10487.9,11024
United Kingdom,GBR,2023-07-30,10440.9,11117
United Kingdom,GBR,2023-08-06,10436.5,11439
United Kingdom,GBR,2023-08-13,10491.3,11396
United Kingdom,GBR,2023-08-20,10474.7,11469
United Kingdom,GBR,2023-08-27,10562.7,11526
United Kingdom,GBR,2023-09-03,9601.3,9729
United Kingdom,GBR,2023-09-10,10560.1,11590
United Kingdom,GBR,2023-09-17,10739.9,11691
United Kingdom,GBR,2023-09-24,10676.5,11842
United Kingdom,GBR,2023-10-01,10837.9,11401
United Kingdom,GBR,2023-10-08,11019.3,11545
United Kingdom,GBR,2023-10-15,11315.9,11997
United Kingdom,GBR,2023-10-22,11353.1,11888
United Kingdom,GBR,2023-10-29,11223.7,11919
United Kingdom,GBR,2023-11-05,11381.9,12513
United Kingdom,GBR,2023-11-12,11856.9,13118
United Kingdom,GBR,2023-11-19,11932.3,12863
United Kingdom,GBR,2023-11-26,11948.5,13027
United Kingdom,GBR,2023-12-03,11929.9,12926
United Kingdom,GBR,2023-12-10,12286.3,12908
United Kingdom,GBR,2023-12-17,12455.3,13626
United Kingdom,GBR,2023-12-24,13287.1,15012
United Kingdom,GBR,2023-12-31,9361.1,8702
United States,USA,2020-01-05,61944.9,60030
United States,USA,2020-01-12,63094.9,60584
United States,USA,2020-01-19,61965.1,59212
United States,USA,2020-01-26,60857.3,59018
United States,USA,2020-02-02,60201.1,58696
United States,USA,2020-02-09,60476.1,59351
United States,USA,2020-02-16,59959.7,58696
United States,USA,2020-02-23,59317.7,58770
United States,USA,2020-03-01,59000.9,59198
United States,USA,2020-03-08,59329.9,59566
United States,USA,2020-03-15,58385.1,58545
United States,USA,2020-03-22,58030.1,59091
United States,USA,2020-03-29,57142.9,62870
United States,USA,2020-04-05,57083.7,72142
United States,USA,2020-04-12,56609.3,78945
United States,USA,2020-04-19,55770.1,76694
United States,USA,2020-04-26,54922.7,73773
United States,USA,2020-05-03,54883.1,69180
United States,USA,2020-05-10,54299.7,66708
United States,USA,2020-05-17,53813.5,64398
United States,USA,2020-05-24,53340.3,61519
United States,USA,2020-05-31,53150.5,59593
United States,USA,2020-06-07,53357.3,58804
United States,USA,2020-06-14,53152.7,57919
United States,USA,2020-06-21,52912.9,57902
United States,USA,2020-06-28,52759.3,58392
United States,USA,2020-07-05,53041.9,59698
United States,USA,2020-07-12,52593.9,61795
United States,USA,2020-07-19,52434.5,62995
United States,USA,2020-07-26,52171.7,64117
United States,USA,2020-08-02,52309.1,64118
United States,USA,2020-08-09,52431.1,63575
United States,USA,2020-08-16,52118.3,63510
United States,USA,2020-08-23,52050.5,62437
United States,USA,2020-08-30,52398.9,60978
United States,USA,2020-09-06,52643.3,60121
United States,USA,2020-09-13,52884.1,59546
United States,USA,2020-09-20,52916.9,59635
United States,USA,2020-09-27,53165.5,60506
United States,USA,2020-10-04,53710.5,59708
United States,USA,2020-10-11,54179.7,61671
United States,USA,2020-10-18,54427.5,60506
United States,USA,2020-10-25,54839.5,62089
United States,USA,2020-11-01,54968.7,63322
United States,USA,2020-11-08,55506.7,67470
United States,USA,2020-11-15,55952.3,68725
United States,USA,2020-11-22,56191.1,71538
United States,USA,2020-11-29,56460.1,73182
United States,USA,2020-12-06,57462.3,77271
United States,USA,2020-12-13,58463.1,81859
United States,USA,2020-12-20,58672.3,82797
United States,USA,2020-12-27,59471.5,84224
United States,USA,2021-01-03,59471.5,86853
United States,USA,2021-01-10,62676.9,86883
United States,USA,2021-01-17,63826.9,87230
United States,USA,2021-01-24,62697.1,83532
United States,USA,2021-01-31,61589.3,79049
United States,USA,2021-02-07,60933.1,76348
United States,USA,2021-02-14,61208.1,71382
United States,USA,2021-02-21,60691.7,69371
United States,USA,2021-02-28,60049.7,66618
United States,USA,2021-03-07,59732.9,63570
United States,USA,2021-03-14,60061.9,61751
United States,USA,2021-03-21,59117.1,60241
United States,USA,2021-03-28,58762.1,60711
United States,USA,2021-04-04,57874.9,58566
United States,USA,2021-04-11,57815.7,60880
United States,USA,2021-04-18,57341.3,59017
United States,USA,2021-04-25,56502.1,60141
United States,USA,2021-05-02,55654.7,59682
United States,USA,2021-05-09,55615.1,58889
United States,USA,2021-05-16,55031.7,58331
United States,USA,2021-05-23,54545.5,58633
United States,USA,2021-05-30,54072.3,57217
United States,USA,2021-06-06,53882.5,57345
United States,USA,2021-06-13,54089.3,57000
United States,USA,2021-06-20,53884.7,57100
United States,USA,2021-06-27,53644.9,56759
United States,USA,2021-07-04,53491.3,57397
United States,USA,2021-07-11,53773.9,57047
United States,USA,2021-07-18,53325.9,57059
United States,USA,2021-07-25,53166.5,58316
United States,USA,2021-08-01,52903.7,60180
United States,USA,2021-08-08,53041.1,63599
United States,USA,2021-08-15,53163.1,66879
United States,USA,2021-08-22,52850.3,69803
United States,USA,2021-08-29,52782.5,71976
United States,USA,2021-09-05,53130.9,73347
United States,USA,2021-09-12,53375.3,73567
United States,USA,2021-09-19,53616.1,73141
United States,USA,2021-09-26,53648.9,72037
United States,USA,2021-10-03,53897.5,71201
United States,USA,2021-10-10,54442.5,68969
United States,USA,2021-10-17,54911.7,67416
United States,USA,2021-10-24,55159.5,66923
United States,USA,2021-10-31,55571.5,66321
United States,USA,2021-11-07,55700.7,66496
United States,USA,2021-11-14,56238.7,67316
United States,USA,2021-11-21,56684.3,66814
United States,USA,2021-11-28,56923.1,67822
United States,USA,2021-12-05,57192.1,70026
United States,USA,2021-12-12,58194.3,71988
United States,USA,2021-12-19,59195.1,71173
United States,USA,2021-12-26,59404.3,72138
United States,USA,2022-01-02,60203.5,74247
United States,USA,2022-01-09,63408.9,79678
United States,USA,2022-01-16,64558.8,84954
United States,USA,2022-01-23,63429,85533
United States,USA,2022-01-30,62321.2,84940
United States,USA,2022-02-06,61665,81204
United States,USA,2022-02-13,61940,77135
United States,USA,2022-02-20,61423.6,70908
United States,USA,2022-02-27,60781.6,66066
United States,USA,2022-03-06,60464.8,64414
United States,USA,2022-03-13,60793.8,61805
United States,USA,2022-03-20,59849,60525
United States,USA,2022-03-27,59494,58514
United States,USA,2022-04-03,58606.8,57991
United States,USA,2022-04-10,58547.6,57778
United States,USA,2022-04-17,58073.2,57773
United States,USA,2022-04-24,57234,56655
United States,USA,2022-05-01,56386.6,57273
United States,USA,2022-05-08,56347,57444
United States,USA,2022-05-15,55763.6,57852
United States,USA,2022-05-22,55277.4,57591
United States,USA,2022-05-29,54804.2,57031
United States,USA,2022-06-05,54614.4,57520
United States,USA,2022-06-12,54821.2,58003
United States,USA,2022-06-19,54616.6,57700
United States,USA,2022-06-26,54376.8,58239
United States,USA,2022-07-03,54223.2,58008
United States,USA,2022-07-10,54505.8,58111
United States,USA,2022-07-17,54057.8,58393
United States,USA,2022-07-24,53898.4,59722
United States,USA,2022-07-31,53635.6,58737
United States,USA,2022-08-07,53773,59154
United States,USA,2022-08-14,53895,58562
United States,USA,2022-08-21,53582.2,58402
United States,USA,2022-08-28,53514.4,58251
United States,USA,2022-09-04,53862.8,58045
United States,USA,2022-09-11,54107.2,58657
United States,USA,2022-09-18,54348,58221
United States,USA,2022-09-25,54380.8,58714
United States,USA,2022-10-02,54629.4,58520
United States,USA,2022-10-09,55174.4,59545
United States,USA,2022-10-16,55643.6,59713
United States,USA,2022-10-23,55891.4,60072
United States,USA,2022-10-30,56303.4,60009
United States,USA,2022-11-06,56432.6,61006
United States,USA,2022-11-13,56970.6,61031
United States,USA,2022-11-20,57416.2,61605
United States,USA,2022-11-27,57655,64605
United States,USA,2022-12-04,57924,65752
United States,USA,2022-12-11,58926.2,66996
United States,USA,2022-12-18,59927,66383
United States,USA,2022-12-25,60136.2,67944
United States,USA,2023-01-01,60935.4,70162
United States,USA,2023-01-08,64140.8,68963
United States,USA,2023-01-15,65290.8,66338
United States,USA,2023-01-22,64161,64162
United States,USA,2023-01-29,63053.2,62445
United States,USA,2023-02-05,62397,62731
United States,USA,2023-02-12,62672,62849
United States,USA,2023-02-19,62155.6,61736
United States,USA,2023-02-26,61513.6,62034
United States,USA,2023-03-05,61196.8,61310
United States,USA,2023-03-12,61525.8,60704
United States,USA,2023-03-19,60581,60996
United States,USA,2023-03-26,60226,60730
United States,USA,2023-04-02,59338.8,60097
United States,USA,2023-04-09,59279.6,59010
United States,USA,2023-04-16,58805.2,59608
United States,USA,2023-04-23,57966,58395
United States,USA,2023-04-30,57118.6,57739
United States,USA,2023-05-07,57079,58012
United States,USA,2023-05-14,56495.6,57787
United States,USA,2023-05-21,56009.4,56617
United States,USA,2023-05-28,55536.2,55738
United States,USA,2023-06-04,55346.4,56797
United States,USA,2023-06-11,55553.2,56274
United States,USA,2023-06-18,55348.6,56298
United States,USA,2023-06-25,55108.8,55795
United States,USA,2023-07-02,54955.2,55713
United States,USA,2023-07-09,55237.8,55967
United States,USA,2023-07-16,54789.8,55602
United States,USA,2023-07-23,54630.4,55725
United States,USA,2023-07-30,54367.6,55682
United States,USA,2023-08-06,54505,56093
United States,USA,2023-08-13,54627,56643
United States,USA,2023-08-20,54314.2,56621
United States,USA,2023-08-27,54246.4,56446
United States,USA,2023-09-03,54594.8,56201
United States,USA,2023-09-10,54839.2,57226
United States,USA,2023-09-17,55080,56675
United States,USA,2023-09-24,55112.8,56927
United States,USA,2023-10-01,55361.4,57238
United States,USA,2023-10-08,55906.4,58053
United States,USA,2023-10-15,56375.6,58398
United States,USA,2023-10-22,56623.4,58502
United States,USA,2023-10-29,57035.4,58488
United States,USA,2023-11-05,57164.6,58979
United States,USA,2023-11-12,57702.6,60301
United States,USA,2023-11-19,58148.2,59766
United States,USA,2023-11-26,58387,59370
United States,USA,2023-12-03,58656,62005
United States,USA,2023-12-10,59658.2,63358
United States,USA,2023-12-17,60659,62794
United States,USA,2023-12-24,60868.2,64419
United States,USA,2023-12-31,61667.4,65271
Uruguay,URY,2020-01-31,2668.4,2546
Uruguay,URY,2020-02-29,2375.6,2427
Uruguay,URY,2020-03-31,2651.4,2601
Uruguay,URY,2020-04-30,2583.2,2511
Uruguay,URY,2020-05-31,2982.2,2718
Uruguay,URY,2020-06-30,3317,2707
Uruguay,URY,2020-07-31,3574.4,3162
Uruguay,URY,2020-08-31,3402.6,2952
Uruguay,URY,2020-09-30,3131.8,2866
Uruguay,URY,2020-10-31,2885.4,2721
Uruguay,URY,2020-11-30,2662,2568
Uruguay,URY,2020-12-31,2696.4,2859
Uruguay,URY,2021-01-31,2697.8,3074
Uruguay,URY,2021-02-28,2405,2541
Uruguay,URY,2021-03-31,2680.8,3065
Uruguay,URY,2021-04-30,2612.6,4442
Uruguay,URY,2021-05-31,3011.6,4792
Uruguay,URY,2021-06-30,3346.4,4448
Uruguay,URY,2021-07-31,3603.8,3713
Uruguay,URY,2021-08-31,3432,3379
Uruguay,URY,2021-09-30,3161.2,2949
Uruguay,URY,2021-10-31,2914.8,2959
Uruguay,URY,2021-11-30,2691.4,2785
Uruguay,URY,2021-12-31,2725.8,3021
Uruguay,URY,2022-01-31,2727.3,3769
Uruguay,URY,2022-02-28,2434.5,3654
Uruguay,URY,2022-03-31,2710.3,3032
Uruguay,URY,2022-04-30,2642.1,2895
Uruguay,URY,2022-05-31,3041.1,3307
Uruguay,URY,2022-06-30,3375.9,3970
Uruguay,URY,2022-07-31,3633.3,3799
Uruguay,URY,2022-08-31,3461.5,3419
Uruguay,URY,2022-09-30,3190.7,3003
Uruguay,URY,2022-10-31,2944.3,2978
Uruguay,URY,2022-11-30,2720.9,2658
Uruguay,URY,2022-12-31,2755.3,2838
Uruguay,URY,2023-01-31,2756.7,2867
Uruguay,URY,2023-02-28,2463.9,2428
Uruguay,URY,2023-03-31,2739.7,2681
Uruguay,URY,2023-04-30,2671.5,2777
Uruguay,URY,2023-05-31,3070.5,2997
Uruguay,URY,2023-06-30,3405.3,
Uruguay,URY,2023-07-31,3662.7,
Uruguay,URY,2023-08-31,3490.9,
Uruguay,URY,2023-09-30,3220.1,
Uruguay,URY,2023-10-31,2973.7,
Uruguay,URY,2023-11-30,2750.3,
Uruguay,URY,2023-12-31,2784.7,
Uzbekistan,UZB,2020-01-31,10308.6,11136
Uzbekistan,UZB,2020-02-29,13496.2,13693
Uzbekistan,UZB,2020-03-31,13591.2,12633
Uzbekistan,UZB,2020-04-30,13147.8,11613
Uzbekistan,UZB,2020-05-31,13023.2,11792
Uzbekistan,UZB,2020-06-30,12291.8,13787
Uzbekistan,UZB,2020-07-31,13861.6,17345
Uzbekistan,UZB,2020-08-31,12382.6,20706
Uzbekistan,UZB,2020-09-30,10987,13161
Uzbekistan,UZB,2020-10-31,12047.6,15629
Uzbekistan,UZB,2020-11-30,12960.2,14204
Uzbekistan,UZB,2020-12-31,18866.2,19938
Uzbekistan,UZB,2021-01-31,10351.9,11921
Uzbekistan,UZB,2021-02-28,13539.5,14702
Uzbekistan,UZB,2021-03-31,13634.5,13603
Uzbekistan,UZB,2021-04-30,13191.1,12432
Uzbekistan,UZB,2021-05-31,13066.5,12440
Uzbekistan,UZB,2021-06-30,12335.1,14629
Uzbekistan,UZB,2021-07-31,13904.9,17670
Uzbekistan,UZB,2021-08-31,12425.9,21208
Uzbekistan,UZB,2021-09-30,11030.3,13456
Uzbekistan,UZB,2021-10-31,12090.9,13701
Uzbekistan,UZB,2021-11-30,13003.5,12981
Uzbekistan,UZB,2021-12-31,18909.5,15797
Uzbekistan,UZB,2022-01-31,10395.1,11848
Uzbekistan,UZB,2022-02-28,13582.7,14612
Uzbekistan,UZB,2022-03-31,13677.7,13951
Uzbekistan,UZB,2022-04-30,13234.3,12762
Uzbekistan,UZB,2022-05-31,13109.7,12847
Uzbekistan,UZB,2022-06-30,12378.3,14817
Uzbekistan,UZB,2022-07-31,13948.1,17269
Uzbekistan,UZB,2022-08-31,12469.1,18771
Uzbekistan,UZB,2022-09-30,11073.5,13351
Uzbekistan,UZB,2022-10-31,12134.1,13602
Uzbekistan,UZB,2022-11-30,13046.7,12850
Uzbekistan,UZB,2022-12-31,18952.7,15395
Uzbekistan,UZB,2023-01-31,10438.4,10997
Uzbekistan,UZB,2023-02-28,13626,14888
Uzbekistan,UZB,2023-03-31,13721,13115
Uzbekistan,UZB,2023-04-30,13277.6,12911
Uzbekistan,UZB,2023-05-31,13153,13148
Uzbekistan,UZB,2023-06-30,12421.6,14563
Uzbekistan,UZB,2023-07-31,13991.4,17474
Uzbekistan,UZB,2023-08-31,12512.4,18877
Uzbekistan,UZB,2023-09-30,11116.8,13691
Uzbekistan,UZB,2023-10-31,12177.4,13789
Uzbekistan,UZB,2023-11-30,13090,13428
Uzbekistan,UZB,2023-12-31,18996,15876